Metrics/EpRet,Metrics/EpCost,Metrics/EpLen,Train/Epoch,Train/Entropy,Train/KL,Train/StopIter,Train/PolicyRatio,Train/PolicyRatio/Min,Train/PolicyRatio/Max,Train/PolicyRatio/Std,Train/LR,Train/PolicyStd,TotalEnvSteps,Loss/Loss_pi,Loss/Loss_pi/Delta,Value/Adv,Loss/Loss_reward_critic,Loss/Loss_reward_critic/Delta,Value/reward,Loss/Loss_cost_critic,Loss/Loss_cost_critic/Delta,Value/cost,Time/Total,Time/Rollout,Time/Update,Time/Epoch,Time/FPS,Misc/Alpha,Misc/FinalStepNorm,Misc/gradient_norm,Misc/xHx,Misc/H_inv_g,Misc/AcceptanceStep,Misc/cost_gradient_norm,Misc/A,Misc/B,Misc/q,Misc/r,Misc/s,Misc/Lambda_star,Misc/Nu_star,Misc/OptimCase
5.615270614624023,41.10769271850586,46.10769271850586,0.0,1.419338345527649,0.00036346784327179193,10.0,1.0023304224014282,1.0023304224014282,1.0023304224014282,0.00164782942738384,0.0,1.0005120038986206,3000.0,-0.01700042560696602,-0.01700042560696602,-1.4464060171803794e-08,1.8505682945251465,1.8505682945251465,0.015217919833958149,90.13365173339844,90.13365173339844,-0.0584888719022274,3.3492677211761475,2.783252716064453,0.5658385753631592,3.349100112915039,895.7631225585938,0.9460225105285645,0.7454110383987427,0.11799811571836472,0.02234739251434803,0.7428475618362427,1.0,0.4720074236392975,0.015473992563784122,-480.2256774902344,0.02234739251434803,0.06093788892030716,0.5402604937553406,0.0,0.19240368902683258,0.0
5.54721736907959,34.68000030517578,41.13999938964844,1.0,1.430105209350586,0.00026809945120476186,10.0,1.001648187637329,1.001648187637329,1.001648187637329,0.0009787366725504398,0.0,1.0116928815841675,6000.0,-0.013218924403190613,0.003781501203775406,-1.3510386587256562e-08,2.9300737380981445,1.079505443572998,0.9894397854804993,50.987125396728516,-39.14652633666992,6.1429667472839355,6.761356353759766,2.845620632171631,0.5583064556121826,3.403935432434082,881.3328857421875,0.904903769493103,0.5259143114089966,0.13257986307144165,0.024424463510513306,0.6284151077270508,2.0,0.8179705739021301,0.015214435756206512,-101.28700256347656,0.024424463510513306,0.09229668974876404,0.9249352216720581,0.0,0.14704807102680206,0.0
4.236041069030762,23.56999969482422,28.93000030517578,2.0,1.4219598770141602,0.000182251344085671,10.0,0.9991538524627686,0.9991538524627686,0.9991538524627686,0.0005983166629448533,0.0,1.003637433052063,9000.0,-0.004659668076783419,0.008559256326407194,3.496805733860242e-09,2.0589375495910645,-0.8711361885070801,1.5891201496124268,16.521791458129883,-34.46533393859863,11.742607116699219,10.623214721679688,3.30094575881958,0.5527853965759277,3.8537399768829346,778.464599609375,0.7385523319244385,0.6435925960540771,0.14984463155269623,0.03666631877422333,0.8714244961738586,1.0,0.8069924712181091,0.024978386238217354,-2.510241985321045,0.03666631877422333,0.09719052910804749,0.8081839084625244,1.354000210762024,0.0,3.0
6.1572136878967285,31.739999771118164,37.939998626708984,3.0,1.4181255102157593,0.0003715257334988564,10.0,1.0011978149414062,1.0011978149414062,1.0011978149414062,0.0008469830499961972,0.0,1.000170350074768,12000.0,-0.020905854180455208,-0.01624618610367179,1.5894572769070692e-08,2.6404874324798584,0.581549882888794,1.5433341264724731,29.264772415161133,12.74298095703125,12.534542083740234,14.043919563293457,2.857948064804077,0.5533452033996582,3.411301374435425,879.4298706054688,0.8190992474555969,0.7012364268302917,0.1260291039943695,0.02980964444577694,0.7737360596656799,1.0,0.7739383578300476,0.014325267635285854,-38.26934814453125,0.02980964444577694,0.13554008305072784,1.1864290237426758,0.0,0.12983569502830505,0.0
4.426450729370117,24.520000457763672,29.700000762939453,4.0,1.4122061729431152,0.0002629498776514083,10.0,1.0016201734542847,1.0016201734542847,1.0016201734542847,0.0011456075590103865,0.0,0.9940587878227234,15000.0,0.00034950021654367447,0.021255354396998882,0.0,2.0663094520568848,-0.5741779804229736,1.6921900510787964,11.417562484741211,-17.847209930419922,14.302687644958496,17.86852264404297,3.2631118297576904,0.5534882545471191,3.816610097885132,786.0380249023438,0.7279639840126038,0.6688457131385803,0.13586348295211792,0.037740711122751236,0.9187895059585571,1.0,0.8437729477882385,0.020054368302226067,-0.224969744682312,0.037740711122751236,0.12897443771362305,0.9405225515365601,1.3736943006515503,0.0,3.0
4.547536849975586,25.469999313354492,32.279998779296875,5.0,1.4070662260055542,0.0004132228496018797,10.0,0.9997970461845398,0.9997970461845398,0.9997970461845398,0.00014355216990225017,0.0,0.9887569546699524,18000.0,-0.03163587301969528,-0.031985373236238956,9.536743617033494e-10,2.9776394367218018,0.911329984664917,1.2877988815307617,13.647870063781738,2.2303075790405273,13.721760749816895,21.55533790588379,3.124738931655884,0.554058313369751,3.6788063049316406,815.4819946289062,0.7403173446655273,0.5040459632873535,0.12359452992677689,0.03649169206619263,0.7199530005455017,1.0,1.162490725517273,0.024940788745880127,-0.13370737433433533,0.03649169206619263,0.12884211540222168,1.437142252922058,0.0,0.11796824634075165,0.0
4.088319301605225,22.15999984741211,28.459999084472656,6.0,1.3936524391174316,0.000337456091074273,10.0,1.0025831460952759,1.0025831460952759,1.0025831460952759,0.0018265882972627878,0.0,0.9755147099494934,21000.0,0.002695845440030098,0.03433171845972538,1.589457176986997e-10,1.98861563205719,-0.9890238046646118,1.3174560070037842,13.699849128723145,0.05197906494140625,14.010039329528809,25.48885154724121,3.370131254196167,0.5556788444519043,3.9258203506469727,764.1716918945312,0.5586387515068054,0.5059388279914856,0.2146993726491928,0.0640866830945015,0.9056635499000549,1.0,0.9424728751182556,0.023325257003307343,-6.826632976531982,0.0640866830945015,0.21913135051727295,1.1780389547348022,1.7900655269622803,0.0,3.0
4.317910671234131,23.829999923706055,29.979999542236328,7.0,1.381967544555664,0.0003675682528410107,10.0,0.9991475939750671,0.9991475939750671,0.9991475939750671,0.0006027280469425023,0.0,0.9638524055480957,24000.0,-0.004763185046613216,-0.007459030486643314,8.185704558627549e-09,2.2145981788635254,0.22598254680633545,1.206372618675232,10.803800582885742,-2.8960485458374023,13.644512176513672,29.302967071533203,3.2522900104522705,0.5535430908203125,3.805842161178589,788.2619018554688,0.5970053672790527,0.4711853563785553,0.2774912714958191,0.056114278733730316,0.7892481088638306,1.0,1.0229735374450684,0.0321727879345417,-1.656511664390564,0.056114278733730316,0.13981643319129944,0.8165169954299927,1.675026774406433,0.0,3.0
4.779566764831543,26.020000457763672,31.510000228881836,8.0,1.3919867277145386,0.00027252009022049606,10.0,1.001993179321289,1.001993179321289,1.001993179321289,0.0014093905920162797,0.0,0.9734945893287659,27000.0,-0.01577450893819332,-0.011011323891580105,-7.311502958629035e-09,1.7979027032852173,-0.4166954755783081,1.317112922668457,10.519197463989258,-0.2846031188964844,13.08188533782959,33.07166290283203,3.2069754600524902,0.5539453029632568,3.760930061340332,797.6751098632812,0.7117894291877747,0.7750676274299622,0.1891353577375412,0.039475422352552414,0.7666640877723694,1.0,0.5554261207580566,0.021692944690585136,-1.4361798763275146,0.039475422352552414,0.11271689832210541,0.7144728899002075,0.0,0.16731008887290955,0.0
4.217071533203125,25.139999389648438,29.290000915527344,9.0,1.4011045694351196,0.0004112714377697557,10.0,0.9983415603637695,0.9983415603637695,0.9983415603637695,0.0011727220844477415,0.0,0.9825029373168945,30000.0,-0.01349346898496151,0.0022810399532318115,-2.543131483179195e-09,1.660906434059143,-0.13699626922607422,1.183655023574829,11.34512710571289,0.8259296417236328,13.962526321411133,36.92667007446289,3.2888894081115723,0.5582776069641113,3.8471760749816895,779.7929077148438,0.6098588109016418,0.6567087769508362,0.20438776910305023,0.053773872554302216,0.8573551774024963,1.0,0.7191957831382751,0.01952778548002243,-0.001722041517496109,0.053773872554302216,0.17578479647636414,0.9023014307022095,0.0,0.1488809585571289,0.0
3.6439197063446045,21.350000381469727,26.010000228881836,10.0,1.3915905952453613,0.00024121638853102922,10.0,0.9991280436515808,0.9991280436515808,0.9991280436515808,0.0006165803060866892,0.0,0.9731553196907043,33000.0,-0.00014799553900957108,0.013345473445951939,8.265176987265477e-09,1.417981505393982,-0.24292492866516113,1.0987366437911987,9.64030647277832,-1.7048206329345703,13.412363052368164,40.9788703918457,3.486581563949585,0.5568490028381348,4.0434393882751465,741.9426879882812,0.48076131939888,0.5601279735565186,0.2668205201625824,0.08653084188699722,1.1650851964950562,1.0,0.7139052748680115,0.04691731929779053,-11.529430389404297,0.08653084188699722,0.21376384794712067,1.153519868850708,2.0800342559814453,0.0,3.0
4.568641185760498,23.84000015258789,29.3799991607666,11.0,1.3649334907531738,0.0003189783892594278,10.0,0.9993104934692383,0.9993104934692383,0.9993104934692383,0.00048758284538052976,0.0,0.9475510716438293,36000.0,-0.0025097327306866646,-0.0023617371916770935,-5.7220459481754915e-09,1.5473419427871704,0.12936043739318848,0.9651772379875183,11.481949806213379,1.8416433334350586,12.540111541748047,44.84064483642578,3.302480936050415,0.5512778759002686,3.853767156600952,778.4591674804688,0.6555957198143005,0.6095801591873169,0.16931456327438354,0.04653263837099075,0.9298110008239746,1.0,0.7222537398338318,0.027519410476088524,-1.7211840152740479,0.04653263837099075,0.12121699750423431,0.772807240486145,1.5253303050994873,0.0,3.0
5.14445686340332,25.309999465942383,31.399999618530273,12.0,1.367776870727539,0.00033634668216109276,10.0,1.00397527217865,1.00397527217865,1.00397527217865,0.0028108577243983746,0.0,0.9501765370368958,39000.0,-0.00927405059337616,-0.006764317862689495,3.019968719542021e-09,2.2292563915252686,0.6819144487380981,1.227615237236023,8.175570487976074,-3.3063793182373047,13.074880599975586,48.598751068115234,3.1906657218933105,0.5596258640289307,3.750300407409668,799.9360961914062,0.7027671933174133,0.8096091747283936,0.1585262566804886,0.04049551486968994,0.7185165286064148,1.0,0.3935341238975525,0.028125517070293427,-0.2421455830335617,0.04049551486968994,0.06734021008014679,0.36658892035484314,0.0,0.23357445001602173,0.0
3.994830369949341,23.219999313354492,27.950000762939453,13.0,1.3663239479064941,0.00027993464027531445,10.0,0.9935052990913391,0.9935052990913391,0.9935052990913391,0.004592461045831442,0.0,0.9487802386283875,42000.0,-0.008874015882611275,0.00040003471076488495,-3.814697446813398e-09,1.8956764936447144,-0.3335798978805542,1.1754056215286255,11.059569358825684,2.8839988708496094,12.914067268371582,52.54072189331055,3.378659963607788,0.5553946495056152,3.9340643882751465,762.5702514648438,0.6800733208656311,0.618076741695404,0.2044820785522461,0.04324325546622276,0.9088383316993713,1.0,0.4521889090538025,0.03496050089597702,-4.590311050415039,0.04324325546622276,0.07544707506895065,0.6872426867485046,1.4704296588897705,0.0,3.0
4.3918280601501465,24.649999618530273,29.639999389648438,14.0,1.3619256019592285,0.0003655435284599662,10.0,0.9992043375968933,0.9992043375968933,0.9992043375968933,0.0005626604543067515,0.0,0.9445989727973938,45000.0,0.006392989307641983,0.015267005190253258,4.291534239087014e-09,1.984143614768982,0.08846712112426758,1.3463557958602905,9.830492973327637,-1.2290763854980469,13.341824531555176,56.4339714050293,3.280322551727295,0.6051549911499023,3.8854870796203613,772.1040649414062,0.9491836428642273,0.6062142252922058,0.13721634447574615,0.022198790684342384,0.6386690139770508,1.0,0.7833998203277588,0.0068936217576265335,-0.1956939399242401,0.022198790684342384,0.09323278069496155,0.5679356455802917,1.0535368919372559,0.0,3.0
5.3933186531066895,24.920000076293945,31.6200008392334,15.0,1.370800256729126,1.7610194902317744e-07,10.0,1.0013045072555542,1.0013045072555542,1.0013045072555542,0.0016336822882294655,0.0,0.9531740546226501,48000.0,0.00812329538166523,0.0017303060740232468,1.1126199961353223e-09,2.7058000564575195,0.7216564416885376,1.3425694704055786,8.307674407958984,-1.5228185653686523,13.503969192504883,60.23922348022461,3.1706693172454834,0.6263840198516846,3.7970633506774902,790.0844116210938,0.8350428342819214,0.0,0.13676127791404724,0.02868219092488289,0.6199736595153809,0.0,0.6304185390472412,0.020495783537626266,0.0065785618498921394,0.02868219092488289,0.06247938051819801,0.47684818506240845,-0.7809931039810181,1.562463936011227e-08,2.0
5.739170551300049,28.40999984741211,33.619998931884766,16.0,1.3775640726089478,0.00035746765206567943,10.0,0.9994919896125793,0.9994919896125793,0.9994919896125793,0.0003592035500332713,0.0,0.9595353603363037,51000.0,-0.017879249528050423,-0.026002544909715652,4.450479984541289e-09,2.4040799140930176,-0.30172014236450195,1.2673189640045166,18.549633026123047,10.241958618164062,14.408720970153809,63.87275314331055,3.071159601211548,0.5546984672546387,3.6258671283721924,827.388427734375,0.9786373376846313,0.5164555311203003,0.13868525624275208,0.020882681012153625,0.5095372200012207,1.0,0.987088143825531,0.005944396369159222,-15.328556060791016,0.020882681012153625,0.10638268291950226,0.7576020956039429,0.0,0.16247794032096863,0.0
4.8528056144714355,27.639999389648438,32.2400016784668,17.0,1.3936821222305298,0.0002856776409316808,10.0,1.0001773834228516,1.0001773834228516,1.0001773834228516,0.00012537285510916263,0.0,0.9751172065734863,54000.0,-0.020453331992030144,-0.002574082463979721,-8.583068478174027e-09,2.0117313861846924,-0.3923485279083252,1.6342861652374268,22.02133560180664,3.4717025756835938,14.543343544006348,67.57560729980469,3.1381962299346924,0.5564861297607422,3.6946914196014404,811.9758911132812,0.6692901253700256,0.6296823024749756,0.1665031909942627,0.04464790225028992,0.7560218572616577,1.0,0.7452823519706726,0.01985243894159794,-5.508747577667236,0.04464790225028992,0.17679768800735474,1.2606104612350464,0.0,0.125957652926445,0.0
4.140912055969238,22.510000228881836,27.610000610351562,18.0,1.3898121118545532,0.00040914188139140606,10.0,1.0010980367660522,1.0010980367660522,1.0010980367660522,0.0007763449684716761,0.0,0.9714767336845398,57000.0,-0.015449789352715015,0.005003542639315128,8.106232129989621e-09,2.074568510055542,0.06283712387084961,1.3132421970367432,12.183549880981445,-9.837785720825195,14.073862075805664,71.56038665771484,3.415222406387329,0.5619421005249023,3.9771740436553955,754.3045043945312,0.5657161474227905,0.4447424113750458,0.2856942415237427,0.06249319761991501,0.7861582636833191,1.0,0.6316561698913574,0.04654756188392639,-9.076541900634766,0.06249319761991501,0.1042514443397522,0.6815885305404663,1.76767098903656,0.0,3.0
5.077291011810303,25.969999313354492,30.719999313354492,19.0,1.3988442420959473,0.0003352361964061856,10.0,1.0006800889968872,1.0006800889968872,1.0006800889968872,0.000480923627037555,0.0,0.980297863483429,60000.0,-0.021293330937623978,-0.005843541584908962,-2.543131483179195e-09,2.6081833839416504,0.5336148738861084,1.6174854040145874,20.324626922607422,8.141077041625977,14.905733108520508,75.38471221923828,3.2397890090942383,0.5767731666564941,3.8165714740753174,786.0458984375,0.8735319972038269,0.6647126078605652,0.1314105987548828,0.02621031366288662,0.5725637674331665,1.0,0.7021773457527161,0.008390655741095543,-0.9319158792495728,0.02621031366288662,0.13271555304527283,0.9884263277053833,0.0,0.14224691689014435,0.0
4.507565498352051,25.559999465942383,29.6200008392334,20.0,1.404282569885254,0.0003112195699941367,10.0,0.9997761845588684,0.9997761845588684,0.9997761845588684,0.00015821927809156477,0.0,0.9860184192657471,63000.0,-0.028248392045497894,-0.006955061107873917,-2.7020772286334704e-09,2.330066442489624,-0.27811694145202637,1.4263020753860474,16.600357055664062,-3.7242698669433594,14.423528671264648,79.24200439453125,3.2952375411987305,0.5541682243347168,3.849414825439453,779.33935546875,0.8094996809959412,0.6433183550834656,0.15853999555110931,0.030520841479301453,0.8293707966804504,1.0,0.9720146059989929,0.014832556247711182,-0.187760591506958,0.030520841479301453,0.15388411283493042,1.5094268321990967,0.0,0.1151089146733284,0.0
4.144631862640381,22.760000228881836,27.040000915527344,21.0,1.3933247327804565,0.0003251940361224115,10.0,1.0051651000976562,1.0051651000976562,1.0051651000976562,0.00365222105756402,0.0,0.9754183888435364,66000.0,0.013417571783065796,0.04166596382856369,-5.404154457266941e-09,1.606548547744751,-0.723517894744873,1.3997156620025635,22.69920539855957,6.098848342895508,14.730683326721191,83.26412200927734,3.459812879562378,0.5543479919433594,4.0141706466674805,747.3524780273438,0.6692397594451904,0.6233311295509338,0.1870296448469162,0.04465462267398834,0.9314018487930298,1.0,1.0593148469924927,0.004530742764472961,-3.255415916442871,0.04465462267398834,0.24792265892028809,1.5318968296051025,1.4942327737808228,0.0,3.0
4.880057334899902,23.889999389648438,29.270000457763672,22.0,1.3805948495864868,0.00038782882620580494,10.0,0.9955925941467285,0.9955925941467285,0.9955925941467285,0.0031165345571935177,0.0,0.9630491733551025,69000.0,0.0011480581015348434,-0.012269513681530952,-9.536743617033494e-10,2.222099781036377,0.615551233291626,1.1921392679214478,18.540245056152344,-4.158960342407227,14.731729507446289,87.15028381347656,3.319624185562134,0.5581927299499512,3.877826690673828,773.6293334960938,0.8147385120391846,0.5319626927375793,0.1797557771205902,0.03012959659099579,0.6529244780540466,1.0,0.5069446563720703,0.020305093377828598,-1.0697845220565796,0.03012959659099579,0.10539212822914124,1.130591630935669,1.2273876667022705,0.0,3.0
4.792996406555176,27.979999542236328,32.2599983215332,23.0,1.3761630058288574,0.00023307546507567167,10.0,0.9991040229797363,0.9991040229797363,0.9991040229797363,0.0006335513899102807,0.0,0.9587557911872864,72000.0,-0.026595715433359146,-0.02774377353489399,3.1789144649962964e-09,1.8771703243255615,-0.34492945671081543,1.7038110494613647,24.721330642700195,6.181085586547852,16.615726470947266,90.85832214355469,3.143887996673584,0.5561156272888184,3.7000129222869873,810.80810546875,0.5802271366119385,0.7555164098739624,0.18997563421726227,0.05940648540854454,0.9874740839004517,1.0,1.234408974647522,0.02097279578447342,-3.0270979404449463,0.05940648540854454,0.33467942476272583,2.9143784046173096,0.0,0.08284036815166473,0.0
5.138793468475342,21.760000228881836,28.389999389648438,24.0,1.3487313985824585,0.0003890531661454588,10.0,0.9993963241577148,0.9993963241577148,0.9993963241577148,0.0004268351767677814,0.0,0.9327132105827332,75000.0,-0.0005981968715786934,0.025997518561780453,0.0,2.5414280891418457,0.6642577648162842,1.3960613012313843,10.649553298950195,-14.07177734375,13.506839752197266,94.76870727539062,3.3464479446411133,0.555957555770874,3.9024150371551514,768.7548217773438,0.809080958366394,0.568606436252594,0.14757618308067322,0.030552439391613007,0.7027807235717773,1.0,0.6263027787208557,0.01957123354077339,-15.769248008728027,0.030552439391613007,0.08544551581144333,0.6648573875427246,1.2359702587127686,0.0,3.0
5.534791469573975,24.469999313354492,30.790000915527344,25.0,1.3332887887954712,0.0004142355464864522,10.0,0.9973884224891663,0.9973884224891663,0.9973884224891663,0.0018466500332579017,0.0,0.9182918667793274,78000.0,0.002857062965631485,0.0034552598372101784,5.404154457266941e-09,2.3545477390289307,-0.18688035011291504,1.4539883136749268,9.155814170837402,-1.493739128112793,13.110627174377441,98.54156494140625,3.2069764137268066,0.5580277442932129,3.7650129795074463,796.8101196289062,0.7406759858131409,0.48229092359542847,0.2374076396226883,0.036456361413002014,0.6511496901512146,1.0,1.0330018997192383,0.01301918737590313,-0.4049203395843506,0.036456361413002014,0.12447303533554077,0.6610667705535889,1.3501180410385132,0.0,3.0
5.997800827026367,26.079999923706055,33.09000015258789,26.0,1.3519283533096313,0.000348157569533214,10.0,0.9997808337211609,0.9997808337211609,0.9997808337211609,0.0001549880107631907,0.0,0.9354287981987,81000.0,-0.013337947428226471,-0.016195010393857956,2.2252399922706445e-09,2.4710121154785156,0.11646437644958496,1.7254807949066162,9.93631362915039,0.7804994583129883,13.3899507522583,102.21927642822266,3.11529278755188,0.554100751876831,3.669402599334717,817.5718994140625,0.7131409049034119,0.4791960120201111,0.20570409297943115,0.03932594507932663,0.5765708684921265,1.0,0.9358753561973572,0.018897872418165207,-2.0592262744903564,0.03932594507932663,0.10704997181892395,0.5609778165817261,0.0,0.18881745636463165,0.0
5.466868877410889,24.81999969482422,31.059999465942383,27.0,1.3511661291122437,0.00028321947320364416,10.0,1.0023131370544434,1.0023131370544434,1.0023131370544434,0.0014161609578877687,0.0,0.9345207214355469,84000.0,-0.012391187250614166,0.0009467601776123047,-8.265176987265477e-09,2.6457910537719727,0.17477893829345703,1.7291350364685059,8.442218780517578,-1.4940948486328125,13.903533935546875,106.03348541259766,3.248608112335205,0.5578353404998779,3.806452989578247,788.1353759765625,0.6552703380584717,0.4071643650531769,0.25093042850494385,0.04657886549830437,0.7767106890678406,2.0,0.664437472820282,0.02569589950144291,-0.053765568882226944,0.04657886549830437,0.09577286243438721,0.4392307698726654,1.5260876417160034,0.0,3.0
5.9501166343688965,25.139999389648438,31.940000534057617,28.0,1.3450103998184204,0.00031947519164532423,10.0,1.0052410364151,1.0052410364151,1.0052410364151,0.0037060005124658346,0.0,0.9287712574005127,87000.0,-0.015585429035127163,-0.0031942417845129967,9.377797205445404e-09,2.421586036682129,-0.22420501708984375,1.648556113243103,7.466224193572998,-0.9759945869445801,14.205498695373535,109.72511291503906,3.126154661178589,0.557234525680542,3.6833982467651367,814.4653930664062,0.8307065367698669,0.6556718349456787,0.14926816523075104,0.028982415795326233,0.6605633497238159,1.0,0.6221024990081787,0.020956864580512047,-0.02618267759680748,0.028982415795326233,0.058361176401376724,0.42439785599708557,0.0,0.21708430349826813,0.0
5.398101806640625,25.299999237060547,30.860000610351562,29.0,1.340712070465088,0.00030397268710657954,10.0,0.9959887862205505,0.9959887862205505,0.9959887862205505,0.0028363706078380346,0.0,0.924781322479248,90000.0,-0.0266654621809721,-0.011080033145844936,-6.675720420901143e-09,2.4283735752105713,0.006787538528442383,1.6875602006912231,13.294001579284668,5.82777738571167,13.182812690734863,113.49638366699219,3.2056877613067627,0.5575969219207764,3.7632946968078613,797.1739501953125,0.7841600179672241,0.7054029703140259,0.19116108119487762,0.032525233924388885,0.7455620169639587,1.0,0.6519879102706909,0.02899395488202572,-0.048243287950754166,0.032525233924388885,0.06824269890785217,1.3188042640686035,0.0,0.12314727902412415,0.0
5.35770320892334,23.850000381469727,29.719999313354492,30.0,1.3288465738296509,0.0003315479261800647,10.0,1.0010261535644531,1.0010261535644531,1.0010261535644531,0.0007256001699715853,0.0,0.9138854146003723,93000.0,0.01607418805360794,0.04273965023458004,-1.0808308914533882e-08,1.6226897239685059,-0.8056838512420654,1.5687135457992554,11.262955665588379,-2.031045913696289,13.528000831604004,117.37488555908203,3.314236879348755,0.5560975074768066,3.8703436851501465,775.1250610351562,0.6079633235931396,0.5095083117485046,0.26748761534690857,0.05410970374941826,0.8380576968193054,1.0,0.8562471866607666,0.03683380410075188,-0.40868130326271057,0.05410970374941826,0.230861097574234,3.085040330886841,1.6448360681533813,0.0,3.0
5.988329887390137,25.350000381469727,32.56999969482422,31.0,1.3282464742660522,0.0002885235589928925,10.0,1.0003172159194946,1.0003172159194946,1.0003172159194946,0.000224277435336262,0.0,0.9133062958717346,96000.0,-0.03264939785003662,-0.04872358590364456,-1.1126199961353223e-09,2.08027720451355,0.45758748054504395,1.628520131111145,11.037003517150879,-0.2259521484375,13.766549110412598,121.0760269165039,3.13350772857666,0.5597014427185059,3.69321870803833,812.2996826171875,0.8397623300552368,0.6979755759239197,0.17120429873466492,0.02836070954799652,0.6585773825645447,1.0,0.7477008700370789,0.02532438561320305,-0.0923512727022171,0.02836070954799652,0.05753784626722336,1.0903327465057373,0.0,0.13543641567230225,0.0
5.229768753051758,24.579999923706055,30.0,32.0,1.3164246082305908,0.0003157353785354644,10.0,0.9977073669433594,0.9977073669433594,0.9977073669433594,0.0013345764018595219,0.0,0.9026244282722473,99000.0,-0.011626879684627056,0.021022518165409565,1.2715657415895976e-09,2.012007713317871,-0.06826949119567871,1.6089115142822266,8.529423713684082,-2.507579803466797,13.766669273376465,124.91157531738281,3.263969659805298,0.5635762214660645,3.8275554180145264,783.7901611328125,0.7379451990127563,0.3664392828941345,0.24474671483039856,0.03672667592763901,0.6207086443901062,2.0,0.5516624450683594,0.02833235263824463,-0.26047223806381226,0.03672667592763901,0.07266031205654144,0.6289394497871399,1.355114221572876,0.0,3.0
6.065812587738037,25.350000381469727,31.079999923706055,33.0,1.3257797956466675,0.000353877228917554,10.0,0.9979696273803711,0.9979696273803711,0.9979696273803711,0.0014356902102008462,0.0,0.9112326502799988,102000.0,-0.003298688679933548,0.008328191004693508,7.311502958629035e-09,1.8433653116226196,-0.16864240169525146,1.5750285387039185,7.519965648651123,-1.009458065032959,13.894413948059082,128.67266845703125,3.1974828243255615,0.5557503700256348,3.753243923187256,799.3086547851562,0.6332473754882812,0.6144835948944092,0.20497821271419525,0.04987502098083496,0.8308707475662231,1.0,0.5669263005256653,0.018254362046718597,-0.26004713773727417,0.04987502098083496,0.11760841310024261,0.437427282333374,0.0,0.2138267606496811,0.0
4.763888359069824,23.670000076293945,28.229999542236328,34.0,1.3115025758743286,0.000364519510185346,10.0,1.0001558065414429,1.0001558065414429,1.0001558065414429,0.00011019996600225568,0.0,0.8983977437019348,105000.0,-0.006540530826896429,-0.003241842146962881,7.629394893626795e-09,1.6367615461349487,-0.2066037654876709,1.567878246307373,7.248472690582275,-0.27149295806884766,13.560619354248047,132.58750915527344,3.352325439453125,0.5545618534088135,3.9068963527679443,767.873046875,0.7958560585975647,0.5079919099807739,0.16859939694404602,0.03157626464962959,0.6382963061332703,1.0,0.41679057478904724,0.020652102306485176,-3.8174755573272705,0.03157626464962959,0.07096151262521744,0.4609540104866028,1.2565085887908936,0.0,3.0
6.022589206695557,23.860000610351562,31.40999984741211,35.0,1.2734586000442505,0.00040189738501794636,10.0,0.995572566986084,0.995572566986084,0.995572566986084,0.0031306399032473564,0.0,0.8649709224700928,108000.0,-0.007577961776405573,-0.0010374309495091438,9.695688696353955e-09,2.4840970039367676,0.8473354578018188,1.5404306650161743,4.718923091888428,-2.5295495986938477,13.463335037231445,136.3006591796875,3.1519856452941895,0.553504228591919,3.7054991722106934,809.6076049804688,0.7431884407997131,0.41767606139183044,0.21524496376514435,0.036210283637046814,0.5620055198669434,1.0,0.6435150504112244,0.02410544827580452,-4.131344318389893,0.036210283637046814,0.06155873462557793,0.3130548596382141,1.3455537557601929,0.0,3.0
6.94476318359375,27.09000015258789,34.060001373291016,36.0,1.2607074975967407,0.0003463467874098569,10.0,0.9991804957389832,0.9991804957389832,0.9991804957389832,0.0005794629687443376,0.0,0.8538181781768799,111000.0,-0.021062757819890976,-0.013484796043485403,-2.8769175486331733e-08,2.354074001312256,-0.13002300262451172,1.6198989152908325,10.911101341247559,6.192178249359131,14.577330589294434,139.93182373046875,3.0673069953918457,0.5559256076812744,3.6232411861419678,827.988037109375,0.6811336874961853,0.648964524269104,0.21595552563667297,0.04310872033238411,0.8205466270446777,1.0,0.6706992387771606,0.0368904247879982,-2.9301791191101074,0.04310872033238411,0.0959528461098671,1.4806221723556519,0.0,0.11622320860624313,0.0
7.039679050445557,23.940000534057617,31.860000610351562,37.0,1.234529972076416,0.0004114917537663132,10.0,0.9978458285331726,0.9978458285331726,0.9978458285331726,0.0015232713194563985,0.0,0.8319096565246582,114000.0,-0.010492837056517601,0.010569920763373375,1.5894572324981482e-09,2.6433725357055664,0.28929853439331055,1.9723840951919556,3.9104909896850586,-7.0006103515625,13.640055656433105,143.6851348876953,3.190253496170044,0.5554351806640625,3.7456979751586914,800.9189453125,0.8319480419158936,0.4828910529613495,0.2171286940574646,0.02889598160982132,0.5804340839385986,1.0,0.6216566562652588,0.023419365286827087,-5.228724956512451,0.02889598160982132,0.03424008935689926,0.21407079696655273,1.2019981145858765,0.0,3.0
7.645673751831055,25.18000030517578,34.77000045776367,38.0,1.22844398021698,0.00024761908571235836,10.0,1.0002670288085938,1.0002670288085938,1.0002670288085938,0.0001887616963358596,0.0,0.8267012238502502,117000.0,-0.014869973994791508,-0.004377136938273907,-2.8610229740877458e-09,2.33595609664917,-0.3074164390563965,2.253981828689575,6.714316368103027,2.8038253784179688,13.430018424987793,147.2684783935547,3.0216004848480225,0.5538501739501953,3.5754597187042236,839.052978515625,0.6888651251792908,0.5254805088043213,0.2951195538043976,0.04214650020003319,0.7191390991210938,1.0,0.7636703252792358,0.038774117827415466,-0.050586264580488205,0.04214650020003319,0.03934427723288536,0.459014356136322,0.0,0.20873814821243286,0.0
7.858591079711914,23.639999389648438,34.90999984741211,39.0,1.2187024354934692,0.00028088962426409125,10.0,0.9958091974258423,0.9958091974258423,0.9958091974258423,0.002506539225578308,0.0,0.8188031315803528,120000.0,-0.01761157438158989,-0.002741600386798382,1.5894572324981482e-09,2.180642604827881,-0.15531349182128906,2.5057358741760254,6.225271701812744,-0.4890446662902832,13.664037704467773,150.89549255371094,3.058490753173828,0.5604979991912842,3.6189985275268555,828.9588012695312,0.8223564028739929,0.46605387330055237,0.16258396208286285,0.029573973268270493,0.7084123492240906,2.0,0.5972160696983337,0.029557494446635246,-5.305304050445557,0.029573973268270493,-0.0023924289271235466,0.3473231792449951,1.216017723083496,0.0,3.0
8.1487455368042,28.530000686645508,38.619998931884766,40.0,1.2162724733352661,0.0002876834769267589,10.0,0.9958899021148682,0.9958899021148682,0.9958899021148682,0.0024541039019823074,0.0,0.8167837858200073,123000.0,-0.017127785831689835,0.00048378854990005493,2.7020772286334704e-09,2.169708490371704,-0.010934114456176758,2.7395310401916504,15.001813888549805,8.77654218673706,15.424116134643555,154.3563232421875,2.894697904586792,0.5584316253662109,3.4531381130218506,868.7750854492188,0.5862025618553162,0.4911442995071411,0.36949193477630615,0.058201536536216736,0.8765347599983215,2.0,0.9072612524032593,0.0455506294965744,-6.747017860412598,0.058201536536216736,0.15262895822525024,1.8414175510406494,0.0,0.10421706736087799,0.0
6.636548042297363,26.43000030517578,35.20000076293945,41.0,1.221481442451477,0.000371404952602461,10.0,1.0039438009262085,1.0039438009262085,1.0039438009262085,0.0027886040043085814,0.0,0.821113109588623,126000.0,-0.04532105103135109,-0.028193265199661255,-6.039937439084042e-09,1.9758518934249878,-0.1938565969467163,2.3646950721740723,9.91296672821045,-5.0888471603393555,14.186799049377441,157.9390869140625,3.0141212940216064,0.5603616237640381,3.5744919776916504,839.2803344726562,0.6147287487983704,0.5983921885490417,0.3252445161342621,0.052925243973731995,0.8011727929115295,1.0,1.064684271812439,0.05101471394300461,-2.2415475845336914,0.052925243973731995,0.041563332080841064,0.904204249382019,0.0,0.14872422814369202,0.0
7.45340633392334,25.6299991607666,36.220001220703125,42.0,1.228122591972351,0.00026343960780650377,10.0,1.0025413036346436,1.0025413036346436,1.0025413036346436,0.0015363638522103429,0.0,0.8266984224319458,129000.0,-0.015909777954220772,0.029411273077130318,-1.5497207073167374e-08,2.2874624729156494,0.3116105794906616,2.4320030212402344,5.093855857849121,-4.819110870361328,14.29633617401123,161.5001220703125,2.9908111095428467,0.562424898147583,3.5532469749450684,844.2982788085938,0.5757583379745483,0.3023645281791687,0.36515745520591736,0.06033223122358322,0.734434187412262,2.0,0.8026542663574219,0.05883672088384628,-1.4050103425979614,0.06033223122358322,-0.02040918916463852,0.2785235643386841,0.0,0.26796865463256836,0.0
7.305751800537109,25.440000534057617,34.880001068115234,43.0,1.2189747095108032,0.0003896706330124289,10.0,1.0008755922317505,1.0008755922317505,1.0008755922317505,0.0006191653083078563,0.0,0.8189735412597656,132000.0,-0.015478302724659443,0.0004314752295613289,2.7020772286334704e-09,1.9842625856399536,-0.3031998872756958,2.4038515090942383,7.762557029724121,2.668701171875,13.916631698608398,165.1065673828125,3.0426361560821533,0.555992603302002,3.598637580871582,833.64892578125,0.7350041270256042,0.46949058771133423,0.321644127368927,0.03702118247747421,0.5785485506057739,1.0,0.7902519106864929,0.033799633383750916,-0.3317585587501526,0.03702118247747421,0.042107872664928436,0.5503788590431213,0.0,0.19062687456607819,0.0
5.885001182556152,23.459999084472656,31.8700008392334,44.0,1.2093183994293213,0.00027022798894904554,10.0,0.9987841844558716,0.9987841844558716,0.9987841844558716,0.0007100969669409096,0.0,0.8109750747680664,135000.0,-0.014180752448737621,0.0012975502759218216,-4.291534239087014e-09,1.9850298166275024,0.0007672309875488281,2.0681912899017334,5.3710808753967285,-2.3914761543273926,13.293265342712402,168.85586547851562,3.1818909645080566,0.5597093105316162,3.7416093349456787,801.7941284179688,0.7769493460655212,0.3350437581539154,0.2939269244670868,0.03313175588846207,0.5390372276306152,2.0,0.8916704654693604,0.03149810805916786,-3.9320785999298096,0.03313175588846207,0.0313103012740612,0.600089967250824,1.2870851755142212,0.0,3.0
7.143136501312256,23.860000610351562,33.939998626708984,45.0,1.1967277526855469,0.00029587672906927764,10.0,0.997892439365387,0.997892439365387,0.997892439365387,0.001264537451788783,0.0,0.8010381460189819,138000.0,-0.020002655684947968,-0.005821903236210346,7.947286162490741e-10,1.8268243074417114,-0.15820550918579102,2.242645263671875,3.2775723934173584,-2.09350848197937,13.900230407714844,172.45095825195312,3.028623104095459,0.558704137802124,3.587336540222168,836.275146484375,0.6417803168296814,0.30923089385032654,0.2911405861377716,0.0485575869679451,0.6022910475730896,2.0,0.7317012548446655,0.04179462790489197,-9.470566749572754,0.0485575869679451,0.030431751161813736,0.13693580031394958,1.5581655502319336,0.0,3.0
8.100261688232422,25.8700008392334,35.97999954223633,46.0,1.1976385116577148,0.00033105898182839155,10.0,1.0836130380630493,1.0836130380630493,1.0836130380630493,0.059123434126377106,0.0,0.8016247749328613,141000.0,-0.36904025077819824,-0.3490375950932503,-6.993611467720484e-09,1.863190770149231,0.03636646270751953,2.3898963928222656,5.333292484283447,2.055720090866089,13.619508743286133,176.03981018066406,3.023858070373535,0.557201623916626,3.5810704231262207,837.738525390625,0.6315866708755493,0.5639533996582031,0.43329891562461853,0.05013764649629593,0.5868929028511047,1.0,0.8779882192611694,0.04865895211696625,-1.2374153137207031,0.05013764649629593,0.0298345685005188,0.6019502878189087,0.0,0.18227818608283997,0.0
7.255090713500977,24.860000610351562,34.400001525878906,47.0,1.1823097467422485,0.00029071810422465205,10.0,1.0010883808135986,1.0010883808135986,1.0010883808135986,0.0006689464789815247,0.0,0.7894290685653687,144000.0,-0.021713653579354286,0.34732659719884396,3.1789144649962964e-09,1.6365512609481812,-0.2266395092010498,2.3659112453460693,4.3591413497924805,-0.9741511344909668,13.949579238891602,179.69937133789062,3.0924856662750244,0.5593197345733643,3.6518144607543945,821.509521484375,0.6304306387901306,0.29006072878837585,0.3527143895626068,0.05032169818878174,0.5751241445541382,2.0,0.6593475341796875,0.050138331949710846,-0.08757984638214111,0.05032169818878174,0.005779886618256569,0.18218865990638733,1.5862172842025757,0.0,3.0
8.138586044311523,25.3700008392334,37.18000030517578,48.0,1.1748133897781372,0.0003661769151221961,10.0,0.9954177737236023,0.9954177737236023,0.9954177737236023,0.0032401655334979296,0.0,0.7834857106208801,147000.0,-0.017086515203118324,0.004627138376235962,-8.662541794990375e-09,1.9637657403945923,0.32721447944641113,2.51963472366333,6.681182384490967,2.3220410346984863,14.189637184143066,183.22633361816406,2.963282346725464,0.556114673614502,3.51940655708313,852.4165649414062,0.5879523754119873,0.39968183636665344,0.5087490081787109,0.05785563215613365,0.6184197664260864,1.0,0.7816635370254517,0.057632509618997574,-0.31194645166397095,0.05785563215613365,0.009592674672603607,0.41241776943206787,0.0,0.22021469473838806,0.0
8.314554214477539,24.479999542236328,36.61000061035156,49.0,1.1542938947677612,0.0002996863331645727,10.0,0.9951615929603577,0.9951615929603577,0.9951615929603577,0.0028551185969263315,0.0,0.7676849961280823,150000.0,-0.018231714144349098,-0.001145198941230774,-7.073084340447622e-09,3.4177680015563965,1.4540022611618042,3.2149500846862793,4.600936412811279,-2.0802459716796875,14.024093627929688,186.7452392578125,2.950667142868042,0.560326337814331,3.511002779006958,854.456787109375,0.7940825819969177,0.26933926343917847,0.3328343331813812,0.03171746805310249,0.4239787757396698,2.0,0.8377345204353333,0.030175259336829185,-1.2610700130462646,0.03171746805310249,-0.018042178824543953,0.21107390522956848,1.2593148946762085,0.0,3.0
9.545208930969238,25.65999984741211,38.970001220703125,50.0,1.1556912660598755,0.00037819318822585046,10.0,1.0028740167617798,1.0028740167617798,1.0028740167617798,0.0020322648342698812,0.0,0.7686166167259216,153000.0,-0.01927582174539566,-0.0010441076010465622,5.4836273299940785e-09,1.878071665763855,-1.5396963357925415,2.9709866046905518,4.8475117683410645,0.24657535552978516,13.714963912963867,190.2457733154297,2.937645435333252,0.5550501346588135,3.4927048683166504,858.9332885742188,0.5596733093261719,0.3924190402030945,0.3626963198184967,0.06384997814893723,0.6396408677101135,1.0,0.7158385515213013,0.06262953579425812,-1.5083000659942627,0.06384997814893723,-0.01865083910524845,0.28502243757247925,0.0,0.26489606499671936,0.0
8.016902923583984,25.06999969482422,35.56999969482422,51.0,1.1585630178451538,0.00041335096466355026,10.0,0.9928414821624756,0.9928414821624756,0.9928414821624756,0.005061836447566748,0.0,0.7708351016044617,156000.0,-0.011451661586761475,0.007824160158634186,5.563100202721216e-09,2.462462902069092,0.5843912363052368,2.8493735790252686,4.185816287994385,-0.6616954803466797,14.008895874023438,193.882080078125,3.07317852973938,0.5555808544158936,3.628769636154175,826.7266235351562,0.5757652521133423,0.3189017176628113,0.23908986151218414,0.06033078581094742,0.7107868790626526,1.0,0.853482186794281,0.059947557747364044,-0.010152915492653847,0.06033078581094742,0.00789150595664978,0.16250358521938324,0.0,0.35081931948661804,0.0
7.785075664520264,22.68000030517578,35.689998626708984,52.0,1.1374518871307373,0.00029505675774998963,10.0,0.9996621608734131,0.9996621608734131,0.9996621608734131,0.00019507308024913073,0.0,0.7552620768547058,159000.0,-0.024188395589590073,-0.012736734002828598,-5.404154457266941e-09,2.654418468475342,0.19195556640625,3.147461175918579,3.7435379028320312,-0.4422783851623535,14.07579517364502,197.4537811279297,3.002692699432373,0.560309886932373,3.563011407852173,841.9844970703125,0.5919826030731201,0.2890905737876892,0.3194805979728699,0.057070542126894,0.6104288697242737,2.0,0.6808708310127258,0.056302234530448914,-47.43056869506836,0.057070542126894,0.009335450828075409,0.11343168467283249,1.6892387866973877,0.0,3.0
8.59792709350586,23.729999542236328,36.45000076293945,53.0,1.1334365606307983,0.00040658446960151196,10.0,0.9986327290534973,0.9986327290534973,0.9986327290534973,0.0009668205748312175,0.0,0.7520518898963928,162000.0,-0.024989863857626915,-0.0008014682680368423,-1.1126200405442432e-08,2.324157238006592,-0.33026123046875,2.983711004257202,5.9389448165893555,2.195406913757324,13.916032791137695,201.00257873535156,2.9773061275482178,0.5630135536193848,3.5403294563293457,847.37890625,0.6216773986816406,0.35821205377578735,0.3272763192653656,0.05174873024225235,0.5762024521827698,1.0,0.9512228965759277,0.0517459474503994,-3.440690279006958,0.05174873024225235,0.0011389050632715225,0.4660634696483612,1.608551263809204,0.0,3.0
12.833242416381836,25.440000534057617,44.33000183105469,54.0,1.1315981149673462,0.00026506054564379156,10.0,1.0006537437438965,1.0006537437438965,1.0006537437438965,0.00042138408753089607,0.0,0.750603437423706,165000.0,-0.0146182207390666,0.010371643118560314,1.5894572324981482e-09,4.184517860412598,1.8603606224060059,5.009037017822266,6.64271879196167,0.7037739753723145,14.8946533203125,204.25929260253906,2.6827890872955322,0.5658888816833496,3.2486870288848877,923.4500732421875,0.7348582148551941,0.32357102632522583,0.25621894001960754,0.03703588619828224,0.4288673996925354,2.0,0.4957379996776581,0.03703511878848076,-0.36828362941741943,0.03703588619828224,-0.0006190231069922447,0.49860578775405884,0.0,0.20027942955493927,0.0
13.780540466308594,26.350000381469727,45.400001525878906,55.0,1.1230448484420776,0.00039542667218483984,10.0,0.9986761212348938,0.9986761212348938,0.9986761212348938,0.0009360815165564418,0.0,0.7442119717597961,168000.0,-0.018268615007400513,-0.003650394268333912,-1.1920929132713809e-08,3.7131640911102295,-0.47135376930236816,4.897821426391602,8.819622993469238,2.1769042015075684,14.333346366882324,207.67535400390625,2.842714786529541,0.5656991004943848,3.40842342376709,880.1724853515625,0.6320505142211914,0.3553096652030945,0.2682480812072754,0.0500640869140625,0.5718497633934021,1.0,0.9258748292922974,0.0468863770365715,-3.7435317039489746,0.0500640869140625,-0.03922772407531738,0.4842528700828552,0.0,0.20322582125663757,0.0
10.996508598327637,23.510000228881836,40.47999954223633,56.0,1.1091595888137817,0.0002698624157346785,10.0,0.999501645565033,0.999501645565033,0.999501645565033,0.0003109938988927752,0.0,0.7338047623634338,171000.0,-0.03246264159679413,-0.014194026589393616,3.019968719542021e-09,2.9224042892456055,-0.790759801864624,4.94515323638916,6.258681774139404,-2.560941219329834,14.778576850891113,211.07516479492188,2.831242799758911,0.5609209537506104,3.3921735286712646,884.3888549804688,0.4671321511268616,0.2827029824256897,0.5291112065315247,0.09165379405021667,0.7564854621887207,2.0,0.647688090801239,0.08746370673179626,-4.782099723815918,0.09165379405021667,-0.04401310160756111,0.46231842041015625,2.1407217979431152,0.0,3.0
11.93901252746582,27.5,44.33000183105469,57.0,1.1102107763290405,0.0003899022995028645,10.0,1.0032237768173218,1.0032237768173218,1.0032237768173218,0.0022795824334025383,0.0,0.7345622181892395,174000.0,-0.014761191792786121,0.017701449804008007,2.543131483179195e-09,3.0687408447265625,0.14633655548095703,5.107649326324463,13.190875053405762,6.932193279266357,14.100549697875977,214.35784912109375,2.718902587890625,0.5558474063873291,3.274758815765381,916.09814453125,0.5530744194984436,0.32975339889526367,0.4559990465641022,0.0653826892375946,0.5526196956634521,1.0,1.1401522159576416,0.06083456426858902,-13.233356475830078,0.0653826892375946,0.046311959624290466,0.4715786576271057,0.0,0.2059386819601059,0.0
16.437490463256836,27.170000076293945,50.68000030517578,58.0,1.1096062660217285,0.00034099037293344736,10.0,1.00629723072052,1.00629723072052,1.00629723072052,0.004452842753380537,0.0,0.7341483235359192,177000.0,-0.059634730219841,-0.04487353842705488,2.6226043559063328e-09,5.21950101852417,2.1507601737976074,8.13183879852295,10.621560096740723,-2.569314956665039,14.13278865814209,217.5855712890625,2.660914421081543,0.5588173866271973,3.2197422981262207,931.751708984375,0.7464827299118042,0.4587871730327606,0.4217763841152191,0.035891395062208176,0.3556380569934845,1.0,0.7766974568367004,0.035146165639162064,-9.429944038391113,0.035891395062208176,-0.019270358607172966,0.498299241065979,0.0,0.20034101605415344,0.0
15.109289169311523,24.6299991607666,47.060001373291016,59.0,1.0987690687179565,0.00028621655656024814,10.0,0.9986996650695801,0.9986996650695801,0.9986996650695801,0.000769481819588691,0.0,0.7264094948768616,180000.0,-0.02633233368396759,0.03330239653587341,-3.6557514793145174e-09,4.803326606750488,-0.41617441177368164,7.522543430328369,12.56717300415039,1.945612907409668,14.597798347473145,220.91134643554688,2.7559447288513184,0.5617897510528564,3.317744493484497,904.2288818359375,0.4775363504886627,0.16620923578739166,0.9115771651268005,0.08770352602005005,0.43506962060928345,2.0,1.474128007888794,0.0848226547241211,-0.21295878291130066,0.08770352602005005,0.04114574193954468,0.5876602530479431,2.094081401824951,0.0,3.0
17.23259735107422,25.239999771118164,51.31999969482422,60.0,1.087593674659729,0.0003921426541637629,10.0,1.0032886266708374,1.0032886266708374,1.0032886266708374,0.002325325971469283,0.0,0.7183208465576172,183000.0,-0.017430635169148445,0.008901698514819145,1.907348590179936e-08,6.821012496948242,2.017685890197754,9.268392562866211,10.272339820861816,-2.294833183288574,15.8091402053833,223.97866821289062,2.5003416538238525,0.5587649345397949,3.0591158866882324,980.6757202148438,0.6049816608428955,0.2638012766838074,0.431844562292099,0.054644372314214706,0.4585076868534088,1.0,1.4271385669708252,0.054641999304294586,-0.15348222851753235,0.054644372314214706,0.0008875839412212372,0.3320218622684479,0.0,0.2454322725534439,0.0
20.580015182495117,23.639999389648438,55.16999816894531,61.0,1.078183889389038,0.00028024340281262994,10.0,1.0002292394638062,1.0002292394638062,1.0002292394638062,0.00013377128925640136,0.0,0.7118211388587952,186000.0,-0.027492720633745193,-0.010062085464596748,-5.9604643443123e-10,5.439223289489746,-1.381789207458496,9.752117156982422,7.3943986892700195,-2.877941131591797,13.315380096435547,227.15493774414062,2.610525131225586,0.5577669143676758,3.1683008670806885,946.8799438476562,0.5402398109436035,0.21781326830387115,0.3629514276981354,0.06852622330188751,0.5039736032485962,2.0,0.6582450866699219,0.06786230206489563,-7.081032752990723,0.06852622330188751,-0.013150307349860668,0.26046937704086304,1.851029872894287,0.0,3.0
25.489763259887695,24.760000228881836,61.75,62.0,1.076187014579773,0.0002752000873442739,10.0,1.0006808042526245,1.0006808042526245,1.0006808042526245,0.00039619687595404685,0.0,0.7104708552360535,189000.0,-0.03299637883901596,-0.005503658205270767,-8.479754143309037e-08,7.363924026489258,1.9247007369995117,14.571281433105469,8.822259902954102,1.427861213684082,15.00727367401123,230.01597595214844,2.2901384830474854,0.5630121231079102,2.8531596660614014,1051.466064453125,0.4850179851055145,0.23385556042194366,0.46789616346359253,0.08501865714788437,0.6026980876922607,2.0,1.6311277151107788,0.08301974833011627,-0.20593886077404022,0.08501865714788437,-0.02257416769862175,0.25493574142456055,2.061779260635376,0.0,3.0
29.32040023803711,26.260000228881836,68.33999633789062,63.0,1.072725772857666,0.0002906332665588707,10.0,1.0005332231521606,1.0005332231521606,1.0005332231521606,0.0003157826722599566,0.0,0.707722544670105,192000.0,-0.015972290188074112,0.01702408865094185,1.0967254659988157e-08,16.584972381591797,9.221048355102539,16.779783248901367,22.587322235107422,13.76506233215332,16.241193771362305,232.9510040283203,2.3667616844177246,0.5604355335235596,2.927206516265869,1024.8680419921875,0.6321730613708496,0.28734955191612244,0.3007362186908722,0.05004468187689781,0.4260263741016388,2.0,1.2257137298583984,0.04893419146537781,-2.0960981845855713,0.05004468187689781,0.02886422909796238,0.7502490282058716,0.0,0.1632722020149231,0.0
32.1943244934082,26.010000228881836,73.1500015258789,64.0,1.0752815008163452,0.0002734582230914384,10.0,0.9964047074317932,0.9964047074317932,0.9964047074317932,0.002128611085936427,0.0,0.7094534635543823,195000.0,-0.02030286192893982,-0.004330571740865707,3.258387337723434e-09,10.250409126281738,-6.334563255310059,17.381555557250977,7.364705562591553,-15.22261667251587,11.913844108581543,235.85269165039062,2.3300423622131348,0.5637776851654053,2.893829345703125,1036.6888427734375,0.566967248916626,0.24006961286067963,0.8821365237236023,0.062217697501182556,0.4085317552089691,2.0,0.6337787508964539,0.05453237146139145,-3.5852773189544678,0.062217697501182556,-0.04663192108273506,0.28294646739959717,0.0,0.2658660411834717,0.0
31.90011978149414,25.8700008392334,73.19999694824219,65.0,1.0917659997940063,0.00038471867446787655,10.0,1.0040926933288574,1.0040926933288574,1.0040926933288574,0.0028939712792634964,0.0,0.7213541865348816,198000.0,-0.02108193375170231,-0.0007790718227624893,5.2452087118126656e-09,10.413357734680176,0.1629486083984375,20.901342391967773,11.18381404876709,3.819108486175537,13.631001472473145,238.72447204589844,2.3061635494232178,0.5577211380004883,2.8638932704925537,1047.5252685546875,0.51063472032547,0.25574949383735657,0.9822466969490051,0.07670246064662933,0.44403547048568726,1.0,1.9674346446990967,0.07041395455598831,-1.0795098543167114,0.07670246064662933,0.06579513847827911,0.6883989572525024,0.0,0.1704491674900055,0.0
33.088165283203125,24.06999969482422,73.75,66.0,1.0897514820098877,0.0002825215633492917,10.0,0.9968233108520508,0.9968233108520508,0.9968233108520508,0.0018785232678055763,0.0,0.719866156578064,201000.0,-0.026432383805513382,-0.005350450053811073,1.2000401561351737e-08,13.103206634521484,2.6898488998413086,19.185131072998047,9.327987670898438,-1.8558263778686523,12.474994659423828,241.66543579101562,2.3705127239227295,0.56266188621521,2.933183431625366,1022.7796020507812,0.5622285604476929,0.19960999488830566,0.6643238067626953,0.06327091157436371,0.44379177689552307,2.0,1.1550116539001465,0.060115206986665726,-2.3472628593444824,0.06327091157436371,-0.03395533561706543,0.3653589189052582,1.77863609790802,0.0,3.0
39.330711364746094,24.520000457763672,82.69999694824219,67.0,1.0856387615203857,0.0002673662093002349,10.0,0.9942594766616821,0.9942594766616821,0.9942594766616821,0.0033949411008507013,0.0,0.7167638540267944,204000.0,-0.024855758994817734,0.0015766248106956482,-2.924601183451614e-08,13.603971481323242,0.5007648468017578,20.72181510925293,7.334457874298096,-1.9935297966003418,11.331974029541016,244.44949340820312,2.2120394706726074,0.5641694068908691,2.7762186527252197,1080.6068115234375,0.6096317172050476,0.1710638701915741,1.1610395908355713,0.05381394177675247,0.35075247287750244,2.0,1.856776475906372,0.05292031168937683,-0.31308940052986145,0.05381394177675247,-0.024862200021743774,0.6917048692703247,1.6403346061706543,0.0,3.0
43.09428787231445,22.84000015258789,87.98999786376953,68.0,1.079143762588501,0.0002728262625169009,10.0,0.9989164471626282,0.9989164471626282,0.9989164471626282,0.000662678387016058,0.0,0.7125736474990845,207000.0,-0.01624467223882675,0.008611086755990982,9.53674295089968e-09,15.468767166137695,1.8647956848144531,26.35283660888672,6.618922233581543,-0.7155356407165527,12.656599044799805,247.1793212890625,2.1592516899108887,0.5627851486206055,2.7220458984375,1102.112548828125,0.7354946732521057,0.20253922045230865,0.8256449699401855,0.036971814930438995,0.3442228138446808,2.0,1.207214117050171,0.03632022812962532,-7.967552661895752,0.036971814930438995,0.019508901983499527,0.5841087102890015,1.3596291542053223,0.0,3.0
51.592647552490234,22.280000686645508,97.66000366210938,69.0,1.0664124488830566,0.00027481166762299836,10.0,0.9999613165855408,0.9999613165855408,0.9999613165855408,2.2560219804290682e-05,0.0,0.7033950090408325,210000.0,-0.02186575159430504,-0.005621079355478287,1.2270609772713215e-07,16.32777976989746,0.8590126037597656,30.377891540527344,3.801151990890503,-2.81777024269104,11.088471412658691,249.85781860351562,2.108553647994995,0.5614540576934814,2.6700170040130615,1123.5885009765625,0.6250535249710083,0.15136012434959412,1.1803805828094482,0.051191218197345734,0.30269432067871094,2.0,1.0654778480529785,0.05083337798714638,-37.971431732177734,0.051191218197345734,-0.008347764611244202,0.19473853707313538,1.5998629331588745,0.0,3.0
59.38253402709961,22.360000610351562,105.25,70.0,1.0411319732666016,0.0002761218638624996,10.0,1.0011382102966309,1.0011382102966309,1.0011382102966309,0.0008464949787594378,0.0,0.6855950355529785,213000.0,-0.02729845605790615,-0.005432704463601112,-7.78834063908107e-09,12.557388305664062,-3.7703914642333984,34.385276794433594,4.55449914932251,0.7533471584320068,9.44749641418457,252.52459716796875,2.0930004119873047,0.565920352935791,2.6589298248291016,1128.273681640625,0.5045543313026428,0.18428374826908112,1.3057528734207153,0.07856228947639465,0.45655086636543274,2.0,2.505136013031006,0.07167240977287292,-9.289656639099121,0.07856228947639465,-0.07181957364082336,0.7486416101455688,1.9819470643997192,0.0,3.0
71.96649169921875,23.790000915527344,120.63999938964844,71.0,1.0259922742843628,0.000277285318588838,10.0,0.9996482133865356,0.9996482133865356,0.9996482133865356,0.00020317336020525545,0.0,0.6751099824905396,216000.0,-0.02930593118071556,-0.00200747512280941,1.0840098241260421e-07,9.162772178649902,-3.39461612701416,42.91972732543945,5.767027854919434,1.2125287055969238,11.396549224853516,255.04408264160156,1.9499003887176514,0.5618393421173096,2.5117485523223877,1194.387451171875,0.5786569118499756,0.22439531981945038,0.37733015418052673,0.05972931906580925,0.48473310470581055,2.0,1.717429518699646,0.056494660675525665,-2.4280128479003906,0.05972931906580925,-0.04398377612233162,0.5980759859085083,1.7281397581100464,0.0,3.0
84.38168334960938,23.06999969482422,134.47999572753906,72.0,1.0168743133544922,0.00036014639772474766,10.0,0.9997873306274414,0.9997873306274414,0.9997873306274414,0.00015037995763123035,0.0,0.6689684987068176,219000.0,-0.042266350239515305,-0.012960419058799744,-8.900959969082578e-09,6.363397598266602,-2.799374580383301,49.08699417114258,2.541764974594116,-3.2252628803253174,6.522238731384277,257.5617370605469,1.9532992839813232,0.55661940574646,2.509927272796631,1195.25390625,0.4076926112174988,0.3293267488479614,0.4946059286594391,0.12032732367515564,0.807781994342804,1.0,1.2424254417419434,0.11858110129833221,-13.129878044128418,0.12032732367515564,-0.02224060148000717,0.28326505422592163,2.4528284072875977,0.0,3.0
96.92152404785156,21.979999542236328,147.41000366210938,73.0,1.0044645071029663,0.00026605548919178545,10.0,0.9958311319351196,0.9958311319351196,0.9958311319351196,0.0025019259192049503,0.0,0.6607197523117065,222000.0,-0.027040356770157814,0.01522599346935749,-1.5195210778529145e-07,3.663365125656128,-2.7000324726104736,52.57978057861328,7.508447170257568,4.966682195663452,7.100286960601807,260.08380126953125,1.9519176483154297,0.5621111392974854,2.5140390396118164,1193.299072265625,0.5725058913230896,0.24166373908519745,0.4119371771812439,0.06101968139410019,0.5276446342468262,2.0,1.6129522323608398,0.04982919991016388,-19.205636978149414,0.06101968139410019,-0.07286031544208527,0.474387526512146,1.7467069625854492,0.0,3.0
100.35802459716797,20.90999984741211,149.72999572753906,74.0,0.9828888177871704,0.00026281579630449414,10.0,0.999398946762085,0.999398946762085,0.999398946762085,0.0003787357418332249,0.0,0.6466485261917114,225000.0,-0.025489192456007004,0.0015511643141508102,1.0999043809079012e-07,3.420969247817993,-0.24239587783813477,55.73078536987305,2.719545841217041,-4.788901329040527,5.963929176330566,262.64923095703125,1.9963085651397705,0.5611298084259033,2.557448625564575,1173.0443115234375,0.3048698902130127,0.3475206196308136,0.3318673074245453,0.2151794731616974,1.4248723983764648,2.0,0.8506065011024475,0.18903404474258423,-142.6077880859375,0.2151794731616974,0.05537568777799606,0.11728499829769135,3.28008770942688,0.0,3.0
117.25125885009766,20.34000015258789,170.0,75.0,0.9725039601325989,0.0003631005238275975,10.0,1.0018383264541626,1.0018383264541626,1.0018383264541626,0.001299921190366149,0.0,0.6399195194244385,228000.0,-0.04613334685564041,-0.020644154399633408,-6.429354471038096e-08,2.559116840362549,-0.8618524074554443,59.318084716796875,2.015183925628662,-0.7043619155883789,4.354876518249512,265.1156005859375,1.9018113613128662,0.5559957027435303,2.4578170776367188,1220.5955810546875,0.3882920742034912,0.31976020336151123,0.46514609456062317,0.13265171647071838,0.8235041499137878,1.0,0.7322794795036316,0.10644558072090149,-119.4847183227539,0.13265171647071838,-0.0690072774887085,0.1817133128643036,2.57538104057312,0.0,3.0
129.626953125,19.049999237060547,183.52000427246094,76.0,0.9699165225028992,0.000367808504961431,10.0,0.9996358752250671,0.9996358752250671,0.9996358752250671,0.0002575172402430326,0.0,0.6382544636726379,231000.0,-0.04415763542056084,0.0019757114350795746,5.571047623220693e-08,3.6559743881225586,1.0968575477600098,61.36322021484375,1.7272361516952515,-0.28794777393341064,3.9839463233947754,267.58642578125,1.9024956226348877,0.5607478618621826,2.463252067565918,1217.90234375,0.40471962094306946,0.27762749791145325,0.44728347659111023,0.12210163474082947,0.6859750151634216,1.0,0.6888583302497864,0.08376993238925934,-359.94403076171875,0.12210163474082947,-0.06139973923563957,0.09835011512041092,2.47084641456604,0.0,3.0
141.05258178710938,17.059999465942383,198.1699981689453,77.0,0.9611929059028625,0.0004034383164253086,10.0,1.003950595855713,1.003950595855713,1.003950595855713,0.002793493214994669,0.0,0.632725179195404,234000.0,-0.03013732098042965,0.014020314440131187,3.7511188821781616e-08,2.1761529445648193,-1.4798214435577393,62.218990325927734,0.8821797966957092,-0.8450563549995422,4.0866522789001465,270.0546875,1.9026052951812744,0.5573856830596924,2.4600002765655518,1219.5123291015625,0.4416585862636566,0.34289005398750305,0.4749961793422699,0.10253134369850159,0.7763689756393433,1.0,0.8245888948440552,0.0995456874370575,-561.8631591796875,0.10253134369850159,-0.01830279640853405,0.11220055818557739,2.2641923427581787,0.0,3.0
147.35516357421875,14.640000343322754,204.11000061035156,78.0,0.9414699673652649,0.00026728978264145553,10.0,0.999248743057251,0.999248743057251,0.999248743057251,0.0004461344506125897,0.0,0.6203883290290833,237000.0,-0.023963378742337227,0.0061739422380924225,-1.8119811429073707e-08,1.5829757452011108,-0.5931771993637085,66.55457305908203,1.5472880601882935,0.6651082634925842,2.2788145542144775,272.5101013183594,1.884850263595581,0.5624606609344482,2.4473202228546143,1225.8309326171875,0.4039511978626251,0.23000121116638184,0.45531049370765686,0.12256661057472229,0.7117233276367188,2.0,0.6205220818519592,0.08538573980331421,-1061.7705078125,0.12256661057472229,0.06130559742450714,0.10108357667922974,2.4755465984344482,0.0,3.0
152.79173278808594,12.970000267028809,210.14999389648438,79.0,0.9353763461112976,0.0002641302125994116,10.0,0.9957040548324585,0.9957040548324585,0.9957040548324585,0.002640168648213148,0.0,0.6166037321090698,240000.0,-0.015714868903160095,0.008248509839177132,1.2318292874624603e-07,2.022038459777832,0.4390627145767212,65.72396087646484,0.9368431568145752,-0.6104449033737183,1.6068542003631592,274.9965515136719,1.9173848628997803,0.5611498355865479,2.478543758392334,1210.388427734375,0.24963194131851196,0.3060184419155121,0.3295363187789917,0.32094430923461914,1.5323480367660522,2.0,0.5111685991287231,0.3200366795063019,-744.6002807617188,0.32094430923461914,0.01328167226165533,0.19435526430606842,4.005897521972656,0.0,3.0
158.2753143310547,11.40999984741211,215.3000030517578,80.0,0.9174111485481262,0.0002796863846015185,10.0,0.9984074234962463,0.9984074234962463,0.9984074234962463,0.0009284716797992587,0.0,0.6056432127952576,243000.0,-0.03606470674276352,-0.020349837839603424,7.851918581991413e-08,1.0904383659362793,-0.9316000938415527,69.688720703125,0.5145978927612305,-0.4222452640533447,1.7394181489944458,277.4730529785156,1.9062345027923584,0.5623011589050293,2.4685449600219727,1215.291015625,0.4535692036151886,0.2551678419113159,0.5415485501289368,0.0972171425819397,0.7032219171524048,2.0,0.3847073018550873,0.09593645483255386,-5475.93896484375,0.0972171425819397,-0.006572202779352665,0.033727068454027176,2.204735279083252,0.0,3.0
164.24871826171875,11.40999984741211,222.97999572753906,81.0,0.9058403968811035,0.0003965182404499501,10.0,0.9970269799232483,0.9970269799232483,0.9970269799232483,0.00210222858004272,0.0,0.5986536145210266,246000.0,-0.027043581008911133,0.009021125733852386,4.847844348176977e-09,4.970588684082031,3.880150318145752,69.7904052734375,1.9433799982070923,1.4287821054458618,2.2409393787384033,279.9369201660156,1.8995752334594727,0.5562779903411865,2.455862045288086,1221.5673828125,0.5895915031433105,0.18594935536384583,0.47295278310775757,0.05753438547253609,0.31538668274879456,1.0,1.0419096946716309,0.053846921771764755,-422.0132751464844,0.05753438547253609,-0.04017075523734093,0.4376150667667389,1.6960896253585815,0.0,3.0
173.17855834960938,13.800000190734863,234.4600067138672,82.0,0.8980506062507629,0.00038489073631353676,10.0,1.000105381011963,1.000105381011963,1.000105381011963,7.451562851201743e-05,0.0,0.5940001606941223,249000.0,-0.0258395466953516,0.0012040343135595322,-1.4781951662712345e-08,2.008366584777832,-2.962222099304199,69.28489685058594,6.680056571960449,4.736676573753357,3.0761187076568604,282.3873596191406,1.8824975490570068,0.5598762035369873,2.4423828125,1228.308837890625,0.45367294549942017,0.29277393221855164,0.7894979119300842,0.09717269241809845,0.6453413963317871,1.0,3.650007724761963,0.09288661926984787,-125.35503387451172,0.09717269241809845,0.06548509001731873,1.0005182027816772,2.204231023788452,0.0,3.0
168.92416381835938,15.890000343322754,230.82000732421875,83.0,0.901136577129364,0.00039780462975613773,10.0,0.9965259432792664,0.9965259432792664,0.9965259432792664,0.0024565430358052254,0.0,0.5958530902862549,252000.0,-0.03445921465754509,-0.008619667962193489,8.742014334650605e-10,5.8909220695495605,3.8825554847717285,68.61825561523438,2.1976635456085205,-4.482393026351929,3.140441417694092,284.9738464355469,1.957536220550537,0.6212172508239746,2.578765630722046,1163.34765625,0.6841607093811035,0.23858791589736938,0.41125333309173584,0.04272810369729996,0.34873080253601074,1.0,1.0784353017807007,0.025051621720194817,-375.39007568359375,0.04272810369729996,-0.06251198798418045,0.22107048332691193,1.4616448879241943,0.0,3.0
166.51515197753906,15.949999809265137,228.75,84.0,0.8988884091377258,0.00039569209911860526,10.0,0.9990319609642029,0.9990319609642029,0.9990319609642029,0.0006845210446044803,0.0,0.5945056080818176,255000.0,-0.0299302339553833,0.004528980702161789,7.708867322264723e-09,4.806467533111572,-1.0844545364379883,69.14080047607422,1.8259822130203247,-0.3716813325881958,2.390477418899536,288.4341735839844,2.6806979179382324,0.7696273326873779,3.450336456298828,869.4805908203125,0.3956984877586365,0.25552481412887573,0.7323408722877502,0.12773241102695465,0.6457563042640686,1.0,1.853409767150879,0.12743215262889862,-217.55050659179688,0.12773241102695465,0.01063159666955471,0.37644118070602417,2.52717661857605,0.0,3.0
166.4081573486328,20.520000457763672,229.74000549316406,85.0,0.8810462355613708,0.00028063528588972986,10.0,0.998649537563324,0.998649537563324,0.998649537563324,0.0008067327435128391,0.0,0.5840615034103394,258000.0,-0.020577451214194298,0.009352782741189003,3.178914353973994e-10,3.9257102012634277,-0.8807573318481445,69.32154846191406,5.805286884307861,3.9793046712875366,5.123063564300537,291.89703369140625,2.677668809890747,0.7743258476257324,3.45200777053833,869.0596313476562,0.5656782388687134,0.15045060217380524,1.1298878192901611,0.06250157952308655,0.33245620131492615,2.0,2.729590654373169,0.05974135175347328,-30.558300018310547,0.06250157952308655,0.042564138770103455,0.6563607454299927,1.767789363861084,0.0,3.0
162.24395751953125,20.829999923706055,224.58999633789062,86.0,0.8662604093551636,0.00027975565171800554,10.0,1.000732183456421,1.000732183456421,1.000732183456421,0.0004259438719600439,0.0,0.5755149126052856,261000.0,-0.023555731400847435,-0.002978280186653137,2.6702881683604573e-08,2.2555994987487793,-1.6701107025146484,72.012451171875,3.7758939266204834,-2.029392957687378,2.3997087478637695,295.28662109375,2.6127586364746094,0.7662463188171387,3.3790183067321777,887.83203125,0.27164557576179504,0.22141093015670776,1.022454857826233,0.2710345685482025,1.018841028213501,2.0,1.0916565656661987,0.2595495581626892,-14.31564998626709,0.2710345685482025,0.1180301234126091,1.2129830121994019,3.681267499923706,0.0,3.0
164.63133239746094,22.389999389648438,227.82000732421875,87.0,0.8463665246963501,0.00027126181521452963,10.0,1.0011687278747559,1.0011687278747559,1.0011687278747559,0.000856307742651552,0.0,0.5641780495643616,264000.0,-0.014824124053120613,0.008731607347726822,2.145767119543507e-09,3.500135660171509,1.2445361614227295,72.62174224853516,5.544470310211182,1.7685763835906982,1.9526891708374023,298.64739990234375,2.582550048828125,0.7674732208251953,3.3500356674194336,895.5130004882812,0.501592218875885,0.22362159192562103,0.7544102668762207,0.07949289679527283,0.5572794675827026,2.0,2.373152732849121,0.07842516154050827,-18.954896926879883,0.07949289679527283,-0.019578633829951286,0.35900604724884033,1.9936513900756836,0.0,3.0
168.4506378173828,24.639999389648438,233.77999877929688,88.0,0.8343740701675415,0.0002676580043043941,10.0,1.000535249710083,1.000535249710083,1.000535249710083,0.0003161643981002271,0.0,0.557396650314331,267000.0,-0.0211318526417017,-0.006307728588581085,-1.8278758062706402e-08,2.8874619007110596,-0.6126737594604492,73.30268859863281,2.3437106609344482,-3.2007596492767334,3.3311405181884766,302.19793701171875,2.704101085662842,0.8358926773071289,3.5400075912475586,847.4559936523438,0.6548076272010803,0.1868547946214676,0.40202370285987854,0.04664471372961998,0.3566979467868805,2.0,1.5234646797180176,0.045514415949583054,-0.2630017399787903,0.04664471372961998,0.02275124005973339,0.4579492509365082,1.5271661281585693,0.0,3.0
167.77272033691406,25.43000030517578,233.0500030517578,89.0,0.8320333361625671,0.0002669602690730244,10.0,1.0003618001937866,1.0003618001937866,1.0003618001937866,0.0005782361840829253,0.0,0.5560564398765564,270000.0,0.004237116314470768,0.025368968956172466,2.7418137094059603e-08,1.5069316625595093,-1.3805302381515503,74.22050476074219,1.7470746040344238,-0.5966360569000244,1.8776092529296875,305.53314208984375,2.556145668029785,0.7683515548706055,3.3245105743408203,902.3886108398438,0.48646923899650574,0.16775697469711304,0.6030368804931641,0.08451215922832489,0.39484941959381104,2.0,1.0069490671157837,0.05233069881796837,-0.6242048144340515,0.08451215922832489,0.09610803425312042,0.2870209515094757,0.0,0.2639721930027008,0.0
170.67129516601562,23.010000228881836,235.0500030517578,90.0,0.8146693110466003,0.0003961439651902765,10.0,0.99751216173172,0.99751216173172,0.99751216173172,0.0017591813812032342,0.0,0.5465173721313477,273000.0,-0.028575167059898376,-0.032812283374369144,3.115336255632428e-08,1.603472113609314,0.09654045104980469,75.72870635986328,2.0228793621063232,0.2758047580718994,1.838330864906311,308.7352600097656,2.534762144088745,0.6568558216094971,3.1916277408599854,939.9594116210938,0.30521848797798157,0.27794498205184937,1.2016491889953613,0.2146882563829422,0.9106427431106567,1.0,0.6891182661056519,0.108796127140522,-19.350160598754883,0.2146882563829422,0.14713576436042786,0.20444324612617493,3.276341438293457,0.0,3.0
174.62767028808594,24.5,239.7899932861328,91.0,0.7852709293365479,0.00038084739935584366,10.0,0.9984619617462158,0.9984619617462158,0.9984619617462158,0.0010875571751967072,0.0,0.5307238101959229,276000.0,-0.022886106744408607,0.005689060315489769,1.907348723406699e-09,2.880632162094116,1.2771600484848022,75.15459442138672,2.4298930168151855,0.4070136547088623,2.970351457595825,311.1412353515625,1.8491170406341553,0.5491704940795898,2.398296594619751,1250.8880615234375,0.4397497773170471,0.20870451629161835,0.7183929085731506,0.10342336446046829,0.47459837794303894,1.0,1.6442179679870605,0.08996059000492096,-0.8209473490715027,0.10342336446046829,0.06326345354318619,0.29728376865386963,2.2740204334259033,0.0,3.0
176.82525634765625,28.43000030517578,243.6199951171875,92.0,0.7921991348266602,0.0003859021235257387,10.0,1.0001872777938843,1.0001872777938843,1.0001872777938843,0.00013234115613158792,0.0,0.5344222187995911,279000.0,-0.018899785354733467,0.00398632138967514,-2.304712864997782e-09,6.095826148986816,3.2151939868927,71.50935363769531,7.534265041351318,5.104372024536133,5.050487518310547,313.5943603515625,1.8934109210968018,0.5517289638519287,2.4451487064361572,1226.91943359375,0.5338616967201233,0.2028672993183136,0.8553824424743652,0.07017338275909424,0.49555447697639465,1.0,4.9172868728637695,0.06652288883924484,-17.253320693969727,0.07017338275909424,0.04986342787742615,0.681102454662323,0.0,0.17135973274707794,0.0
183.1962432861328,29.34000015258789,251.1999969482422,93.0,0.798001229763031,0.00039649286190979183,10.0,1.0167946815490723,1.0167946815490723,1.0167946815490723,0.011875633150339127,0.0,0.5375544428825378,282000.0,-0.008493971079587936,0.01040581427514553,9.536743617033494e-10,1.4180548191070557,-4.677771329879761,76.47943878173828,7.14207649230957,-0.39218854904174805,1.7641934156417847,316.0087585449219,1.8514883518218994,0.555131196975708,2.4066288471221924,1246.5572509765625,0.3826265335083008,0.284772127866745,1.0238369703292847,0.13660915195941925,0.6143537163734436,1.0,1.7127718925476074,0.09341893345117569,-18.686927795410156,0.13660915195941925,0.2085360735654831,1.00687837600708,0.0,0.14093747735023499,0.0
186.0634307861328,27.350000381469727,253.08999633789062,94.0,0.7864000201225281,0.000388459739042446,10.0,0.9997285008430481,0.9997285008430481,0.9997285008430481,0.00019196483481209725,0.0,0.5313494801521301,285000.0,0.002165324054658413,0.01065929513424635,-8.583068478174027e-09,2.2220914363861084,0.8040366172790527,75.12476348876953,4.278275489807129,-2.8638010025024414,2.5047178268432617,318.4501953125,1.8811147212982178,0.5519447326660156,2.4330692291259766,1233.0107421875,0.3026483952999115,0.2610040307044983,1.103468656539917,0.21834999322891235,1.04646635055542,1.0,2.1951332092285156,0.2055332511663437,-16.346229553222656,0.21834999322891235,0.06576313823461533,0.33743274211883545,0.0,0.24345649778842926,0.0
190.3873291015625,27.65999984741211,258.45001220703125,95.0,0.7908306121826172,0.00039347776328213513,10.0,0.9993247985839844,0.9993247985839844,0.9993247985839844,0.00047746760537847877,0.0,0.5337491631507874,288000.0,-0.004909111186861992,-0.007074435241520405,7.947286384535346e-09,2.689553737640381,0.46746230125427246,76.02007293701172,0.7714215517044067,-3.506853938102722,1.631867527961731,320.8820495605469,1.8682630062103271,0.5556814670562744,2.4239532947540283,1237.6478271484375,0.5818753242492676,0.3049624562263489,0.5047576427459717,0.0590704120695591,0.6054587364196777,1.0,0.5090851783752441,0.033439841121435165,-76.97860717773438,0.0590704120695591,0.04853101074695587,0.0918925553560257,0.0,0.4665248692035675,0.0
190.27838134765625,27.360000610351562,258.489990234375,96.0,0.7968411445617676,0.0003919134323950857,10.0,0.9953792691230774,0.9953792691230774,0.9953792691230774,0.003267307998612523,0.0,0.5369728207588196,291000.0,-0.02447764202952385,-0.019568530842661858,-8.742014334650605e-10,3.6635899543762207,0.9740362167358398,74.86001586914062,2.157956600189209,1.3865350484848022,1.618177056312561,323.3282775878906,1.8832695484161377,0.5551393032073975,2.438418388366699,1230.305908203125,0.41977381706237793,0.33585798740386963,0.7754014730453491,0.11350088566541672,0.6568732857704163,1.0,1.2817758321762085,0.11144792288541794,-5.333704948425293,0.11350088566541672,0.04621420055627823,1.0403268337249756,0.0,0.13865326344966888,0.0
180.0718536376953,27.729999542236328,244.75999450683594,97.0,0.7974624633789062,0.0004027390095870942,10.0,0.9977945685386658,0.9977945685386658,0.9977945685386658,0.0015594895230606198,0.0,0.5372254848480225,294000.0,-0.0059183803386986256,0.018559261690825224,-1.7881393032936899e-09,2.6451051235198975,-1.0184848308563232,75.35490417480469,1.7820395231246948,-0.37591707706451416,1.7891757488250732,325.86669921875,1.9716873168945312,0.5589983463287354,2.5306942462921143,1185.4456787109375,0.7060447931289673,0.34367048740386963,0.3292958736419678,0.040120407938957214,0.32565364241600037,1.0,0.35491594672203064,0.03996816277503967,-63.4982795715332,0.040120407938957214,0.0042265430092811584,0.11733467876911163,0.0,0.4128590226173401,0.0
169.5698699951172,25.969999313354492,231.1300048828125,98.0,0.7983996868133545,0.00026517186779528856,10.0,1.0103704929351807,1.0103704929351807,1.0103704929351807,0.006575926672667265,0.0,0.5377322435379028,297000.0,0.008838237263262272,0.014756617601960897,-2.543131483179195e-09,4.643171310424805,1.9980661869049072,74.70867919921875,0.8620197772979736,-0.9200197458267212,1.0907742977142334,328.4091491699219,1.9715533256530762,0.5630104541778564,2.5345726013183594,1183.6317138671875,0.5485444068908691,0.19351284205913544,0.6670924425125122,0.0664670467376709,0.45491883158683777,2.0,0.32243409752845764,0.06620245426893234,-10.996698379516602,0.0664670467376709,0.004753712564706802,0.0854065865278244,0.0,0.483915239572525,0.0
154.98609924316406,21.450000762939453,211.47000122070312,99.0,0.7841126918792725,0.0002924747532233596,10.0,0.9995713233947754,0.9995713233947754,0.9995713233947754,0.00027357967337593436,0.0,0.530133843421936,300000.0,-0.033531684428453445,-0.04236992169171572,1.5894572324981482e-09,7.01800537109375,2.3748340606689453,71.54889678955078,2.1461398601531982,1.2841200828552246,1.969862461090088,331.02166748046875,2.0387234687805176,0.5660536289215088,2.604785919189453,1151.7264404296875,0.360946387052536,0.22283756732940674,0.6986970901489258,0.15351277589797974,0.7717128992080688,2.0,0.853965699672699,0.13459637761116028,-15.997468948364258,0.15351277589797974,-0.1219974085688591,0.7867968678474426,2.7704944610595703,0.0,3.0
152.28475952148438,21.209999084472656,207.42999267578125,100.0,0.7720026969909668,0.00037130809505470097,10.0,1.0044692754745483,1.0044692754745483,1.0044692754745483,0.0031601705122739077,0.0,0.5238510966300964,303000.0,-0.038047999143600464,-0.004516314715147018,-6.993611467720484e-09,6.5465779304504395,-0.47142744064331055,75.68374633789062,2.0504343509674072,-0.09570550918579102,1.5092025995254517,333.52203369140625,1.9299755096435547,0.5620801448822021,2.492065191268921,1203.821044921875,0.3819724917411804,0.19104142487049103,1.2866251468658447,0.13707736134529114,0.5001444816589355,1.0,0.6100688576698303,0.1311606615781784,-55.20357131958008,0.13707736134529114,-0.039229877293109894,0.26010826230049133,2.6179895401000977,0.0,3.0
141.88169860839844,19.110000610351562,193.58999633789062,101.0,0.7624480128288269,0.00037487715599127114,10.0,1.0030122995376587,1.0030122995376587,1.0030122995376587,0.0021300455555319786,0.0,0.5188096165657043,306000.0,-0.05027329549193382,-0.012225296348333359,-7.629394893626795e-09,1.8755069971084595,-4.67107093334198,76.47618865966797,2.385253429412842,0.33481907844543457,1.6128302812576294,336.06878662109375,1.977665901184082,0.5612492561340332,2.538923501968384,1181.6033935546875,0.2872723340988159,0.31541913747787476,0.8963814973831177,0.24234962463378906,1.0979795455932617,1.0,0.8861821889877319,0.1787286251783371,-113.8536148071289,0.24234962463378906,0.13922074437141418,0.3046543598175049,3.4810173511505127,0.0,3.0
134.65475463867188,20.65999984741211,184.9600067138672,102.0,0.7506787180900574,0.00026879875804297626,10.0,0.9993996024131775,0.9993996024131775,0.9993996024131775,0.00036302872467786074,0.0,0.5126767158508301,309000.0,-0.015312272123992443,0.03496102336794138,-7.947286162490741e-10,6.116268634796143,4.240761637687683,72.77971649169922,9.192706108093262,6.80745267868042,1.9942448139190674,338.59228515625,1.949021816253662,0.5665593147277832,2.515590190887451,1192.5633544921875,0.6078998446464539,0.15063855051994324,0.35709038376808167,0.054121002554893494,0.3097519874572754,2.0,2.5914347171783447,0.051889918744564056,-28.942886352539062,0.054121002554893494,0.03809139132499695,0.6503357887268066,1.645007848739624,0.0,3.0
138.54957580566406,20.920000076293945,190.22000122070312,103.0,0.7334133982658386,0.0004157395160291344,10.0,1.0051547288894653,1.0051547288894653,1.0051547288894653,0.0036449721083045006,0.0,0.5039567947387695,312000.0,-0.02896043471992016,-0.013648162595927715,-4.768371808516747e-10,3.3181848526000977,-2.798083782196045,77.44065856933594,1.9135922193527222,-7.2791138887405396,1.8332488536834717,341.0633850097656,1.9046752452850342,0.5584511756896973,2.463135242462158,1217.9603271484375,0.6571424603462219,0.33826741576194763,0.27392899990081787,0.04631384462118149,0.5147550702095032,1.0,1.0938653945922852,0.04563368856906891,-60.3284797668457,0.04631384462118149,0.013697188347578049,0.27583789825439453,1.5217400789260864,0.0,3.0
143.33380126953125,19.579999923706055,195.50999450683594,104.0,0.7093601822853088,0.000277682498563081,10.0,1.0057870149612427,1.0057870149612427,1.0057870149612427,0.003409871133044362,0.0,0.4919913411140442,315000.0,-0.025227556005120277,0.003732878714799881,1.0490417423625331e-08,1.6782556772232056,-1.639929175376892,78.57147979736328,1.1979098320007324,-0.7156823873519897,1.3052377700805664,343.5439758300781,1.9033315181732178,0.5680813789367676,2.4714231491088867,1213.875732421875,0.4615139961242676,0.19625617563724518,0.6177083849906921,0.09389883279800415,0.5315552949905396,2.0,0.4865477979183197,0.09241922944784164,-199.86732482910156,0.09389883279800415,0.014746174216270447,0.14696477353572845,2.166781425476074,0.0,3.0
157.0101776123047,19.190000534057617,211.6699981689453,105.0,0.6853011250495911,0.00028795990510843694,10.0,0.9966143369674683,0.9966143369674683,0.9966143369674683,0.002010827185586095,0.0,0.48032981157302856,318000.0,-0.019375069066882133,0.005852486938238144,-3.178914353973994e-10,1.4330370426177979,-0.24521863460540771,79.99179077148438,1.165183186531067,-0.03272664546966553,0.8962323665618896,346.01019287109375,1.890979528427124,0.5674383640289307,2.4584262371063232,1220.2930908203125,0.49481698870658875,0.18533502519130707,0.38391250371932983,0.08168470859527588,0.4681907594203949,2.0,0.690403401851654,0.07288534939289093,-1146.1153564453125,0.08168470859527588,0.01609843596816063,0.029452089220285416,2.020949125289917,0.0,3.0
160.47650146484375,19.469999313354492,214.39999389648438,106.0,0.674207866191864,4.331043965066783e-05,10.0,1.0010780096054077,1.0010780096054077,1.0010780096054077,0.0006912730168551207,0.0,0.47498294711112976,321000.0,0.002497628331184387,0.02187269739806652,-3.1789144649962964e-09,0.9172221422195435,-0.5158149003982544,80.45767211914062,1.242943525314331,0.07776033878326416,0.7705503702163696,348.4970397949219,1.898078441619873,0.5808565616607666,2.478944778442383,1210.192626953125,0.4009929895401001,0.13712988793849945,0.6522203683853149,0.1243816688656807,1.0436270236968994,6.0,0.6944822669029236,0.11592459678649902,-329.4520568847656,0.1243816688656807,0.028017278760671616,0.09281790256500244,2.493809223175049,0.0,3.0
176.9881591796875,18.059999465942383,233.6999969482422,107.0,0.6689605712890625,0.00037729411269538105,10.0,1.004987359046936,1.004987359046936,1.004987359046936,0.0035265672486275434,0.0,0.4724341630935669,324000.0,-0.26812151074409485,-0.27061913907527924,1.2477238797714563e-08,1.3271256685256958,0.40990352630615234,81.12361145019531,0.6615329384803772,-0.5814105868339539,0.02347695641219616,350.9638671875,1.8926091194152832,0.5661492347717285,2.4587676525115967,1220.1236572265625,0.32071858644485474,0.4520482122898102,0.3661157190799713,0.19443824887275696,1.4094855785369873,1.0,0.3208662271499634,0.1939787119626999,-1256.7281494140625,0.19443824887275696,-0.0041965702548623085,0.038323983550071716,3.1179983615875244,0.0,3.0
184.0303192138672,18.459999084472656,242.16000366210938,108.0,0.6547419428825378,0.00037075733416713774,10.0,1.0008512735366821,1.0008512735366821,1.0008512735366821,0.0006020255968905985,0.0,0.4657254219055176,327000.0,-0.03613791987299919,0.23198359087109566,6.357828929992593e-09,0.8207970261573792,-0.5063286423683167,79.62012481689453,0.9348899722099304,0.2733570337295532,1.280749797821045,353.44305419921875,1.9092388153076172,0.5621213912963867,2.471369743347168,1213.9019775390625,0.2988601326942444,0.25586438179016113,0.8550592660903931,0.22392058372497559,0.8561341762542725,1.0,0.6427909731864929,0.11405323445796967,-702.2936401367188,0.22392058372497559,0.0817987322807312,0.06090099737048149,3.3460469245910645,0.0,3.0
193.3505401611328,18.329999923706055,252.8300018310547,109.0,0.6376535296440125,0.0003955257998313755,10.0,0.9976997375488281,0.9976997375488281,0.9976997375488281,0.0016265593003481627,0.0,0.45783522725105286,330000.0,-0.03912991285324097,-0.0029919929802417755,-2.8610229740877458e-09,2.1417548656463623,1.3209578394889832,79.75345611572266,2.942131996154785,2.0072420239448547,2.2488253116607666,355.92724609375,1.892770767211914,0.5835893154144287,2.476370334625244,1211.4508056640625,0.20908793807029724,0.1841631978750229,1.3334685564041138,0.45747992396354675,0.880793035030365,1.0,2.027777910232544,0.12255382537841797,-115.52369689941406,0.45747992396354675,0.3591097593307495,0.38503962755203247,4.7826762199401855,0.0,3.0
199.9307403564453,18.489999771118164,261.17999267578125,110.0,0.6212597489356995,0.00026872302987612784,10.0,0.9990290999412537,0.9990290999412537,0.9990290999412537,0.0005949305486865342,0.0,0.45038384199142456,333000.0,-0.05038543790578842,-0.011255525052547455,1.907348723406699e-09,0.9115477204322815,-1.2302071452140808,79.61869049072266,0.6579849123954773,-2.284147083759308,1.0117629766464233,358.473876953125,1.959733247756958,0.5781145095825195,2.5378572940826416,1182.0997314453125,0.37629300355911255,0.15674571692943573,0.74217289686203,0.1412464827299118,0.5206903219223022,2.0,0.505166232585907,0.12020471692085266,-2123.5751953125,0.1412464827299118,0.020492088049650192,0.019956761971116066,2.657503604888916,0.0,3.0
212.4852294921875,16.829999923706055,275.2900085449219,111.0,0.5985168814659119,0.00024792581098154187,10.0,0.9982198476791382,0.9982198476791382,0.9982198476791382,0.0011435000924393535,0.0,0.4402821660041809,336000.0,-0.007089029066264629,0.04329640883952379,5.404154457266941e-09,0.7249637246131897,-0.1865839958190918,80.85285186767578,2.108485698699951,1.4505007863044739,1.0427165031433105,360.9494934082031,1.8994855880737305,0.568213939666748,2.4677088260650635,1215.702880859375,0.3009914457798004,0.18164554238319397,0.7787912487983704,0.22076064348220825,0.754363477230072,2.0,1.632003903388977,0.2186065912246704,-656.3330078125,0.22076064348220825,0.014800693839788437,0.10169664025306702,3.3223536014556885,0.0,3.0
217.66366577148438,14.59000015258789,280.5799865722656,112.0,0.5721514225006104,0.0004111156740691513,10.0,1.006052851676941,1.006052851676941,1.006052851676941,0.004279984161257744,0.0,0.42884257435798645,339000.0,-0.038101401180028915,-0.031012372113764286,-1.2715657859985185e-08,0.6771754622459412,-0.047788262367248535,78.58760070800781,0.7369325160980225,-1.3715531826019287,0.7845926880836487,363.4027404785156,1.8852925300598145,0.559960126876831,2.4452621936798096,1226.8626708984375,0.507615327835083,0.23582027852535248,0.7434576749801636,0.07761764526367188,0.4645649194717407,1.0,0.2960173785686493,0.04982487112283707,-3289.62890625,0.07761764526367188,0.030258115381002426,0.03294213488698006,1.9699956178665161,0.0,3.0
221.84170532226562,18.760000228881836,285.9599914550781,113.0,0.5399287343025208,0.00015045485633891076,10.0,1.0001717805862427,1.0001717805862427,1.0001717805862427,0.00039997766725718975,0.0,0.41522207856178284,342000.0,-0.0011981703573837876,0.03690323082264513,2.8610229740877458e-09,0.8283630013465881,0.15118753910064697,78.88653564453125,4.778166770935059,4.041234254837036,4.778374195098877,365.89300537109375,1.913830041885376,0.5685818195343018,2.4824211597442627,1208.497802734375,0.45090219378471375,0.17303645610809326,0.8611857891082764,0.09837058186531067,0.5996187925338745,3.0,1.7029287815093994,0.09813617914915085,-173.7714385986328,0.09837058186531067,-0.007246943656355143,0.22404782474040985,2.217775821685791,0.0,3.0
224.73941040039062,19.31999969482422,289.42999267578125,114.0,0.5312227606773376,0.00041419288027100265,10.0,0.9985612034797668,0.9985612034797668,0.9985612034797668,0.001017396803945303,0.0,0.41161391139030457,345000.0,-0.0321931317448616,-0.030994961387477815,5.08626296635839e-09,2.710808515548706,1.882445514202118,79.2129898071289,1.7246118783950806,-3.053554892539978,1.4946256875991821,368.3515625,1.891312837600708,0.5592873096466064,2.4506094455718994,1224.185546875,0.721455454826355,0.25873953104019165,0.47456732392311096,0.03842473030090332,0.3586355447769165,1.0,1.0211316347122192,0.025186194106936455,-138.8188018798828,0.03842473030090332,-0.05546421557664871,0.23237305879592896,1.3860869407653809,0.0,3.0
226.7255401611328,19.139999389648438,292.2699890136719,115.0,0.4910152554512024,0.0002800590009428561,10.0,0.999880850315094,0.999880850315094,0.999880850315094,0.00019888901442755014,0.0,0.3955085873603821,348000.0,-0.010827941820025444,0.02136518992483616,6.1988831845383174e-09,0.8789645433425903,-1.8318439722061157,79.33210754394531,2.011080741882324,0.28646886348724365,1.0090711116790771,370.81396484375,1.8895032405853271,0.565009593963623,2.454524517059326,1222.23291015625,0.6071768403053284,0.17746637761592865,0.7464656233787537,0.05424996465444565,0.3653513193130493,2.0,0.6631636023521423,0.045081619173288345,-365.6488342285156,0.05424996465444565,0.029342638328671455,0.09390902519226074,1.6469666957855225,0.0,3.0
227.35671997070312,18.290000915527344,292.2699890136719,116.0,0.43400412797927856,0.0002802901726681739,10.0,1.0013177394866943,1.0013177394866943,1.0013177394866943,0.0007630591280758381,0.0,0.3736349940299988,351000.0,-0.024571318179368973,-0.013743376359343529,7.629394893626795e-09,0.6369360685348511,-0.24202847480773926,81.83413696289062,0.656402587890625,-1.3546781539916992,0.5847775340080261,373.2874755859375,1.898824691772461,0.5668270587921143,2.46566104888916,1216.7125244140625,0.4818348288536072,0.19128446280956268,0.9929072260856628,0.08614569157361984,0.49623972177505493,2.0,0.5588725805282593,0.08443132787942886,-2694.462890625,0.08614569157361984,0.005352246109396219,0.016709722578525543,2.075399875640869,0.0,3.0
226.47166442871094,20.190000534057617,292.2699890136719,117.0,0.42965590953826904,0.0003950628743041307,10.0,1.0082231760025024,1.0082231760025024,1.0082231760025024,0.005814635660499334,0.0,0.3718484342098236,354000.0,-0.18976731598377228,-0.1651959978044033,-1.2715657415895976e-09,1.0339685678482056,0.3970324993133545,79.23262023925781,0.8588544726371765,0.2024518847465515,2.3904781341552734,375.7586669921875,1.899773359298706,0.5631871223449707,2.462970018386841,1218.0419921875,0.2719360291957855,0.3812430799007416,0.45286163687705994,0.27045589685440063,1.401958703994751,1.0,0.4221127927303314,0.1725974977016449,-182.39768981933594,0.27045589685440063,0.11140652000904083,0.1268303096294403,3.677335500717163,0.0,3.0
227.59744262695312,19.260000228881836,292.2699890136719,118.0,0.38895276188850403,0.0002966187021229416,10.0,1.0023064613342285,1.0023064613342285,1.0023064613342285,0.0013758126879110932,0.0,0.3571345806121826,357000.0,-0.019813215360045433,0.16995410062372684,-3.369649093087901e-08,0.574908971786499,-0.45905959606170654,81.83566284179688,0.6777346134185791,-0.1811198592185974,1.487286925315857,378.2395935058594,1.9101648330688477,0.5625097751617432,2.4726836681365967,1213.2569580078125,0.5868707299232483,0.17364022135734558,1.1030818223953247,0.05806908756494522,0.36984342336654663,2.0,0.8198301196098328,0.058064334094524384,-1404.26611328125,0.05806908756494522,0.00033392803743481636,0.02346215769648552,1.7039527893066406,0.0,3.0
229.2949981689453,21.489999771118164,295.0400085449219,119.0,0.34677571058273315,0.00029117625672370195,10.0,1.0001300573349,1.0001300573349,1.0001300573349,7.77237000875175e-05,0.0,0.342338502407074,360000.0,-0.026830697432160378,-0.0070174820721149445,9.695688696353955e-09,0.6249017715454102,0.04999279975891113,79.3612060546875,5.136341571807861,4.458606958389282,3.39858341217041,380.7225341796875,1.9078373908996582,0.5658576488494873,2.4737043380737305,1212.75634765625,0.4476378560066223,0.15206894278526306,0.509236216545105,0.09981052577495575,0.4246427118778229,2.0,1.768242597579956,0.0919186919927597,-52.931888580322266,0.09981052577495575,-0.04285045713186264,0.23266594111919403,2.2339487075805664,0.0,3.0
231.53292846679688,22.770000457763672,297.80999755859375,120.0,0.2909282445907593,0.0002852511534001678,10.0,1.001063585281372,1.001063585281372,1.001063585281372,0.0006322635454125702,0.0,0.32384660840034485,363000.0,-0.025260448455810547,0.0015702489763498306,4.76837147544984e-09,0.556493878364563,-0.06840789318084717,79.38978576660156,3.2369425296783447,-1.8993990421295166,2.7411715984344482,383.1966857910156,1.9006755352020264,0.5647644996643066,2.4654507637023926,1216.8162841796875,0.4721842110157013,0.13091467320919037,2.066132068634033,0.08970300853252411,0.34656667709350586,2.0,2.0429861545562744,0.08969657123088837,-70.71871948242188,0.08970300853252411,-0.0006725788116455078,0.07029952108860016,2.1178176403045654,0.0,3.0
231.43057250976562,27.15999984741211,297.80999755859375,121.0,0.2856420576572418,0.00039554471732117236,10.0,0.9965252876281738,0.9965252876281738,0.9965252876281738,0.002456992631778121,0.0,0.3220016062259674,366000.0,-0.027094028890132904,-0.0018335804343223572,1.1285146150896708e-08,0.5439274311065674,-0.012566447257995605,81.87620544433594,2.5423715114593506,-0.6945710182189941,6.933787822723389,385.6612243652344,1.896897554397583,0.5590040683746338,2.4559109210968018,1221.54296875,0.43611255288124084,0.14563052356243134,1.182310700416565,0.10515569150447845,0.5019808411598206,1.0,3.3793458938598633,0.10338795185089111,-13.346092224121094,0.10515569150447845,-0.024840516969561577,0.34906232357025146,0.0,0.2393665760755539,0.0
232.02113342285156,27.670000076293945,297.80999755859375,122.0,0.27730491757392883,0.0004096497141290456,10.0,0.9969976544380188,0.9969976544380188,0.9969976544380188,0.0021229649428278208,0.0,0.3193458914756775,369000.0,-0.006835967302322388,0.020258061587810516,2.7020772286334704e-09,0.5547402501106262,0.010812819004058838,80.7909927368164,0.7958987951278687,-1.746472716331482,1.9036513566970825,388.129150390625,1.8973538875579834,0.5617413520812988,2.4591054916381836,1219.9560546875,0.45010125637054443,0.11870265752077103,1.2774574756622314,0.098720982670784,0.45096829533576965,1.0,1.0695843696594238,0.09733457118272781,-448.1214294433594,0.098720982670784,-0.004696237854659557,0.015907693654298782,0.0,1.1212728023529053,0.0
232.7777099609375,24.190000534057617,297.80999755859375,123.0,0.24116837978363037,0.0004145031562075019,10.0,0.9994301795959473,0.9994301795959473,0.9994301795959473,0.00040292387711815536,0.0,0.30805277824401855,372000.0,-0.010027439333498478,-0.0031914720311760902,4.768371808516747e-10,0.5386939644813538,-0.01604628562927246,80.61622619628906,0.8248156309127808,0.02891683578491211,1.662573218345642,390.65533447265625,1.9104321002960205,0.6073281764984131,2.5177698135375977,1191.53076171875,0.446943074464798,0.14316882193088531,1.50913667678833,0.10012108087539673,0.3203290104866028,1.0,0.7643923759460449,0.06740066409111023,-8.256567001342773,0.10012108087539673,0.05092945694923401,0.07927188277244568,2.2374215126037598,0.0,3.0
234.54661560058594,23.520000457763672,299.04998779296875,124.0,0.224343940615654,0.00040904199704527855,10.0,0.9996617436408997,0.9996617436408997,0.9996617436408997,0.00023919741215649992,0.0,0.3028737008571625,375000.0,-0.018007926642894745,-0.007980487309396267,-2.066294246816369e-09,1.5844630002975464,1.0457690358161926,80.8735122680664,0.7674930095672607,-0.05732262134552002,2.0754497051239014,393.1143798828125,1.8929548263549805,0.5577092170715332,2.450674057006836,1224.1531982421875,0.7603065371513367,0.16480685770511627,0.8046471476554871,0.03459811583161354,0.2167637050151825,1.0,0.5990350246429443,0.03458303585648537,-66.15702819824219,0.03459811583161354,-0.0007064943201839924,0.03309907019138336,1.3152589797973633,0.0,3.0
235.7246551513672,23.809999465942383,299.04998779296875,125.0,0.18185897171497345,0.0002822800597641617,10.0,0.9996128082275391,0.9996128082275391,0.9996128082275391,0.00022529410489369184,0.0,0.29040342569351196,378000.0,-0.025888169184327126,-0.00788024254143238,-8.742014223628303e-09,0.5106959939002991,-1.0737670063972473,82.09088134765625,2.2988975048065186,1.5314044952392578,1.5841742753982544,395.5762939453125,1.894484519958496,0.5587975978851318,2.4532909393310547,1222.847412109375,0.48225855827331543,0.13019613921642303,1.2935742139816284,0.08599437773227692,0.3374646008014679,2.0,4.446182727813721,0.08488170057535172,-1.5287493467330933,0.08599437773227692,0.03189636021852493,0.9143514633178711,2.0735764503479004,0.0,3.0
235.8931427001953,26.700000762939453,299.04998779296875,126.0,0.20544926822185516,0.00041344724013470113,10.0,0.9983226656913757,0.9983226656913757,0.9983226656913757,0.0011860965751111507,0.0,0.2972874939441681,381000.0,-0.0087761040776968,0.017112065106630325,3.496805733860242e-09,0.5253326892852783,0.014636695384979248,83.10676574707031,2.126117467880249,-0.17278003692626953,3.657794952392578,398.0500793457031,1.908806324005127,0.5571410655975342,2.465956926345825,1216.56640625,0.5180596113204956,0.14468306303024292,1.718911051750183,0.07451958954334259,0.25267648696899414,1.0,0.8152908086776733,0.0744415745139122,-54.34728240966797,0.07451958954334259,-0.0020364075899124146,0.05315700173377991,0.0,0.6133872270584106,0.0
236.2367401123047,27.959999084472656,299.04998779296875,127.0,0.20860299468040466,0.0002864603011403233,10.0,0.9955891370773315,0.9955891370773315,0.9955891370773315,0.002622527303174138,0.0,0.2981443703174591,384000.0,-0.017333053052425385,-0.008556948974728584,1.8278758062706402e-08,0.5255603194236755,0.0002276301383972168,81.00991821289062,1.5638993978500366,-0.5622180700302124,5.053404808044434,400.53350830078125,1.905787706375122,0.5696272850036621,2.47542405128479,1211.9139404296875,0.43796277046203613,0.12468839436769485,1.4362800121307373,0.10426907241344452,0.448491632938385,2.0,3.281625986099243,0.09199712425470352,-83.00006866455078,0.10426907241344452,-0.03598792478442192,0.10553586483001709,0.0,0.43532633781433105,0.0
235.50433349609375,31.479999542236328,299.04998779296875,128.0,0.18350088596343994,0.00026961773983202875,10.0,1.0020273923873901,1.0020273923873901,1.0020273923873901,0.0011893764603883028,0.0,0.29076361656188965,387000.0,-0.014332872815430164,0.00300018023699522,1.5894572769070692e-08,0.5166996717453003,-0.008860647678375244,81.16016387939453,1.6897145509719849,0.12581515312194824,4.4873480796813965,403.0012512207031,1.8950169086456299,0.5639078617095947,2.4589340686798096,1220.0411376953125,0.5641596913337708,0.10259709507226944,1.336643934249878,0.06283850967884064,0.28567418456077576,2.0,2.5427496433258057,0.056814514100551605,-358.4022216796875,0.06283850967884064,-0.026565613225102425,0.11715343594551086,0.0,0.4131782650947571,0.0
236.14125061035156,30.1200008392334,299.04998779296875,129.0,0.1753670871257782,0.0002696114534046501,10.0,0.9955264925956726,0.9955264925956726,0.9955264925956726,0.0026308938395231962,0.0,0.2883870005607605,390000.0,-0.008536209352314472,0.005796663463115692,1.970926888361646e-08,0.4936979413032532,-0.02300173044204712,82.3925552368164,0.6884586215019226,-1.0012559294700623,3.1434831619262695,405.4589538574219,1.8910107612609863,0.5586380958557129,2.449657678604126,1224.6611328125,0.48045089840888977,0.0911286473274231,1.164529800415039,0.08664269745349884,0.26276451349258423,2.0,0.6801285147666931,0.07586091756820679,-1285.240966796875,0.08664269745349884,-0.014829263091087341,0.020396165549755096,0.0,0.9902403354644775,0.0
232.37501525878906,30.389999389648438,293.6400146484375,130.0,0.176661878824234,0.00027695894823409617,10.0,1.0027751922607422,1.0027751922607422,1.0027751922607422,0.001888223341666162,0.0,0.2887383699417114,393000.0,-0.0106520876288414,-0.002115878276526928,-8.5035960495361e-09,2.2965950965881348,1.8028971552848816,80.10446166992188,1.5017421245574951,0.8132835030555725,3.8954765796661377,407.9385070800781,1.9082715511322021,0.5635688304901123,2.4718494415283203,1213.66650390625,1.1065937280654907,0.15243323147296906,0.9389748573303223,0.01633252575993538,0.13462965190410614,2.0,1.229124903678894,0.01619170978665352,-64.5206069946289,0.01633252575993538,0.007961569353938103,0.4501367211341858,0.0,0.21078649163246155,0.0
228.59437561035156,27.219999313354492,288.5899963378906,131.0,0.17503869533538818,0.0003913659602403641,10.0,1.0009270906448364,1.0009270906448364,1.0009270906448364,0.0006555801955983043,0.0,0.28826531767845154,396000.0,-0.009235822595655918,0.001416265033185482,4.768371808516747e-10,0.8454843163490295,-1.4511107802391052,81.11454772949219,0.8304787874221802,-0.6712633371353149,2.8432579040527344,410.4227294921875,1.9072303771972656,0.5688931941986084,2.4761319160461426,1211.5672607421875,0.5987818837165833,0.17435377836227417,1.2886500358581543,0.055781811475753784,0.228981614112854,1.0,0.66829913854599,0.050910525023937225,-83.14968872070312,0.055781811475753784,-0.01698995567858219,0.05925712734460831,0.0,0.5809578895568848,0.0
229.21824645996094,26.65999984741211,288.5899963378906,132.0,0.19270162284374237,0.000416082184528932,10.0,1.0008963346481323,1.0008963346481323,1.0008963346481323,0.0006337761878967285,0.0,0.2934412956237793,399000.0,-0.0059873191639781,0.0032485034316778183,-4.450479984541289e-09,0.5979070663452148,-0.2475772500038147,83.34285736083984,0.6626542210578918,-0.16782456636428833,2.6147773265838623,412.8955993652344,1.9019172191619873,0.5628476142883301,2.4647741317749023,1217.1502685546875,0.5580794811248779,0.13204047083854675,2.514117956161499,0.06421519815921783,0.24059776961803436,1.0,1.0172752141952515,0.06351402401924133,-117.74295806884766,0.06421519815921783,0.004050584509968758,0.023399535566568375,0.0,0.9245093464851379,0.0
229.6463623046875,26.360000610351562,288.5899963378906,133.0,0.2046993225812912,0.00038759977906011045,10.0,1.0010743141174316,1.0010743141174316,1.0010743141174316,0.0007596547366119921,0.0,0.2969883382320404,402000.0,-0.009852224960923195,-0.003864905796945095,-1.5894572324981482e-09,0.6271331906318665,0.02922612428665161,83.32626342773438,0.6168787479400635,-0.04577547311782837,1.8779181241989136,415.36419677734375,1.8905000686645508,0.5695619583129883,2.460071086883545,1219.4771728515625,0.26894518733024597,0.16125380992889404,1.4440796375274658,0.27650463581085205,0.742920994758606,1.0,0.5983114838600159,0.27411699295043945,-162.07919311523438,0.27650463581085205,-0.005219548009335995,0.011410296894609928,0.0,1.3239339590072632,0.0
230.9966583251953,25.93000030517578,289.5400085449219,134.0,0.18184520304203033,0.0002779532806016505,10.0,0.998245120048523,0.998245120048523,0.998245120048523,0.001044507953338325,0.0,0.2903248965740204,405000.0,-0.010931232944130898,-0.0010790079832077026,2.3841859042583735e-10,0.48692601919174194,-0.1402071714401245,83.61978149414062,0.631607174873352,0.014728426933288574,1.4536484479904175,417.82220458984375,1.8862111568450928,0.5625388622283936,2.4487595558166504,1225.1104736328125,0.4943370521068573,0.15416380763053894,1.5651334524154663,0.08184339106082916,0.2576238214969635,2.0,0.5323599576950073,0.07755858451128006,-22.115236282348633,0.08184339106082916,-0.012939173728227615,0.03907346352934837,0.0,0.7154412865638733,0.0
230.44793701171875,28.31999969482422,289.5400085449219,135.0,0.1737510710954666,0.00041467513074167073,10.0,1.002111792564392,1.002111792564392,1.002111792564392,0.001493290881626308,0.0,0.28793570399284363,408000.0,0.01886563189327717,0.029796864837408066,2.3206075283610517e-08,0.4837515652179718,-0.0031744539737701416,83.33768463134766,0.7661988735198975,0.1345916986465454,3.1925511360168457,420.2762451171875,1.8874735832214355,0.5578293800354004,2.445312261581421,1226.8375244140625,0.28594836592674255,0.17117252945899963,2.49558162689209,0.24459905922412872,0.39679762721061707,1.0,0.5389906167984009,0.2241455614566803,-429.3638916015625,0.24459905922412872,0.022913895547389984,0.025670256465673447,0.0,0.8826729655265808,0.0
230.01089477539062,26.969999313354492,289.5400085449219,136.0,0.1895083636045456,0.00037348977639339864,10.0,0.993072509765625,0.993072509765625,0.993072509765625,0.004898503422737122,0.0,0.2927522659301758,411000.0,-0.031099872663617134,-0.0499655045568943,2.7020772286334704e-09,0.5060260891914368,0.022274523973464966,81.7434310913086,3.5537168979644775,2.78751802444458,3.4264075756073,422.7391357421875,1.8974721431732178,0.5567760467529297,2.4542572498321533,1222.3658447265625,0.5486901998519897,0.18046700954437256,0.8822410702705383,0.06643173098564148,0.26469686627388,1.0,2.4960525035858154,0.052257098257541656,-12.083534240722656,0.06643173098564148,-0.06741645187139511,0.3206416368484497,0.0,0.24974973499774933,0.0
230.5225067138672,27.559999465942383,289.5400085449219,137.0,0.19940513372421265,0.00027361090178601444,10.0,1.0001749992370605,1.0001749992370605,1.0001749992370605,0.00021930216462351382,0.0,0.2957248091697693,414000.0,-0.019661668688058853,0.011438203975558281,-6.993611467720484e-09,0.4696101248264313,-0.03641596436500549,83.93321990966797,0.7178077697753906,-2.835909128189087,2.0990755558013916,425.1932678222656,1.8860266208648682,0.5595598220825195,2.4455959796905518,1226.695068359375,0.3257392942905426,0.1614469587802887,1.7125829458236694,0.1884905993938446,0.4024106562137604,2.0,0.6206536293029785,0.17485053837299347,-150.341064453125,0.1884905993938446,-0.02438262104988098,0.04358572140336037,0.0,0.677396297454834,0.0
229.26690673828125,23.549999237060547,286.75,138.0,0.19944819808006287,0.0002905936853494495,10.0,0.9978544116020203,0.9978544116020203,0.9978544116020203,0.0012393391225486994,0.0,0.2956749200820923,417000.0,-0.03319013863801956,-0.013528469949960709,-1.2715657415895976e-09,0.8172115087509155,0.34760138392448425,83.6076889038086,0.8843037486076355,0.16649597883224487,0.7256151437759399,427.6521911621094,1.888965129852295,0.561176061630249,2.450150489807129,1224.4150390625,0.14965514838695526,0.10466626286506653,2.4118244647979736,0.8929901123046875,0.8742285966873169,2.0,2.037261724472046,0.1775081753730774,-2.408975839614868,0.8929901123046875,0.7869659662246704,0.8655920028686523,6.682028293609619,0.0,3.0
232.88914489746094,21.68000030517578,289.9700012207031,139.0,0.17838524281978607,0.00027595687424764037,10.0,1.0067059993743896,1.0067059993743896,1.0067059993743896,0.003991127945482731,0.0,0.2894759476184845,420000.0,-0.024230515584349632,0.00895962305366993,-1.255671211453091e-08,0.48681125044822693,-0.3304002583026886,83.1370849609375,1.0533839464187622,0.1690801978111267,1.686029314994812,430.1095275878906,1.8871827125549316,0.5617105960845947,2.448902130126953,1225.0389404296875,0.5610331892967224,0.16226699948310852,1.2278159856796265,0.06354081630706787,0.3615361154079437,2.0,1.2018241882324219,0.06324564665555954,-98.36460876464844,0.06354081630706787,-0.005750560201704502,0.11203375458717346,1.7824257612228394,0.0,3.0
232.70361328125,21.239999771118164,289.510009765625,140.0,0.16998891532421112,0.0002679506142158061,10.0,0.9957581162452698,0.9957581162452698,0.9957581162452698,0.0024740640074014664,0.0,0.2870999574661255,423000.0,-0.03477175533771515,-0.010541239753365517,1.1126199961353223e-09,1.9160975217819214,1.4292862713336945,82.45410919189453,1.2950068712234497,0.2416229248046875,1.831966519355774,432.61175537109375,1.9132447242736816,0.5799896717071533,2.493243455886841,1203.252197265625,0.2672406733036041,0.10935946553945541,2.5810770988464355,0.2800430655479431,0.5115215182304382,2.0,1.7464148998260498,0.24133911728858948,-22.839189529418945,0.2800430655479431,-0.15471595525741577,0.6184647083282471,3.741945266723633,0.0,3.0
235.75506591796875,20.649999618530273,292.1199951171875,141.0,0.1630837321281433,0.0003857185656670481,10.0,1.0008773803710938,1.0008773803710938,1.0008773803710938,0.000620345410425216,0.0,0.28503820300102234,426000.0,-0.029929863288998604,0.004841892048716545,-1.6212464259979242e-08,0.513683021068573,-1.4024145007133484,84.541748046875,0.8362463712692261,-0.45876049995422363,0.9738426804542542,435.07818603515625,1.895401954650879,0.5614228248596191,2.456834077835083,1221.083740234375,0.3915591835975647,0.19829751551151276,1.2969335317611694,0.13044729828834534,0.5064305067062378,1.0,0.5798535346984863,0.11946611851453781,-773.3821411132812,0.13044729828834534,-0.0163912121206522,0.024466566741466522,2.5538923740386963,0.0,3.0
236.05703735351562,19.809999465942383,292.1199951171875,142.0,0.15670408308506012,0.0004135860363021493,10.0,1.0043755769729614,1.0043755769729614,1.0043755769729614,0.00309402821585536,0.0,0.2832297384738922,429000.0,-0.03639831021428108,-0.006468446925282478,3.1789145538141383e-08,0.491786926984787,-0.02189609408378601,83.78584289550781,0.8927720785140991,0.05652570724487305,0.5831059813499451,437.5427551269531,1.8889224529266357,0.5674984455108643,2.456430196762085,1221.28466796875,0.2887858748435974,0.1275886446237564,1.3367760181427002,0.23981595039367676,0.4418105185031891,1.0,0.6627177596092224,0.1627240777015686,-447.1543273925781,0.23981595039367676,0.06814488768577576,0.06023624539375305,3.462773323059082,0.0,3.0
229.1222686767578,21.43000030517578,284.42999267578125,143.0,0.16280125081539154,0.00040891312528401613,10.0,0.9998243451118469,0.9998243451118469,0.9998243451118469,0.00012422080908436328,0.0,0.28486648201942444,432000.0,-0.015279678627848625,0.021118631586432457,6.675720420901143e-09,2.432420015335083,1.940633088350296,81.82360076904297,3.9980311393737793,3.10525906085968,1.567158579826355,440.0068359375,1.9015095233917236,0.5547041893005371,2.4562227725982666,1221.3878173828125,0.6961334943771362,0.14583440124988556,0.519277811050415,0.04127098619937897,0.20949199795722961,1.0,1.4707574844360352,0.038914769887924194,-13.199560165405273,0.04127098619937897,0.04766145348548889,0.9640939235687256,1.4365060329437256,0.0,3.0
227.09486389160156,20.290000915527344,281.95001220703125,144.0,0.16375191509723663,0.00040504775824956596,10.0,0.9979000091552734,0.9979000091552734,0.9979000091552734,0.0014849458821117878,0.0,0.28507354855537415,435000.0,-0.055241867899894714,-0.03996218927204609,6.039937439084042e-09,1.0976768732070923,-1.3347431421279907,83.30072784423828,0.7473805546760559,-3.2506505846977234,-0.1587267369031906,442.4460144042969,1.8741636276245117,0.5571424961090088,2.4313154220581055,1233.900146484375,0.2831784784793854,0.13000082969665527,1.9669743776321411,0.24940745532512665,0.4590774178504944,1.0,1.569690465927124,0.11923597753047943,-78.30804443359375,0.24940745532512665,-0.1920083463191986,0.2832202911376953,3.531341791152954,0.0,3.0
225.28530883789062,19.969999313354492,279.1099853515625,145.0,0.15517131984233856,0.0002719114418141544,10.0,1.0038701295852661,1.0038701295852661,1.0038701295852661,0.0023139677941799164,0.0,0.2826285660266876,438000.0,-0.015615424141287804,0.03962644375860691,-1.907348723406699e-09,0.6885324120521545,-0.40914446115493774,83.79558563232422,1.2720940113067627,0.5247134566307068,1.904024600982666,444.8878479003906,1.8753955364227295,0.5588152408599854,2.434220314025879,1232.427734375,0.31512579321861267,0.13049842417240143,0.8825200796127319,0.20140120387077332,0.5176441669464111,2.0,1.3921566009521484,0.20032280683517456,-368.42974853515625,0.20140120387077332,0.008605372160673141,0.06866853684186935,3.1733360290527344,0.0,3.0
225.8731231689453,17.700000762939453,279.1099853515625,146.0,0.14679598808288574,0.0002550586359575391,10.0,1.001623511314392,1.001623511314392,1.001623511314392,0.0009394421940669417,0.0,0.2802548110485077,441000.0,0.00346471113152802,0.019080135272815824,1.5417734644529446e-08,0.7860291004180908,0.09749668836593628,83.87080383300781,0.7454328536987305,-0.5266611576080322,0.8559013605117798,447.3192443847656,1.8628270626068115,0.5606846809387207,2.4235215187072754,1237.8685302734375,0.45902544260025024,0.14740779995918274,0.8251858949661255,0.09491971880197525,0.4014151394367218,2.0,0.9619460105895996,0.08897953480482101,-257.10076904296875,0.09491971880197525,0.03508765250444412,0.20725664496421814,2.1785285472869873,0.0,3.0
225.73687744140625,17.559999465942383,279.1099853515625,147.0,0.1331518292427063,0.00014831019507255405,10.0,1.001426339149475,1.001426339149475,1.001426339149475,0.0007924206438474357,0.0,0.276467889547348,444000.0,1.565708407724742e-05,-0.0034490540474507725,3.178914353973994e-10,0.6112953424453735,-0.17473375797271729,84.19851684570312,0.7555874586105347,0.0101546049118042,1.3533713817596436,449.7548828125,1.8660783767700195,0.561737060546875,2.427825450897217,1235.6739501953125,0.47891899943351746,0.09345097094774246,0.9496970176696777,0.08719785511493683,0.3048889935016632,3.0,0.7767785787582397,0.04980282112956047,-577.589599609375,0.08719785511493683,0.059863582253456116,0.09583219885826111,2.088035821914673,0.0,3.0
227.7419891357422,18.040000915527344,281.8999938964844,148.0,0.12300506979227066,0.00041610453627072275,10.0,1.0032038688659668,1.0032038688659668,1.0032038688659668,0.0022654773201793432,0.0,0.2736699879169464,447000.0,-0.02488819696009159,-0.02490385404416884,-2.892812034360759e-08,0.5318505764007568,-0.0794447660446167,84.2123794555664,0.9475809335708618,0.19199347496032715,1.8070670366287231,452.1934509277344,1.8727247714996338,0.5581321716308594,2.4308664798736572,1234.1279296875,0.4486294984817505,0.11268296092748642,1.1982089281082153,0.09936977177858353,0.2511715590953827,1.0,0.5124922394752502,0.08406773209571838,-1169.4703369140625,0.09936977177858353,0.02517593279480934,0.04142109677195549,2.229010820388794,0.0,3.0
230.35214233398438,18.299999237060547,284.19000244140625,149.0,0.11979490518569946,0.0004160290118306875,10.0,1.003170371055603,1.003170371055603,1.003170371055603,0.0022417628206312656,0.0,0.27279725670814514,450000.0,-0.014035195112228394,0.010853001847863197,1.732508358998075e-08,0.8535337448120117,0.3216831684112549,83.59891510009766,0.6778342723846436,-0.26974666118621826,1.3071703910827637,454.63519287109375,1.8766908645629883,0.5573179721832275,2.43401837348938,1232.5299072265625,0.5698069334030151,0.10632657259702682,0.8682717680931091,0.061599113047122955,0.18660102784633636,1.0,0.47656670212745667,0.05119285732507706,-1832.1717529296875,0.061599113047122955,0.015967488288879395,0.024500707164406776,1.754980444908142,0.0,3.0
231.73472595214844,18.950000762939453,286.989990234375,150.0,0.09391269087791443,0.0002769304846879095,10.0,1.0013155937194824,1.0013155937194824,1.0013155937194824,0.0007602809346280992,0.0,0.2658442556858063,453000.0,-0.010510087013244629,0.0035251080989837646,-1.7166136956348055e-08,0.4983004927635193,-0.35523325204849243,83.91419219970703,0.6457785367965698,-0.03205573558807373,1.011824131011963,457.0716247558594,1.8707852363586426,0.5576937198638916,2.4284884929656982,1235.3365478515625,0.5436609983444214,0.0983966812491417,1.2366845607757568,0.06766647845506668,0.2262362539768219,2.0,0.4831452965736389,0.05476923659443855,-3032.5048828125,0.06766647845506668,0.012476751580834389,0.012069961056113243,1.8393815755844116,0.0,3.0
231.60195922851562,21.190000534057617,286.989990234375,151.0,0.05569794774055481,0.00028540260973386467,10.0,1.0021318197250366,1.0021318197250366,1.0021318197250366,0.0012542784679681063,0.0,0.25591325759887695,456000.0,-0.020260721445083618,-0.00975063443183899,2.0503998499066256e-08,0.4405095875263214,-0.057790905237197876,85.31674194335938,1.4382635354995728,0.7924849987030029,2.3618273735046387,459.5130615234375,1.873669147491455,0.55983567237854,2.433514356613159,1232.78515625,0.4978128969669342,0.11318749934434891,1.7311400175094604,0.08070448040962219,0.2842119634151459,2.0,0.416975736618042,0.06941992044448853,-546.4569091796875,0.08070448040962219,0.017313357442617416,0.026563044637441635,2.008786916732788,0.0,3.0
233.6651611328125,22.040000915527344,289.739990234375,152.0,0.02367861568927765,0.0002786827099043876,10.0,1.0052599906921387,1.0052599906921387,1.0052599906921387,0.003121919697150588,0.0,0.24784430861473083,459000.0,-0.023220865055918694,-0.0029601436108350754,-1.2715657859985185e-08,0.43891116976737976,-0.0015984177589416504,84.06562042236328,0.7138206362724304,-0.7244428992271423,1.5731816291809082,461.94842529296875,1.8694655895233154,0.558082103729248,2.4275574684143066,1235.8101806640625,0.5195273160934448,0.14378343522548676,1.2953519821166992,0.07409913837909698,0.3459477424621582,2.0,0.9640350937843323,0.07397376000881195,-391.0218200683594,0.07409913837909698,-0.0016760742291808128,0.02240576595067978,1.9248266220092773,0.0,3.0
238.23704528808594,22.3799991607666,294.67999267578125,153.0,-0.0009007598273456097,0.0002723905781749636,10.0,1.0061556100845337,1.0061556100845337,1.0061556100845337,0.0035737180151045322,0.0,0.24178381264209747,462000.0,-0.05387973040342331,-0.030658865347504616,-5.08626296635839e-09,0.46346500515937805,0.02455383539199829,84.54438781738281,1.2415632009506226,0.5277425646781921,2.7427241802215576,464.43017578125,1.88397216796875,0.5898869037628174,2.4738681316375732,1212.676025390625,0.36554086208343506,0.0998542457818985,2.081291437149048,0.14967802166938782,0.341460645198822,2.0,0.9013369083404541,0.09375511854887009,-111.47986602783203,0.14967802166938782,0.05867581441998482,0.06156422942876816,2.7356722354888916,0.0,3.0
240.2259521484375,23.459999084472656,297.1600036621094,154.0,-0.020875826478004456,0.0002745668462011963,10.0,1.0012239217758179,1.0012239217758179,1.0012239217758179,0.0007233947981148958,0.0,0.23698541522026062,465000.0,-0.02699332870543003,0.02688640169799328,-9.218851459991129e-09,0.43081554770469666,-0.032649457454681396,84.77630615234375,0.6572250127792358,-0.5843381881713867,1.0895878076553345,466.90936279296875,1.9122910499572754,0.5587496757507324,2.4710514545440674,1214.058349609375,0.4653033912181854,0.07593835890293121,1.4668054580688477,0.09237564355134964,0.2040022760629654,2.0,0.4334994852542877,0.09133055061101913,-205.109130859375,0.09237564355134964,-0.0034760443959385157,0.01156150083988905,2.1491353511810303,0.0,3.0
242.94476318359375,22.170000076293945,300.0,155.0,-0.02620675228536129,0.0004137110954616219,10.0,1.0023473501205444,1.0023473501205444,1.0023473501205444,0.0016597429057583213,0.0,0.23573260009288788,468000.0,-0.04427191615104675,-0.017278587445616722,1.494089829634504e-08,0.48052603006362915,0.049710482358932495,86.0782699584961,0.618256151676178,-0.03896886110305786,0.5664048790931702,469.3593444824219,1.8795154094696045,0.5626144409179688,2.4421396255493164,1228.431396484375,0.5543736219406128,0.11111471056938171,1.1471349000930786,0.06507659703493118,0.2004329264163971,1.0,0.5666786432266235,0.06451299786567688,-1288.4312744140625,0.06507659703493118,0.0018717012135311961,0.006215902045369148,1.8038376569747925,0.0,3.0
243.32754516601562,23.84000015258789,300.0,156.0,-0.04276195168495178,0.0002695758594200015,10.0,0.9991313219070435,0.9991313219070435,0.9991313219070435,0.0006252453895285726,0.0,0.23187807202339172,471000.0,-0.030139967799186707,0.014131948351860046,2.2888183792701966e-08,0.42072850465774536,-0.05979752540588379,85.45726776123047,0.9533960223197937,0.3351398706436157,1.793504238128662,471.8206787109375,1.8919644355773926,0.5615301132202148,2.453503370285034,1222.7415771484375,0.3607906997203827,0.11218142509460449,2.0220935344696045,0.15364530682563782,0.38866522908210754,2.0,0.5998649001121521,0.15118198096752167,-23.86667251586914,0.15364530682563782,0.011779874563217163,0.05633264407515526,2.7716901302337646,0.0,3.0
243.8215789794922,24.010000228881836,300.0,157.0,-0.07435104250907898,0.0002774377353489399,10.0,1.0038037300109863,1.0038037300109863,1.0038037300109863,0.002249420154839754,0.0,0.22474727034568787,474000.0,-0.026427676901221275,0.003712290897965431,8.265176987265477e-09,0.4089682400226593,-0.01176026463508606,85.61408996582031,0.6286135911941528,-0.32478243112564087,1.4706414937973022,474.2738952636719,1.875192403793335,0.5700950622558594,2.4452970027923584,1226.8450927734375,0.412797212600708,0.1113445907831192,1.663045048713684,0.11736983060836792,0.33716487884521484,2.0,0.6838561296463013,0.11327489465475082,-62.57341384887695,0.11736983060836792,0.008007450960576534,0.0156581811606884,2.422497034072876,0.0,3.0
244.74302673339844,23.309999465942383,300.0,158.0,-0.07857483625411987,0.00028414689586497843,10.0,1.0175813436508179,1.0175813436508179,1.0175813436508179,0.01063872966915369,0.0,0.22376258671283722,477000.0,-0.19927677512168884,-0.17284909822046757,-2.7656554379973386e-08,0.44885680079460144,0.03988856077194214,86.8965072631836,0.6371469497680664,0.008533358573913574,1.5829769372940063,476.708984375,1.8664207458496094,0.5606117248535156,2.4270412921905518,1236.072998046875,0.34252479672431946,0.0955607146024704,1.3888888359069824,0.17046919465065002,0.34873655438423157,2.0,0.43660998344421387,0.13762599229812622,-122.82109069824219,0.17046919465065002,0.02763362228870392,0.023250369355082512,2.919496774673462,0.0,3.0
245.05413818359375,24.190000534057617,300.0,159.0,-0.0986616462469101,0.00028106069657951593,10.0,0.995919406414032,0.995919406414032,0.995919406414032,0.0024114286061376333,0.0,0.21934396028518677,480000.0,-0.02847517654299736,0.17080159857869148,4.641215056722103e-08,0.4141896069049835,-0.03466719388961792,86.23818969726562,1.3530480861663818,0.7159011363983154,1.8738043308258057,479.1407775878906,1.8648929595947266,0.5586874485015869,2.4235892295837402,1237.8336181640625,0.46420803666114807,0.09526173025369644,1.265767216682434,0.09281211346387863,0.25651678442955017,2.0,4.327426910400391,0.08481015264987946,-1.800308108329773,0.09281211346387863,-0.05370447784662247,0.36043304204940796,2.1542065143585205,0.0,3.0
247.00048828125,23.989999771118164,300.0,160.0,-0.13639897108078003,0.0002792242739815265,10.0,1.0014407634735107,1.0014407634735107,1.0014407634735107,0.0008427298744209111,0.0,0.21119356155395508,483000.0,-0.029385194182395935,-0.0009100176393985748,1.017252593271678e-08,0.3982163071632385,-0.015973299741744995,87.53059387207031,0.7497260570526123,-0.6033220291137695,1.209438681602478,481.5779113769531,1.868499755859375,0.5604760646820068,2.428985118865967,1235.0841064453125,0.46584150195121765,0.1130748763680458,1.8752413988113403,0.0921623632311821,0.3034156560897827,2.0,1.6572880744934082,0.08885310590267181,-34.20932388305664,0.0921623632311821,0.009930882602930069,0.02980193868279457,2.146652936935425,0.0,3.0
247.0096435546875,21.899999618530273,300.0,161.0,-0.16464084386825562,0.0002738450712058693,10.0,1.000107765197754,1.000107765197754,1.000107765197754,0.00020911339379381388,0.0,0.2052597552537918,486000.0,-0.02837727963924408,0.0010079145431518555,1.4305114870438729e-09,0.39841827750205994,0.00020197033882141113,85.93291473388672,0.6905933618545532,-0.05913269519805908,1.4810711145401,484.0101318359375,1.868417739868164,0.556035041809082,2.424461603164673,1237.388427734375,0.5111503005027771,0.08602941781282425,1.7368587255477905,0.07654780149459839,0.2103819102048874,2.0,1.177663803100586,0.07634708285331726,-177.21192932128906,0.07654780149459839,0.0032990111503750086,0.05422274023294449,1.956371784210205,0.0,3.0
248.20265197753906,21.600000381469727,300.0,162.0,-0.17866866290569305,0.00039118147105909884,10.0,1.0037697553634644,1.0037697553634644,1.0037697553634644,0.002665591426193714,0.0,0.20238499343395233,489000.0,-0.04605627804994583,-0.01767899841070175,-5.08626296635839e-09,0.4030331075191498,0.004614830017089844,86.56710052490234,0.6438087821006775,-0.04678457975387573,1.3458197116851807,486.4560546875,1.8834295272827148,0.5546395778656006,2.4380784034729004,1230.4775390625,0.3856741786003113,0.09943842142820358,2.899502754211426,0.13445866107940674,0.25783011317253113,1.0,0.25898855924606323,0.11608395725488663,-1023.3599243164062,0.13445866107940674,0.0144069017842412,0.011295889504253864,2.592862129211426,0.0,3.0
249.1953887939453,19.860000610351562,300.0,163.0,-0.19644582271575928,0.0002788159472402185,10.0,0.9998352527618408,0.9998352527618408,0.9998352527618408,0.0005702159251086414,0.0,0.1988239884376526,492000.0,-0.017982810735702515,0.028073467314243317,2.3325284814745828e-08,0.39073893427848816,-0.012294173240661621,87.24762725830078,0.6113855838775635,-0.032423198223114014,1.0525271892547607,488.8865661621094,1.8661587238311768,0.5563962459564209,2.4225635528564453,1238.3577880859375,0.36242690682411194,0.07335688173770905,1.956874966621399,0.1522611379623413,0.25300583243370056,2.0,1.0705482959747314,0.1497635692358017,-1724.1937255859375,0.1522611379623413,0.006186232902109623,0.01532268151640892,2.7591769695281982,0.0,3.0
250.3132781982422,19.84000015258789,300.0,164.0,-0.2263936698436737,0.00028463572380132973,10.0,1.0031359195709229,1.0031359195709229,1.0031359195709229,0.0018615793669596314,0.0,0.19297575950622559,495000.0,-0.027118053287267685,-0.00913524255156517,-5.976359318538016e-08,0.3777937889099121,-0.01294514536857605,87.68707275390625,0.5813564658164978,-0.030029118061065674,0.9501634240150452,491.31964111328125,1.8643138408660889,0.560828447341919,2.425151824951172,1237.036376953125,0.4132802486419678,0.10353758186101913,2.162142038345337,0.11709563434123993,0.31315791606903076,2.0,0.19489331543445587,0.10943470895290375,-9001.208984375,0.11709563434123993,-0.004760355688631535,0.002957985969260335,2.419665575027466,0.0,3.0
250.8756103515625,20.209999084472656,300.0,165.0,-0.2562701106071472,0.0002890852920245379,10.0,0.9982864856719971,0.9982864856719971,0.9982864856719971,0.001003173179924488,0.0,0.18728841841220856,498000.0,-0.02712603285908699,-7.97957181930542e-06,-1.2715657859985185e-08,0.3711446523666382,-0.006649136543273926,86.72782135009766,0.6281803846359253,0.04682391881942749,1.0886951684951782,493.7554931640625,1.8717210292816162,0.5562191009521484,2.4279487133026123,1235.6112060546875,0.5215901136398315,0.10258360207080841,2.041372060775757,0.07351420819759369,0.24584342539310455,2.0,0.3384067714214325,0.05840850621461868,-2108.843017578125,0.07351420819759369,-0.012819817289710045,0.010879836976528168,1.917214274406433,0.0,3.0
