Metrics/EpRet,Metrics/EpCost,Metrics/EpLen,Train/Epoch,Train/Entropy,Train/KL,Train/StopIter,Train/PolicyRatio,Train/PolicyRatio/Min,Train/PolicyRatio/Max,Train/PolicyRatio/Std,Train/LR,Train/PolicyStd,TotalEnvSteps,Loss/Loss_pi,Loss/Loss_pi/Delta,Value/Adv,Loss/Loss_reward_critic,Loss/Loss_reward_critic/Delta,Value/reward,Loss/Loss_cost_critic,Loss/Loss_cost_critic/Delta,Value/cost,Time/Total,Time/Rollout,Time/Update,Time/Epoch,Time/FPS,Misc/Alpha,Misc/FinalStepNorm,Misc/gradient_norm,Misc/xHx,Misc/H_inv_g,Misc/AcceptanceStep,Misc/cost_gradient_norm,Misc/A,Misc/B,Misc/q,Misc/r,Misc/s,Misc/Lambda_star,Misc/Nu_star,Misc/OptimCase
8.105704307556152,20.28333282470703,33.21666717529297,0.0,1.4211019277572632,0.0003116245206911117,10.0,0.9972397685050964,0.9972397685050964,0.9972397685050964,0.0019518205663189292,0.0,1.002166748046875,2000.0,-0.015721740201115608,-0.015721740201115608,2.6702881683604573e-08,4.574492454528809,4.574492454528809,0.2778013050556183,48.6749382019043,48.6749382019043,-0.19088859856128693,1.5740480422973633,1.1693010330200195,0.4045567512512207,1.573868751525879,1270.75439453125,1.080774188041687,0.3948547840118408,0.23418569564819336,0.017122210934758186,0.36534440517425537,1.0,0.3230743110179901,0.015071778558194637,-243.23025512695312,0.017122210934758186,-0.013694031164050102,0.09145703911781311,0.9252626895904541,0.0,3.0
11.382628440856934,20.899999618530273,36.75,1.0,1.4234237670898438,0.0003196252800989896,10.0,0.9938802719116211,0.9938802719116211,0.9938802719116211,0.0036529293283820152,0.0,1.00449538230896,4000.0,-0.023037755861878395,-0.007316015660762787,0.0,14.2011079788208,9.626615524291992,1.8912864923477173,25.860591888427734,-22.814346313476562,4.463055610656738,3.046461582183838,1.0706901550292969,0.3934152126312256,1.4641156196594238,1366.0125732421875,0.928087055683136,0.37404146790504456,0.1908181607723236,0.023219473659992218,0.5037801265716553,2.0,0.3577028512954712,0.015780078247189522,-120.98661041259766,0.023219473659992218,-0.032147571444511414,0.13891804218292236,1.0774850845336914,0.0,3.0
15.456539154052734,22.239999771118164,41.529998779296875,2.0,1.4021689891815186,0.00030595838325098157,10.0,0.9983085989952087,0.9983085989952087,0.9983085989952087,0.00099465053062886,0.0,0.9834502935409546,6000.0,-0.016482334583997726,0.006555421277880669,2.0921230969861426e-08,14.53980827331543,0.3387002944946289,4.533372402191162,24.783735275268555,-1.0768566131591797,9.130074501037598,4.517717361450195,1.0741512775421143,0.3889918327331543,1.4631526470184326,1366.911865234375,1.0854096412658691,0.3498905301094055,0.13497203588485718,0.01697627454996109,0.4029475152492523,2.0,0.35647720098495483,0.014604393392801285,-50.81153106689453,0.01697627454996109,-0.01885337010025978,0.14985975623130798,0.9213111400604248,0.0,3.0
16.950977325439453,22.670000076293945,42.79999923706055,3.0,1.3858895301818848,0.000388871761970222,10.0,0.9976662993431091,0.9976662993431091,0.9976662993431091,0.0016501895152032375,0.0,0.967522144317627,8000.0,-0.019771810621023178,-0.0032894760370254517,-6.1988831845383174e-09,11.174263954162598,-3.365544319152832,6.027228355407715,28.39487648010254,3.6111412048339844,12.299810409545898,5.987903594970703,1.0568714141845703,0.4053049087524414,1.4621853828430176,1367.8160400390625,1.3315775394439697,0.3342112898826599,0.260580837726593,0.011279677040874958,0.2509889602661133,1.0,0.6816709041595459,0.008884768933057785,-17.40205955505371,0.011279677040874958,-0.027318105101585388,0.3116106688976288,0.7509889602661133,0.0,3.0
18.76639747619629,24.31999969482422,46.06999969482422,4.0,1.3781543970108032,0.0002702646015677601,10.0,1.0008608102798462,1.0008608102798462,1.0008608102798462,0.0005141869187355042,0.0,0.9600372910499573,10000.0,-0.010380894877016544,0.009390915744006634,4.768371808516747e-10,12.481302261352539,1.3070383071899414,7.031948089599609,19.02445411682129,-9.37042236328125,14.048876762390137,7.440313339233398,1.0502407550811768,0.39374566078186035,1.4439961910247803,1385.045654296875,1.709354043006897,0.2632390856742859,0.19229795038700104,0.006844872143119574,0.19249896705150604,2.0,0.3358079493045807,0.006581815890967846,-2.6267480850219727,0.006844872143119574,-0.006779178511351347,0.17470508813858032,0.5850163102149963,0.0,3.0
20.173892974853516,24.010000228881836,46.709999084472656,5.0,1.3752720355987549,0.00028716344968415797,10.0,1.0013772249221802,1.0013772249221802,1.0013772249221802,0.000808512675575912,0.0,0.9572742581367493,12000.0,-0.011135217733681202,-0.0007543228566646576,-5.7220459481754915e-09,13.406103134155273,0.9248008728027344,7.957314968109131,14.997594833374023,-4.026859283447266,15.159773826599121,8.909120559692383,1.0715985298156738,0.3889906406402588,1.4605991840362549,1369.3017578125,1.747999668121338,0.3266211152076721,0.14944559335708618,0.006545557640492916,0.23356778919696808,2.0,0.4052402079105377,0.005416399333626032,-11.621480941772461,0.006545557640492916,-0.009750084951519966,0.08419027179479599,0.5720824599266052,0.0,3.0
20.187744140625,22.719999313354492,44.77000045776367,6.0,1.332294225692749,0.0002592910605017096,10.0,0.9979701638221741,0.9979701638221741,0.9979701638221741,0.0012118823360651731,0.0,0.9172937870025635,14000.0,-0.007032462861388922,0.00410275487229228,-3.814697446813398e-09,14.895553588867188,1.489450454711914,8.468609809875488,16.958173751831055,1.9605789184570312,16.033641815185547,10.439080238342285,1.0588891506195068,0.4630014896392822,1.5219013690948486,1314.14599609375,1.939527153968811,0.44364893436431885,0.09192030131816864,0.005316642578691244,0.285925954580307,2.0,0.5883895754814148,0.005313477478921413,-36.52462387084961,0.005316642578691244,-0.0006709808949381113,0.14224807918071747,0.5155895948410034,0.0,3.0
21.910947799682617,21.709999084472656,45.5099983215332,7.0,1.319339394569397,0.00029752886621281505,10.0,0.9986640214920044,0.9986640214920044,0.9986640214920044,0.0007742690504528582,0.0,0.9052018523216248,16000.0,-0.00703082699328661,1.635868102312088e-06,-2.6226043559063328e-09,12.471240043640137,-2.424313545227051,8.749268531799316,11.98532772064209,-4.972846031188965,16.338041305541992,11.965323448181152,1.1217076778411865,0.3954963684082031,1.5172135829925537,1318.20654296875,1.8007230758666992,0.3453627824783325,0.10396191477775574,0.006167872808873653,0.23973894119262695,2.0,0.41545870900154114,0.005524694919586182,-143.83416748046875,0.006167872808873653,0.006956653669476509,0.07524359971284866,0.5553324818611145,0.0,3.0
22.535852432250977,23.6299991607666,48.02000045776367,8.0,1.319989800453186,0.000261570094153285,10.0,1.0033830404281616,1.0033830404281616,1.0033830404281616,0.0020049421582370996,0.0,0.9057893753051758,18000.0,-0.011230593547224998,-0.004199766553938389,-1.6689301052252858e-09,11.038743019104004,-1.4324970245361328,8.657713890075684,11.095059394836426,-0.8902683258056641,16.433805465698242,13.45650863647461,1.0901215076446533,0.39301609992980957,1.483147144317627,1348.4844970703125,1.1607586145401,0.42330402135849,0.2086072564125061,0.014843826182186604,0.4558483958244324,2.0,0.5551798343658447,0.014331021346151829,-14.647309303283691,0.014843826182186604,0.008100684732198715,0.12796498835086823,0.8615055680274963,0.0,3.0
22.047510147094727,24.350000381469727,48.189998626708984,9.0,1.3000825643539429,0.0002913068456109613,10.0,1.001702904701233,1.001702904701233,1.001702904701233,0.0010210506152361631,0.0,0.8879992961883545,20000.0,-0.010060283355414867,0.001170310191810131,2.8610229740877458e-09,10.430804252624512,-0.6079387664794922,8.955485343933105,9.657933235168457,-1.4371261596679688,16.728605270385742,14.936537742614746,1.0656301975250244,0.4062933921813965,1.4719336032867432,1358.75732421875,1.3990812301635742,0.325530469417572,0.1874980330467224,0.010217476636171341,0.29084306955337524,2.0,0.5369822382926941,0.01011870801448822,-2.68418288230896,0.010217476636171341,0.003928301390260458,0.15623924136161804,0.7147547602653503,0.0,3.0
22.310256958007812,24.670000076293945,48.470001220703125,10.0,1.2993050813674927,0.00039456397644244134,10.0,1.0001500844955444,1.0001500844955444,1.0001500844955444,0.0001061538714566268,0.0,0.8872489929199219,22000.0,-0.0258256196975708,-0.015765336342155933,8.344650526126429e-10,12.665717124938965,2.234912872314453,10.12846565246582,9.313044548034668,-0.34488868713378906,17.250125885009766,16.482656478881836,1.1171464920043945,0.42072153091430664,1.537879228591919,1300.4927978515625,1.1367849111557007,0.21705155074596405,0.39106184244155884,0.015476512722671032,0.19093458354473114,1.0,1.4625678062438965,0.010642485693097115,-0.2971349358558655,0.015476512722671032,-0.04074237495660782,0.34338676929473877,0.8796738982200623,0.0,3.0
23.939958572387695,25.399999618530273,51.08000183105469,11.0,1.3060150146484375,0.00033118424471467733,10.0,0.9996915459632874,0.9996915459632874,0.9996915459632874,0.00021809588361065835,0.0,0.8932240605354309,24000.0,-0.015270602889358997,0.010555016808211803,3.3378602104505717e-09,7.608315467834473,-5.057401657104492,9.456454277038574,5.716460227966309,-3.5965843200683594,16.73067855834961,17.951642990112305,1.0658013820648193,0.39487290382385254,1.4606842994689941,1369.2216796875,1.1368932723999023,0.38194137811660767,0.3310311436653137,0.015473561361432076,0.3623378872871399,1.0,0.621951699256897,0.012064538896083832,-1.766608715057373,0.015473561361432076,-0.01747268997132778,0.08955496549606323,0.0,0.4725743234157562,0.0
23.761741638183594,24.040000915527344,49.59000015258789,12.0,1.30950129032135,0.0003651752194855362,10.0,1.0011348724365234,1.0011348724365234,1.0011348724365234,0.0008024760172702372,0.0,0.8963387608528137,26000.0,-0.012056865729391575,0.0032137371599674225,-7.152557435219364e-10,15.155723571777344,7.547408103942871,10.621079444885254,8.520757675170898,2.80429744720459,17.13660430908203,19.424571990966797,1.0736286640167236,0.3912482261657715,1.4648866653442383,1365.2938232421875,1.1941041946411133,0.5693269371986389,0.19058263301849365,0.014026367105543613,0.4767816662788391,1.0,1.5637060403823853,0.013747520744800568,-2.7239022254943848,0.014026367105543613,-0.009677626192569733,0.3358713984489441,0.8374478816986084,0.0,3.0
25.498760223388672,24.059999465942383,51.220001220703125,13.0,1.3061697483062744,0.0002894761273637414,10.0,1.001155138015747,1.001155138015747,1.001155138015747,0.0006811063503846526,0.0,0.8933595418930054,28000.0,-0.015063231810927391,-0.003006366081535816,2.8610229740877458e-09,9.147666931152344,-6.008056640625,10.31564998626709,6.331434726715088,-2.1893229484558105,17.00550651550293,20.90606117248535,1.0544641017913818,0.4188222885131836,1.4732956886291504,1357.501220703125,1.2049328088760376,0.254550039768219,0.3998962342739105,0.01377539150416851,0.2640707492828369,2.0,1.1902589797973633,0.013272210024297237,-4.074814796447754,0.01377539150416851,-0.010420134291052818,0.21578532457351685,0.8299217820167542,0.0,3.0
27.265913009643555,24.959999084472656,54.560001373291016,14.0,1.309103012084961,0.0002807265263982117,10.0,1.0048906803131104,1.0048906803131104,1.0048906803131104,0.002878578845411539,0.0,0.8959832787513733,30000.0,-0.025765348225831985,-0.010702116414904594,-5.7220459481754915e-09,6.3794050216674805,-2.7682619094848633,9.565776824951172,5.873579978942871,-0.4578547477722168,16.635391235351562,22.382139205932617,1.0620231628417969,0.40593886375427246,1.4679725170135498,1362.423828125,1.0983762741088867,0.1582670956850052,0.5273491740226746,0.016577819362282753,0.20124176144599915,4.0,1.989330768585205,0.00820364709943533,0.015637770295143127,0.016577819362282753,-0.055422570556402206,0.36680176854133606,0.724295973777771,0.07210998237133026,2.0
30.0768985748291,26.459999084472656,59.720001220703125,15.0,1.3113020658493042,0.0003579885233193636,10.0,0.9991426467895508,0.9991426467895508,0.9991426467895508,0.0006062402972020209,0.0,0.8979557156562805,32000.0,-0.026048481464385986,-0.00028313323855400085,8.583068478174027e-09,9.51268196105957,3.13327693939209,12.018125534057617,5.285231590270996,-0.588348388671875,16.33677864074707,23.794458389282227,1.0250515937805176,0.37725043296813965,1.4023113250732422,1426.21728515625,1.0559433698654175,0.33924493193626404,0.4181140959262848,0.01793694496154785,0.3717835545539856,1.0,1.3310954570770264,0.00920935906469822,-8.541190147399902,0.01793694496154785,-0.04661573842167854,0.2489837259054184,0.0,0.28341934084892273,0.0
32.58161163330078,26.489999771118164,63.97999954223633,16.0,1.3172731399536133,0.00039783911779522896,10.0,0.9988553524017334,0.9988553524017334,0.9988553524017334,0.0008093880605883896,0.0,0.9033365845680237,34000.0,-0.022865375503897667,0.0031831059604883194,1.3351440841802287e-08,17.14700698852539,7.63432502746582,13.948715209960938,8.95766544342041,3.672433853149414,15.736062049865723,25.20250701904297,1.0223116874694824,0.3776817321777344,1.4000029563903809,1428.56884765625,0.8737792372703552,0.35276591777801514,0.2298233062028885,0.026195481419563293,0.4064348638057709,1.0,1.2357432842254639,0.022337274625897408,-8.293615341186523,0.026195481419563293,-0.032098446041345596,0.2670437693595886,0.0,0.2736678421497345,0.0
36.44658660888672,26.639999389648438,69.88999938964844,17.0,1.3207591772079468,0.00038447228143922985,10.0,0.9975321888923645,0.9975321888923645,0.9975321888923645,0.0017449918668717146,0.0,0.9064865112304688,36000.0,-0.03634672984480858,-0.013481354340910912,3.0994415922691587e-09,16.361465454101562,-0.7855415344238281,13.931396484375,9.641270637512207,0.6836051940917969,15.231976509094238,26.692970275878906,1.0777168273925781,0.40497875213623047,1.48270583152771,1348.8856201171875,0.6909984946250916,0.5455893874168396,0.3363804817199707,0.04188665747642517,0.43573325872421265,1.0,0.9022921323776245,0.02146708406507969,-9.463340759277344,0.04188665747642517,-0.07610028982162476,0.2836129069328308,0.0,0.26555347442626953,0.0
36.773841857910156,23.18000030517578,67.22000122070312,18.0,1.310991644859314,0.0004061383951921016,10.0,0.997418224811554,0.997418224811554,0.997418224811554,0.0018255767645314336,0.0,0.8976993560791016,38000.0,-0.01712382584810257,0.01922290399670601,2.0980834847250662e-08,36.18096160888672,19.819496154785156,16.90055274963379,14.064691543579102,4.4234209060668945,15.791757583618164,28.107404708862305,1.0241472721099854,0.3820629119873047,1.406219482421875,1422.2535400390625,1.2209527492523193,0.412426620721817,0.21189767122268677,0.013416274450719357,0.337790846824646,1.0,0.7916093468666077,0.0116112707182765,-16.888994216918945,0.013416274450719357,-0.018804052844643593,0.19589567184448242,0.8190324902534485,0.0,3.0
41.08787155151367,23.520000457763672,73.04000091552734,19.0,1.299830436706543,0.0002755349560175091,10.0,0.998934268951416,0.998934268951416,0.998934268951416,0.0006222417578101158,0.0,0.887717604637146,40000.0,-0.02606712281703949,-0.00894329696893692,-1.0490417423625331e-08,17.261571884155273,-18.919389724731445,15.920263290405273,10.462224960327148,-3.602466583251953,14.891780853271484,29.582292556762695,1.0605027675628662,0.40633702278137207,1.4668495655059814,1363.466796875,0.7222319841384888,0.22223305702209473,0.22337350249290466,0.03834214806556702,0.38462892174720764,2.0,0.48278170824050903,0.017587341368198395,-9.654790878295898,0.03834214806556702,-0.06854884326457977,0.2264026701450348,1.3845967054367065,0.0,3.0
43.709266662597656,23.040000915527344,75.87000274658203,20.0,1.2902252674102783,0.0003094057028647512,10.0,0.9982173442840576,0.9982173442840576,0.9982173442840576,0.0010387436486780643,0.0,0.8792365193367004,42000.0,-0.021537862718105316,0.004529260098934174,-1.4781951662712345e-08,20.125205993652344,2.8636341094970703,18.189773559570312,12.301902770996094,1.8396778106689453,14.765375137329102,31.02865982055664,1.007807970046997,0.43080902099609375,1.4386277198791504,1390.21435546875,0.9875410199165344,0.2669161856174469,0.4019508361816406,0.020507819950580597,0.3378545641899109,2.0,0.9337056279182434,0.01100138295441866,-24.12148666381836,0.020507819950580597,-0.038894012570381165,0.15912839770317078,1.0126161575317383,0.0,3.0
44.83384704589844,22.459999084472656,76.4000015258789,21.0,1.273102045059204,0.00036211576662026346,10.0,1.0014547109603882,1.0014547109603882,1.0014547109603882,0.0010285517200827599,0.0,0.8643493056297302,44000.0,-0.015441922470927238,0.006095940247178078,-4.768371808516747e-10,22.16984748840332,2.0446414947509766,19.277692794799805,12.852734565734863,0.5508317947387695,14.759649276733398,32.45453643798828,1.0333960056304932,0.38405466079711914,1.4174597263336182,1410.975341796875,0.9374191164970398,0.36582067608833313,0.2523811459541321,0.022759471088647842,0.39024239778518677,1.0,1.211946725845337,0.021457454189658165,-44.516639709472656,0.022759471088647842,-0.013733571395277977,0.14486059546470642,1.0667587518692017,0.0,3.0
45.069522857666016,25.260000228881836,80.0199966430664,22.0,1.237026572227478,0.0003578613686840981,10.0,1.0022121667861938,1.0022121667861938,1.0022121667861938,0.0015642099315300584,0.0,0.8338444232940674,46000.0,-0.014445984736084938,0.0009959377348423004,8.225440950582197e-08,5.895699501037598,-16.274147987365723,15.313472747802734,7.476706504821777,-5.376028060913086,14.687005043029785,33.897789001464844,1.0553476810455322,0.3803372383117676,1.4356944561004639,1393.0545654296875,0.767910897731781,0.3010837733745575,0.6003590822219849,0.033916279673576355,0.34822535514831543,1.0,0.4383462965488434,0.03072453662753105,-1.222153663635254,0.033916279673576355,-0.013179533183574677,0.05442168936133385,0.0,0.606218159198761,0.0
37.76590347290039,25.989999771118164,72.87000274658203,23.0,1.2120387554168701,0.00026879689539782703,10.0,1.0013576745986938,1.0013576745986938,1.0013576745986938,0.0007866521482355893,0.0,0.813117504119873,48000.0,0.0006018400308676064,0.015047824766952544,1.0490417423625331e-08,6.544454097747803,0.6487545967102051,13.594938278198242,5.367051601409912,-2.1096549034118652,15.170852661132812,35.319095611572266,1.0248534679412842,0.38826560974121094,1.4131286144256592,1415.2998046875,0.7500913739204407,0.2925170361995697,0.6083862781524658,0.03554688021540642,0.32457271218299866,2.0,0.5152267217636108,0.029686983674764633,-8.430761337280273,0.03554688021540642,0.026069464161992073,0.11597764492034912,0.0,0.4152674078941345,0.0
31.583436965942383,28.049999237060547,68.41000366210938,24.0,1.2087351083755493,0.0002970105269923806,10.0,0.9961134791374207,0.9961134791374207,0.9961134791374207,0.0027482272125780582,0.0,0.8104195594787598,50000.0,-0.02061014622449875,-0.021211986255366355,-2.8610229740877458e-09,6.326033592224121,-0.21842050552368164,10.76830005645752,7.094336032867432,1.7272844314575195,15.569183349609375,36.75672912597656,1.0402710437774658,0.3892250061035156,1.4295060634613037,1399.0850830078125,0.6722822785377502,0.30919450521469116,0.766955554485321,0.044251348823308945,0.2176923155784607,1.0,1.5212984085083008,0.03650841861963272,-42.743202209472656,0.044251348823308945,-0.04104094207286835,0.21753501892089844,0.0,0.30321478843688965,0.0
26.660306930541992,29.399999618530273,64.12999725341797,25.0,1.2049726247787476,0.00041665215394459665,10.0,1.001175880432129,1.001175880432129,1.001175880432129,0.0008315292070619762,0.0,0.8073781132698059,52000.0,-0.029205480590462685,-0.008595334365963936,2.3841859042583735e-10,4.6054887771606445,-1.7205448150634766,9.663382530212402,5.0495195388793945,-2.044816493988037,16.791854858398438,38.177886962890625,1.0322906970977783,0.3804590702056885,1.41275954246521,1415.6697998046875,0.6750323176383972,0.3319704532623291,0.8798033595085144,0.0438915379345417,0.2267942726612091,1.0,1.3498153686523438,0.029836557805538177,-95.61334228515625,0.0438915379345417,-0.05334123969078064,0.2024398297071457,0.0,0.31431636214256287,0.0
23.985746383666992,32.04999923706055,62.06999969482422,26.0,1.189548373222351,0.0004126672865822911,10.0,0.9974379539489746,0.9974379539489746,0.9974379539489746,0.0018116681603714824,0.0,0.7950559258460999,54000.0,-0.036764129996299744,-0.007558649405837059,4.0531160649948106e-09,3.3569233417510986,-1.248565435409546,8.598630905151367,6.610745429992676,1.5612258911132812,17.738277435302734,39.65129089355469,1.0530405044555664,0.41243886947631836,1.4654896259307861,1364.7320556640625,0.5700885057449341,0.28546494245529175,1.049768090248108,0.06153827905654907,0.3174634277820587,1.0,2.158740997314453,0.03492019325494766,-188.64930725097656,0.06153827905654907,-0.08373881876468658,0.26343706250190735,0.0,0.27553486824035645,0.0
24.36980438232422,34.40999984741211,63.720001220703125,27.0,1.1730296611785889,0.0003930050879716873,10.0,1.0013459920883179,1.0013459920883179,1.0013459920883179,0.000951675814576447,0.0,0.7820117473602295,56000.0,-0.030905673280358315,0.005858456715941429,2.145767119543507e-09,2.430400848388672,-0.9265224933624268,8.500774383544922,4.1655473709106445,-2.4451980590820312,19.075284957885742,41.281795501708984,1.1776659488677979,0.44461941719055176,1.6222963333129883,1232.82080078125,0.5970866084098816,0.22834080457687378,1.0853651762008667,0.056099019944667816,0.21050290763378143,1.0,1.753688097000122,0.024995505809783936,-590.56689453125,0.056099019944667816,-0.06828926503658295,0.1499323546886444,0.0,0.3652307093143463,0.0
23.375564575195312,32.9900016784668,60.16999816894531,28.0,1.1718248128890991,0.0002681098412722349,10.0,1.0022084712982178,1.0022084712982178,1.0022084712982178,0.0013196361251175404,0.0,0.7810536623001099,58000.0,-0.018850374966859818,0.012055298313498497,-1.3351440841802287e-08,6.202851295471191,3.7724504470825195,8.571739196777344,7.293536186218262,3.127988815307617,19.342748641967773,42.792388916015625,1.1032414436340332,0.398730993270874,1.501983880996704,1331.5726318359375,0.8345029950141907,0.14947916567325592,0.506277322769165,0.028719311580061913,0.3241480588912964,2.0,2.794652223587036,0.027296457439661026,-157.74761962890625,0.028719311580061913,-0.02399485558271408,0.40464654564857483,0.0,0.22231924533843994,0.0
21.587181091308594,30.290000915527344,54.81999969482422,29.0,1.1644701957702637,0.0002669700770638883,10.0,0.9999206066131592,0.9999206066131592,0.9999206066131592,0.00015802166308276355,0.0,0.7753375172615051,60000.0,-0.029192065820097923,-0.010341690853238106,-1.5020370724982968e-08,6.296311378479004,0.0934600830078125,7.822245121002197,7.8058953285217285,0.5123591423034668,18.214601516723633,44.294647216796875,1.0943007469177246,0.39949512481689453,1.4938056468963623,1338.8626708984375,0.5310333371162415,0.12062053382396698,0.7375011444091797,0.07092287391424179,0.4173337519168854,2.0,3.660200357437134,0.053897958248853683,-37.22048568725586,0.07092287391424179,-0.11310727894306183,0.7514431476593018,0.0,0.16314242780208588,0.0
20.066051483154297,27.579999923706055,50.2400016784668,30.0,1.1445833444595337,0.00027089123614132404,10.0,0.9972327947616577,0.9972327947616577,0.9972327947616577,0.0016390093369409442,0.0,0.7601050138473511,62000.0,-0.009422970935702324,0.0197690948843956,4.768371808516747e-10,7.914875030517578,1.6185636520385742,7.252264022827148,4.347287654876709,-3.4586076736450195,17.613828659057617,45.776580810546875,1.0778584480285645,0.39607977867126465,1.4739484786987305,1356.900146484375,0.48418357968330383,0.10859283059835434,0.7046295404434204,0.08531194925308228,0.32642772793769836,2.0,1.9306451082229614,0.08513519912958145,-27.594968795776367,0.08531194925308228,0.006527140736579895,0.24104315042495728,0.0,0.2880498170852661,0.0
18.493852615356445,24.25,46.29999923706055,31.0,1.1496531963348389,0.000390348257496953,10.0,1.0027475357055664,1.0027475357055664,1.0027475357055664,0.0019427449442446232,0.0,0.7639414668083191,64000.0,-0.02361283451318741,-0.014189863577485085,-1.1444091896350983e-08,11.812101364135742,3.897226333618164,7.39105224609375,5.974820137023926,1.6275324821472168,17.25691795349121,47.28376770019531,1.104898452758789,0.3939332962036133,1.4988420009613037,1334.3641357421875,0.6086926460266113,0.19189266860485077,0.6205686330795288,0.05398011952638626,0.31525373458862305,1.0,0.8951066136360168,0.05314897000789642,-5.321109294891357,0.05398011952638626,0.009355900809168816,0.1053151935338974,1.6428653001785278,0.0,3.0
20.458847045898438,23.020000457763672,47.5,32.0,1.1381511688232422,0.00039074430242180824,10.0,0.9992628693580627,0.9992628693580627,0.9992628693580627,0.0005212160176597536,0.0,0.7552380561828613,66000.0,-0.02345106191933155,0.00016177259385585785,-1.287460360543946e-08,10.165800094604492,-1.64630126953125,8.496850967407227,5.670322895050049,-0.30449724197387695,18.055593490600586,48.77283477783203,1.0833992958068848,0.39760255813598633,1.4810123443603516,1350.4281005859375,0.6530049443244934,0.15350385010242462,0.3613991439342499,0.0469026044011116,0.2350730299949646,1.0,1.503897786140442,0.045783042907714844,-20.70039939880371,0.0469026044011116,-0.014554266817867756,0.18920475244522095,1.5313819646835327,0.0,3.0
22.88335609436035,23.6200008392334,51.31999969482422,33.0,1.1176643371582031,0.0003734418423846364,10.0,0.9965866208076477,0.9965866208076477,0.9965866208076477,0.002413609530776739,0.0,0.7399035096168518,68000.0,-0.014224151149392128,0.009226910769939423,-7.1525572131747595e-09,7.627803802490234,-2.537996292114258,9.551593780517578,3.5040786266326904,-2.1662442684173584,18.73532485961914,50.228729248046875,1.0553052425384521,0.3923799991607666,1.4476957321166992,1381.5062255859375,0.6741488575935364,0.21027427911758423,0.282122939825058,0.044006649404764175,0.3119107782840729,1.0,1.785537600517273,0.03762476518750191,-11.31986141204834,0.044006649404764175,0.032737791538238525,0.16793833673000336,1.4833519458770752,0.0,3.0
27.38772964477539,26.93000030517578,59.38999938964844,34.0,1.1063274145126343,0.0003570161934476346,10.0,0.9985203742980957,0.9985203742980957,0.9985203742980957,0.0010462814243510365,0.0,0.7315390706062317,70000.0,-0.018872134387493134,-0.0046479832381010056,-6.675720420901143e-09,3.4310741424560547,-4.19672966003418,9.760598182678223,1.5437942743301392,-1.9602843523025513,18.925914764404297,51.66236877441406,1.0309216976165771,0.3946802616119385,1.4256117343902588,1402.906982421875,0.6458098888397217,0.16272543370723724,0.685781717300415,0.0479535236954689,0.36338967084884644,1.0,1.5861519575119019,0.03816017881035805,-25.81663703918457,0.0479535236954689,-0.03757551312446594,0.14417126774787903,0.0,0.37245655059814453,0.0
28.49520492553711,26.760000228881836,61.08000183105469,35.0,1.1011667251586914,0.00039373652543872595,10.0,1.0034080743789673,1.0034080743789673,1.0034080743789673,0.0024098444264382124,0.0,0.7277698516845703,72000.0,-0.007934102788567543,0.01093803159892559,-9.536743617033494e-10,11.971488952636719,8.540414810180664,10.798125267028809,3.3292107582092285,1.7854164838790894,18.23810577392578,53.117645263671875,1.043349027633667,0.40407681465148926,1.4474358558654785,1381.7545166015625,0.5197961926460266,0.2262789011001587,0.5609943866729736,0.07402250915765762,0.4271475672721863,1.0,1.4502962827682495,0.07275786995887756,-22.69850730895996,0.07402250915765762,0.01313126552850008,0.1363469958305359,0.0,0.3829941749572754,0.0
28.727048873901367,26.360000610351562,61.349998474121094,36.0,1.081979751586914,0.00028987249243073165,10.0,1.003920555114746,1.003920555114746,1.003920555114746,0.0023287800140678883,0.0,0.7139782309532166,74000.0,-0.007360465824604034,0.0005736369639635086,3.814697446813398e-09,16.38838768005371,4.416898727416992,11.1508150100708,3.642462968826294,0.31325221061706543,17.144039154052734,54.621212005615234,1.0667030811309814,0.4268205165863037,1.4935345649719238,1339.105712890625,0.4526798129081726,0.19703026115894318,1.005350112915039,0.09759951382875443,0.33620792627334595,2.0,0.9285432696342468,0.09716163575649261,-23.055034637451172,0.09759951382875443,-0.0059244162403047085,0.08015595376491547,0.0,0.49951332807540894,0.0
27.773242950439453,22.40999984741211,57.2599983215332,37.0,1.0723206996917725,0.00037188033456914127,10.0,1.0005779266357422,1.0005779266357422,1.0005779266357422,0.00040871204691939056,0.0,0.7070809006690979,76000.0,-0.027783194556832314,-0.02042272873222828,5.2452087118126656e-09,22.42318344116211,6.034795761108398,11.915047645568848,4.524535179138184,0.8820722103118896,16.493919372558594,56.08414840698242,1.0541481971740723,0.4007151126861572,1.4548733234405518,1374.6905517578125,0.6412393450737,0.2281862497329712,0.8145253658294678,0.04863954707980156,0.3558518886566162,1.0,0.4487103521823883,0.03712141513824463,-75.44670867919922,0.04863954707980156,-0.03199728578329086,0.08888821303844452,1.55948007106781,0.0,3.0
28.961091995239258,21.5,57.77000045776367,38.0,1.0528734922409058,0.00032346570515073836,10.0,0.9992387890815735,0.9992387890815735,0.9992387890815735,0.0005382433882914484,0.0,0.6935061812400818,78000.0,-0.01528964377939701,0.012493550777435303,-6.43730180271973e-09,18.137571334838867,-4.285612106323242,12.590436935424805,4.449900150299072,-0.07463502883911133,17.251468658447266,57.647701263427734,1.1390209197998047,0.4136805534362793,1.5527119636535645,1288.0693359375,0.8795310854911804,0.2117452770471573,0.4435981512069702,0.02585398405790329,0.24074791371822357,1.0,1.4849462509155273,0.025382310152053833,-90.1399917602539,0.02585398405790329,0.008005378767848015,0.135869562625885,1.1369694471359253,0.0,3.0
30.679546356201172,21.260000228881836,59.20000076293945,39.0,1.0500693321228027,0.0003238469362258911,10.0,1.0001202821731567,1.0001202821731567,1.0001202821731567,8.508044993504882e-05,0.0,0.6915212273597717,80000.0,-0.007988302037119865,0.007301341742277145,2.38418573772492e-09,12.693025588989258,-5.444545745849609,12.663081169128418,3.657778263092041,-0.7921218872070312,17.6755313873291,59.10185241699219,1.042736530303955,0.403062105178833,1.4458119869232178,1383.306640625,0.9708800911903381,0.3516639471054077,0.15377983450889587,0.021217714995145798,0.36221152544021606,1.0,2.2755398750305176,0.01677885092794895,-59.4759407043457,0.021217714995145798,0.032304562628269196,0.23510171473026276,1.0299932956695557,0.0,3.0
35.665218353271484,24.459999084472656,67.62999725341797,40.0,1.0475643873214722,0.0002795758191496134,10.0,0.9976681470870972,0.9976681470870972,0.9976681470870972,0.0013570132432505488,0.0,0.6897890567779541,82000.0,-0.0243536289781332,-0.016365326941013336,-6.079673653403006e-09,2.7401700019836426,-9.952855587005615,12.937512397766113,0.8404310345649719,-2.817347228527069,17.80778694152832,60.547950744628906,1.0393562316894531,0.3919680118560791,1.4313337802886963,1397.298583984375,0.7252744436264038,0.165992870926857,1.1103399991989136,0.038021136075258255,0.2860863506793976,2.0,1.3644222021102905,0.011438241228461266,-4.666596412658691,0.038021136075258255,-0.040669314563274384,0.062220193445682526,1.3787884712219238,0.0,3.0
37.9603157043457,25.790000915527344,71.05000305175781,41.0,1.0489614009857178,0.000379713048459962,10.0,0.9996508955955505,0.9996508955955505,0.9996508955955505,0.0002468681486789137,0.0,0.6907513737678528,84000.0,-0.018129311501979828,0.006224317476153374,1.907348723406699e-09,5.228817939758301,2.488647937774658,14.051587104797363,1.3918521404266357,0.5514211058616638,17.986801147460938,61.977420806884766,1.0311839580535889,0.3900871276855469,1.421281099319458,1407.181884765625,0.8493055105209351,0.16005587577819824,0.8473033905029297,0.02772694081068039,0.2568623423576355,1.0,1.4158074855804443,0.01813022419810295,-7.616086483001709,0.02772694081068039,-0.028006158769130707,0.08173052966594696,0.0,0.494678258895874,0.0
39.911190032958984,27.010000228881836,74.61000061035156,42.0,1.0517008304595947,0.0002688716340344399,10.0,0.996749222278595,0.996749222278595,0.996749222278595,0.0019106150139123201,0.0,0.692645251750946,86000.0,-0.01099620945751667,0.007133102044463158,-7.1525572131747595e-09,16.903705596923828,11.674887657165527,15.490065574645996,4.9017486572265625,3.5098965167999268,17.057279586791992,63.42523956298828,1.0425891876220703,0.39734339714050293,1.4399418830871582,1388.9454345703125,1.5666885375976562,0.2477579116821289,0.18266922235488892,0.008148244582116604,0.1985522210597992,2.0,1.5344258546829224,0.008078740909695625,-14.425729751586914,0.008148244582116604,-0.004408894572407007,0.2796744108200073,0.0,0.26741674542427063,0.0
41.406124114990234,26.90999984741211,76.61000061035156,43.0,1.0575906038284302,0.0003726598515640944,10.0,0.9985721707344055,0.9985721707344055,0.9985721707344055,0.0010096137411892414,0.0,0.696742057800293,88000.0,-0.014802291058003902,-0.003806081600487232,-6.377697037152075e-09,15.17106819152832,-1.7326374053955078,15.377338409423828,3.529449462890625,-1.3722991943359375,17.510208129882812,64.90459442138672,1.077164888381958,0.39365530014038086,1.4708304405212402,1359.7764892578125,0.829217791557312,0.26563727855682373,0.2525140643119812,0.029086578637361526,0.4160724878311157,1.0,1.7679648399353027,0.027018332853913307,-25.366565704345703,0.029086578637361526,-0.017239805310964584,0.1437019556760788,0.0,0.373064249753952,0.0
45.02145004272461,27.1200008392334,83.1500015258789,44.0,1.0512548685073853,0.0003686271084006876,10.0,1.0008926391601562,1.0008926391601562,1.0008926391601562,0.0005586060578934848,0.0,0.6923461556434631,90000.0,-0.015874730423092842,-0.0010724393650889397,5.197524899358541e-08,10.998434066772461,-4.172634124755859,14.007485389709473,6.17751407623291,2.648064613342285,15.981291770935059,66.3329086303711,1.0231852531433105,0.3972790241241455,1.4204738140106201,1407.9813232421875,0.8459156155586243,0.18630629777908325,0.44153574109077454,0.027949612587690353,0.2550325393676758,2.0,2.2571492195129395,0.027523275464773178,-15.37290096282959,0.027949612587690353,-0.011157121509313583,0.29197895526885986,0.0,0.2617213726043701,0.0
47.809539794921875,26.350000381469727,87.62999725341797,45.0,1.050551414489746,0.00038769919774495065,10.0,1.0002031326293945,1.0002031326293945,1.0002031326293945,0.00014369266864378005,0.0,0.6918496489524841,92000.0,-0.025087185204029083,-0.009212454780936241,2.6822089438383045e-08,20.816137313842773,9.817703247070312,17.652597427368164,4.582108974456787,-1.595405101776123,15.4060697555542,67.75151062011719,1.0139093399047852,0.3944416046142578,1.4083621501922607,1420.0897216796875,0.8674502372741699,0.28901031613349915,0.33269402384757996,0.026579126715660095,0.3183193802833557,1.0,0.9861714243888855,0.016585059463977814,-8.546436309814453,0.026579126715660095,-0.04611103981733322,0.21274900436401367,0.0,0.30660638213157654,0.0
51.295387268066406,26.6200008392334,95.66999816894531,46.0,1.044110894203186,0.0002751361462287605,10.0,0.9961478114128113,0.9961478114128113,0.9961478114128113,0.0022520890925079584,0.0,0.6874138116836548,94000.0,-0.02945287525653839,-0.004365690052509308,9.298324776807476e-09,33.76736068725586,12.951223373413086,19.638124465942383,7.015757083892822,2.433648109436035,14.414036750793457,69.16938781738281,1.0183641910552979,0.391308069229126,1.4096825122833252,1418.7596435546875,0.7075201272964478,0.19064275920391083,0.6313355565071106,0.039953265339136124,0.27785083651542664,2.0,1.4363435506820679,0.011709736660122871,-5.814691543579102,0.039953265339136124,-0.1127108633518219,0.44979292154312134,0.0,0.2108670324087143,0.0
57.35646057128906,25.100000381469727,101.4000015258789,47.0,1.0405741930007935,0.0003715731727425009,10.0,1.0002645254135132,1.0002645254135132,1.0002645254135132,0.0001870758133009076,0.0,0.6849813461303711,96000.0,-0.02759215235710144,0.0018607228994369507,-1.668930060816365e-08,36.34040451049805,2.5730438232421875,25.37697410583496,7.170677185058594,0.15492010116577148,14.190313339233398,70.65667724609375,1.0314385890960693,0.4474351406097412,1.4788854122161865,1352.3704833984375,1.3450380563735962,0.30331090092658997,0.216994971036911,0.01105504296720028,0.21892446279525757,1.0,1.3333035707473755,0.0058731138706207275,-0.011818066239356995,0.01105504296720028,-0.04035622254014015,0.31428927183151245,0.0,0.25226104259490967,0.0
65.38151550292969,23.0,110.04000091552734,48.0,1.0251460075378418,0.0002688257663976401,10.0,0.9976990818977356,0.9976990818977356,0.9976990818977356,0.0013476788299158216,0.0,0.6745185852050781,98000.0,-0.007727968040853739,0.0198641843162477,-3.767013723177115e-08,42.05175018310547,5.711345672607422,31.279476165771484,3.3425559997558594,-3.8281211853027344,12.517019271850586,72.14633178710938,1.0861217975616455,0.39531660079956055,1.4814484119415283,1350.03076171875,1.801553726196289,0.2309095412492752,0.15371674299240112,0.006162186618894339,0.16021554172039032,2.0,1.50234055519104,0.006160777527838945,-36.31901931762695,0.006162186618894339,-0.00039380392991006374,0.11007450520992279,0.5550764203071594,0.0,3.0
76.11079406738281,22.040000915527344,122.88999938964844,49.0,1.0208734273910522,0.00038019687053747475,10.0,0.9980335235595703,0.9980335235595703,0.9980335235595703,0.001390536897815764,0.0,0.6716184020042419,100000.0,-0.01693163439631462,-0.009203666355460882,4.5716763708014696e-08,30.71688461303711,-11.33486557006836,34.81539535522461,2.0221035480499268,-1.3204524517059326,11.248558044433594,73.52655792236328,0.9798295497894287,0.3923320770263672,1.3721716403961182,1457.544677734375,1.3646107912063599,0.26305797696113586,0.5980870723724365,0.01074018981307745,0.19277146458625793,1.0,1.4333034753799438,0.005555576644837856,-133.23814392089844,0.01074018981307745,-0.018463024869561195,0.06574902683496475,0.7328096628189087,0.0,3.0
84.99767303466797,19.290000915527344,131.80999755859375,50.0,1.0016006231307983,0.00038481689989566803,10.0,0.9977051615715027,0.9977051615715027,0.9977051615715027,0.0016227097949013114,0.0,0.6588568091392517,102000.0,-0.019757023081183434,-0.0028253886848688126,-4.9114227351765294e-08,12.863344192504883,-17.853540420532227,41.340145111083984,1.0317398309707642,-0.9903637170791626,9.644775390625,74.93490600585938,0.9918255805969238,0.4085092544555664,1.4003450870513916,1428.2200927734375,0.9023618698120117,0.21763481199741364,0.8467174768447876,0.024562260136008263,0.24118353426456451,1.0,1.2692755460739136,0.009206851944327354,-678.8984375,0.024562260136008263,-0.027155505493283272,0.04802355915307999,1.1082028150558472,0.0,3.0
94.07257080078125,15.9399995803833,138.5,51.0,0.9866807460784912,0.0003834075469058007,10.0,1.0018221139907837,1.0018221139907837,1.0018221139907837,0.001288513420149684,0.0,0.6490468978881836,104000.0,-0.012270108796656132,0.007486914284527302,1.5735626135437997e-08,27.32280921936035,14.459465026855469,50.38071060180664,0.8070548176765442,-0.22468501329421997,7.301859378814697,76.36922454833984,0.9993352890014648,0.4269688129425049,1.4263145923614502,1402.2159423828125,1.2866013050079346,0.3553445339202881,0.37027430534362793,0.01208207756280899,0.2761884927749634,1.0,1.1601576805114746,0.011462774127721786,-2730.855712890625,0.01208207756280899,-0.004314484540373087,0.030057605355978012,0.7772415280342102,0.0,3.0
104.7452163696289,14.170000076293945,149.22999572753906,52.0,0.9630970358848572,0.0002660564496181905,10.0,0.9995335340499878,0.9995335340499878,0.9995335340499878,0.0002704466169234365,0.0,0.6339625120162964,106000.0,-0.016616635024547577,-0.004346526227891445,-1.0526180460601609e-07,4.577252388000488,-22.745556831359863,54.455448150634766,0.4313207268714905,-0.3757340908050537,6.5030436515808105,77.75525665283203,0.9849765300750732,0.39308619499206543,1.3780732154846191,1451.302734375,0.8782011270523071,0.1863475888967514,0.6058984398841858,0.025932351127266884,0.26524046063423157,2.0,0.35579216480255127,0.013257390819489956,-36088.015625,0.025932351127266884,-0.006418301723897457,0.0032500671222805977,1.1386913061141968,0.0,3.0
114.54119110107422,11.869999885559082,157.6999969482422,53.0,0.9403932094573975,0.00031047931406646967,10.0,0.9986980557441711,0.9986980557441711,0.9986980557441711,0.0009205714450217783,0.0,0.619733989238739,108000.0,-0.013258760794997215,0.0033578742295503616,1.4781951662712345e-08,8.335542678833008,3.7582902908325195,59.11438751220703,0.35362765192985535,-0.07769307494163513,5.1393632888793945,79.17788696289062,0.9970502853393555,0.41764187812805176,1.4147024154663086,1413.7255859375,0.7207859754562378,0.40589919686317444,0.31124597787857056,0.038496144115924835,0.5631341934204102,1.0,0.05528688058257103,0.03363332897424698,-173424.609375,0.038496144115924835,0.002198635134845972,0.000994063913822174,1.3873744010925293,0.0,3.0
124.59989166259766,9.829999923706055,166.27000427246094,54.0,0.9283270835876465,0.0003385665186215192,10.0,0.9957852959632874,0.9957852959632874,0.9957852959632874,0.0029802320059388876,0.0,0.6122533679008484,110000.0,-0.04697544872760773,-0.03371668793261051,-4.8696993104613284e-08,8.095870971679688,-0.2396717071533203,61.445194244384766,2.9554710388183594,2.601843386888504,5.095056533813477,80.614501953125,1.0410170555114746,0.3864412307739258,1.4274687767028809,1401.0821533203125,0.36443233489990234,0.2326366901397705,0.4917716681957245,0.1505899876356125,0.6383535265922546,1.0,1.0159733295440674,0.023594051599502563,-330.74334716796875,0.1505899876356125,-0.297249972820282,0.6957509517669678,2.7439935207366943,0.0,3.0
134.88304138183594,7.989999771118164,174.77000427246094,55.0,0.9244821071624756,0.00030133986729197204,10.0,0.9950875639915466,0.9950875639915466,0.9950875639915466,0.0034736308734863997,0.0,0.60990309715271,112000.0,-0.017235824838280678,0.02973962388932705,-1.8119811429073707e-08,11.331766128540039,3.2358951568603516,64.77942657470703,0.7571059465408325,-2.198365092277527,4.723997116088867,81.9924087524414,0.9862427711486816,0.38387131690979004,1.370124340057373,1459.7220458984375,0.9579229950904846,0.30912017822265625,0.2978731691837311,0.021795589476823807,0.32269832491874695,1.0,0.6995458006858826,0.009424300864338875,-3359.359619140625,0.021795589476823807,-0.032642412930727005,0.08612902462482452,1.0439252853393555,0.0,3.0
144.07894897460938,6.139999866485596,183.2899932861328,56.0,0.8882131576538086,0.000315897777909413,10.0,0.9988391995429993,0.9988391995429993,0.9988391995429993,0.0006979131721891463,0.0,0.5883057713508606,114000.0,-0.010085135698318481,0.007150689139962196,5.698203864312745e-08,2.418938636779785,-8.912827491760254,67.80953216552734,0.33925294876098633,-0.4178529977798462,4.1713457107543945,83.36629486083984,0.9757921695709229,0.389878511428833,1.3656799793243408,1464.472412109375,1.0615301132202148,0.1583244800567627,0.3290988802909851,0.017748640850186348,0.18643426895141602,2.0,0.5881479382514954,0.01530406903475523,-112551.546875,0.017748640850186348,-0.002779504284262657,0.003160315565764904,0.9420363903045654,0.0,3.0
154.02700805664062,4.550000190734863,193.8699951171875,57.0,0.8960530161857605,0.00041438170592300594,10.0,1.0013099908828735,1.0013099908828735,1.0013099908828735,0.0009263315587304533,0.0,0.5928450226783752,116000.0,-0.010381954722106457,-0.0002968190237879753,1.3321638014929249e-08,3.001934289932251,0.5829956531524658,67.667236328125,0.7162888646125793,0.377035915851593,4.744133472442627,84.73727416992188,0.977614164352417,0.38533878326416016,1.3629629611968994,1467.39208984375,1.0527124404907227,0.3210005760192871,0.7045000195503235,0.018047217279672623,0.3049270808696747,1.0,1.3152859210968018,0.0074687134474515915,-24885.08984375,0.018047217279672623,-0.013333238661289215,0.016805320978164673,0.949927031993866,0.0,3.0
162.4635467529297,4.130000114440918,204.69000244140625,58.0,0.8995447754859924,0.00040518128662370145,10.0,0.9996246695518494,0.9996246695518494,0.9996246695518494,0.0002654127310961485,0.0,0.5948839783668518,118000.0,-0.018113620579242706,-0.0077316658571362495,5.2452087118126656e-09,6.836287498474121,3.83435320854187,62.9414176940918,1.5312234163284302,0.8149345517158508,6.69754695892334,86.1043701171875,0.973381757736206,0.38543701171875,1.358830213546753,1471.85498046875,0.9803303480148315,0.25469881296157837,1.1935049295425415,0.02081061527132988,0.2598091661930084,1.0,1.3773912191390991,0.01460101455450058,-11635.158203125,0.02081061527132988,-0.015246415510773659,0.037434473633766174,1.020064353942871,0.0,3.0
169.0752716064453,3.2200000286102295,213.1199951171875,59.0,0.8640940189361572,0.0002873784105759114,10.0,1.0025014877319336,1.0025014877319336,1.0025014877319336,0.0014772883150726557,0.0,0.574272871017456,120000.0,-0.010383205488324165,0.007730415090918541,3.638863432797734e-08,2.755708694458008,-4.080578804016113,65.5694580078125,0.4099970757961273,-1.1212263405323029,5.726330757141113,87.50463104248047,0.9918279647827148,0.40045905113220215,1.3922975063323975,1436.47509765625,1.5416325330734253,0.18098895251750946,0.8529359102249146,0.008415263146162033,0.1467510461807251,2.0,1.3409324884414673,0.002278328873217106,-48034.93359375,0.008415263146162033,-0.0077849337831139565,0.009875473566353321,0.6486629843711853,0.0,3.0
171.38519287109375,2.069999933242798,214.27000427246094,60.0,0.8483836650848389,0.00038291842793114483,10.0,1.0013489723205566,1.0013489723205566,1.0013489723205566,0.0009538674494251609,0.0,0.5652209520339966,122000.0,-0.016297265887260437,-0.005914060398936272,9.775162013170302e-09,1.9093862771987915,-0.8463224172592163,69.64177703857422,0.35411494970321655,-0.05588212609291077,4.087390422821045,88.88357543945312,0.9868128299713135,0.38368844985961914,1.370511770248413,1459.3094482421875,0.9859461784362793,0.13324324786663055,1.7830942869186401,0.020574219524860382,0.135142520070076,1.0,1.2378562688827515,0.003258051350712776,-75406.234375,0.020574219524860382,-0.01098819263279438,0.006972685921937227,1.014254093170166,0.0,3.0
179.47047424316406,1.7599999904632568,223.94000244140625,61.0,0.8318300843238831,0.00031010262318886817,10.0,0.9982632994651794,0.9982632994651794,0.9982632994651794,0.0010274304077029228,0.0,0.5559477806091309,124000.0,-0.023396676406264305,-0.007099410519003868,-1.4305114426349519e-08,14.6049165725708,12.69553029537201,71.19550323486328,0.3329777121543884,-0.021137237548828125,3.441105365753174,90.2632064819336,0.9855184555053711,0.3858668804168701,1.3713953495025635,1458.369140625,0.4470192790031433,0.2596804201602936,0.812520444393158,0.10008694976568222,0.7261443734169006,2.0,1.197270393371582,0.09928938001394272,-84976.4296875,0.10008694976568222,-0.0022514909505844116,0.0063558402471244335,2.2370400428771973,0.0,3.0
183.9522705078125,1.2899999618530273,229.27999877929688,62.0,0.8186442852020264,0.0003431605873629451,10.0,1.0010930299758911,1.0010930299758911,1.0010930299758911,0.0007729170029051602,0.0,0.5486647486686707,126000.0,-0.023848632350564003,-0.0004519559442996979,9.65595248203499e-09,1.295511245727539,-13.309405326843262,71.09326934814453,0.3120916485786438,-0.02088606357574463,3.3635549545288086,91.62916564941406,0.9726312160491943,0.38396453857421875,1.3566055297851562,1474.2684326171875,0.6087393164634705,0.15704728662967682,3.4397518634796143,0.05397183448076248,0.25798773765563965,1.0,1.3239797353744507,0.017466358840465546,-99680.1328125,0.05397183448076248,-0.014348490163683891,0.005639669485390186,1.6427392959594727,0.0,3.0
187.6984405517578,1.2899999618530273,233.88999938964844,63.0,0.8135789036750793,0.00035162203130312264,10.0,1.0005897283554077,1.0005897283554077,1.0005897283554077,0.00041697281994856894,0.0,0.5458781123161316,128000.0,-0.027841076254844666,-0.0039924439042806625,1.1086464191123468e-08,1.0766619443893433,-0.2188493013381958,73.0989990234375,0.28968650102615356,-0.022405147552490234,2.6172876358032227,92.99491882324219,0.9733381271362305,0.3843216896057129,1.3576695919036865,1473.113037109375,0.5359379053115845,0.13837940990924835,4.420880317687988,0.06963074207305908,0.25820040702819824,1.0,1.010775089263916,0.011820539832115173,-154005.546875,0.06963074207305908,-0.014526654966175556,0.0036502748262137175,1.8658877611160278,0.0,3.0
189.5175018310547,1.2899999618530273,236.33999633789062,64.0,0.7930184006690979,0.00040784620796330273,10.0,1.0011181831359863,1.0011181831359863,1.0011181831359863,0.0007906748214736581,0.0,0.5348260402679443,130000.0,-0.028092440217733383,-0.00025136396288871765,2.270937038417742e-08,0.8760391473770142,-0.2006227970123291,74.54660034179688,0.26831573247909546,-0.021370768547058105,2.13213849067688,94.36396026611328,0.966346263885498,0.39440059661865234,1.3607563972473145,1469.7713623046875,0.5227221250534058,0.08626873791217804,4.253553867340088,0.07319614291191101,0.16503745317459106,1.0,0.7234442234039307,0.023511853069067,-281986.28125,0.07319614291191101,-0.009952383115887642,0.001993576530367136,1.913062334060669,0.0,3.0
191.24057006835938,1.2899999618530273,238.82000732421875,65.0,0.7630327343940735,0.0004095850745216012,10.0,1.0017900466918945,1.0017900466918945,1.0017900466918945,0.0012657541083171964,0.0,0.5190222859382629,132000.0,-0.027371548116207123,0.0007208921015262604,1.4090538513755746e-07,0.6918347477912903,-0.18420439958572388,76.20529174804688,0.2518709897994995,-0.016444742679595947,1.68473219871521,95.72435760498047,0.9695954322814941,0.38260602951049805,1.3522124290466309,1479.058349609375,0.5248428583145142,0.10360532253980637,4.47952127456665,0.07260580360889435,0.19740253686904907,1.0,0.5022779107093811,0.03253364935517311,-687421.0,0.07260580360889435,-0.00572455208748579,0.0008177772397175431,1.9053322076797485,0.0,3.0
192.4960174560547,0.6899999976158142,240.10000610351562,66.0,0.7425069212913513,0.00027494653477333486,10.0,1.004772663116455,1.004772663116455,1.004772663116455,0.00284382957033813,0.0,0.508438229560852,134000.0,-0.02844442054629326,-0.0010728724300861359,7.390976008991856e-08,0.652260959148407,-0.0395737886428833,77.2601318359375,0.24353809654712677,-0.008332893252372742,1.3829401731491089,97.08582305908203,0.9669928550720215,0.3857004642486572,1.3527038097381592,1478.52099609375,0.5202736854553223,0.12016534060239792,3.518117904663086,0.0738866925239563,0.28870701789855957,2.0,0.27406296133995056,0.053859129548072815,-1257652.25,0.0738866925239563,-0.0030677414033561945,0.0004698942066170275,1.922065258026123,0.0,3.0
189.9736328125,0.6899999976158142,237.69000244140625,67.0,0.7260722517967224,0.00037449179217219353,10.0,0.9964663982391357,0.9964663982391357,0.9964663982391357,0.0024986339267343283,0.0,0.5001649260520935,136000.0,-0.019329573959112167,0.009114846587181091,7.152557435219364e-10,18.12850570678711,17.476244747638702,78.16646575927734,0.23682205379009247,-0.006716042757034302,1.1390416622161865,98.44895935058594,0.9707872867584229,0.3842158317565918,1.355013370513916,1476.0009765625,0.5677319169044495,0.16941595077514648,0.5980635285377502,0.062050215899944305,0.2984083890914917,1.0,0.25331810116767883,0.03879500925540924,-1429473.0,0.062050215899944305,0.0031006811186671257,0.0004134123446419835,1.761394739151001,0.0,3.0
191.61663818359375,0.6899999976158142,240.14999389648438,68.0,0.7183377742767334,0.0002998473646584898,10.0,1.0036990642547607,1.0036990642547607,1.0036990642547607,0.002159134251996875,0.0,0.49628710746765137,138000.0,-0.017848027870059013,0.001481546089053154,1.76429750808893e-08,0.7307295799255371,-17.397776126861572,78.03021240234375,0.22898609936237335,-0.007835954427719116,1.0063214302062988,99.82090759277344,0.976935863494873,0.3870096206665039,1.3639554977416992,1466.323974609375,0.5296666026115417,0.14679434895515442,0.7589403390884399,0.07128936797380447,0.3464309871196747,2.0,0.15495678782463074,0.06274138391017914,-5250793.5,0.07128936797380447,-0.0009808540344238281,0.00011253985576331615,1.8879801034927368,0.0,3.0
191.51951599121094,0.6899999976158142,240.14999389648438,69.0,0.7019455432891846,0.00036161948810331523,10.0,1.004815697669983,1.004815697669983,1.004815697669983,0.003405240597203374,0.0,0.48825037479400635,140000.0,-0.028390297666192055,-0.010542269796133041,-6.091594428880853e-08,0.6544997096061707,-0.07622987031936646,78.46539306640625,0.22375762462615967,-0.005228474736213684,0.8823912143707275,101.32799530029297,1.0667202472686768,0.43227601051330566,1.499006986618042,1334.21728515625,0.681231677532196,0.33188822865486145,2.3243772983551025,0.04309631884098053,0.48718851804733276,1.0,0.1706984043121338,0.03063942678272724,-7085857.0,0.04309631884098053,-0.001019280287437141,8.339220948982984e-05,1.4679293632507324,0.0,3.0
194.20628356933594,0.25999999046325684,242.63999938964844,70.0,0.6687321662902832,0.0003825514577329159,10.0,1.0005420446395874,1.0005420446395874,1.0005420446395874,0.00038331153336912394,0.0,0.4723438322544098,142000.0,-0.034768857061862946,-0.006378559395670891,-3.182887908792509e-08,0.6365496516227722,-0.017950057983398438,78.76908111572266,0.21849925816059113,-0.0052583664655685425,0.7510481476783752,102.75837707519531,1.0209565162658691,0.40039706230163574,1.42136549949646,1407.0982666015625,0.44366541504859924,0.34027475118637085,3.3977866172790527,0.10160587728023529,0.766962468624115,1.0,0.11702263355255127,0.06586232781410217,-9498169.0,0.10160587728023529,-0.001517674420028925,6.443059101002291e-05,2.253950834274292,0.0,3.0
195.39117431640625,0.0,242.63999938964844,71.0,0.6528916954994202,0.0002679720055311918,10.0,1.0062916278839111,1.0062916278839111,1.0062916278839111,0.003752930788323283,0.0,0.4648479223251343,144000.0,-0.027503320947289467,0.007265536114573479,-2.2649764730431343e-08,0.612637460231781,-0.02391219139099121,79.24986267089844,0.21288761496543884,-0.005611643195152283,0.6194418668746948,104.14878845214844,0.9920158386230469,0.3903331756591797,1.3823587894439697,1446.8028564453125,0.525672435760498,0.07714797556400299,3.8085293769836426,0.07237683236598969,0.18345065414905548,2.0,0.08775109797716141,0.05774784833192825,-15768295.0,0.07237683236598969,-0.0007614733185619116,3.962649861932732e-05,1.9023253917694092,0.0,3.0
195.84715270996094,0.0,242.63999938964844,72.0,0.6271494626998901,0.0002925747539848089,10.0,1.0017789602279663,1.0017789602279663,1.0017789602279663,0.0010331948287785053,0.0,0.45308318734169006,146000.0,-0.01738409698009491,0.010119223967194557,6.675720420901143e-09,0.5871416330337524,-0.025495827198028564,79.4821548461914,0.2081475704908371,-0.004740044474601746,0.5300085544586182,105.52972412109375,0.9836950302124023,0.38901686668395996,1.3727216720581055,1456.9600830078125,0.7230419516563416,0.12745273113250732,2.9138407707214355,0.038256291300058365,0.22034116089344025,2.0,0.08494433760643005,0.028216836974024773,-8630294.0,0.038256291300058365,-0.0008526724996045232,7.240931881824508e-05,1.3830456733703613,0.0,3.0
200.1923065185547,0.0,247.58999633789062,73.0,0.6050939559936523,0.0003297516377642751,10.0,1.0020949840545654,1.0020949840545654,1.0020949840545654,0.0012190513079985976,0.0,0.4431716799736023,148000.0,-0.02523323893547058,-0.007849141955375671,-4.291534239087014e-09,0.588525116443634,0.0013834834098815918,79.85291290283203,0.2027525156736374,-0.005395054817199707,0.43133819103240967,106.90437316894531,0.9784886837005615,0.38803601264953613,1.3665351867675781,1463.555908203125,0.5664632320404053,0.1646525114774704,3.014305591583252,0.06232847273349762,0.3633344769477844,2.0,0.052440669387578964,0.03254120796918869,-8431866.0,0.06232847273349762,-0.0014859132934361696,7.411356637021527e-05,1.7653396129608154,0.0,3.0
198.73818969726562,0.0,245.16000366210938,74.0,0.5981937646865845,0.0003247952845413238,10.0,1.0000282526016235,1.0000282526016235,1.0000282526016235,1.9949548004660755e-05,0.0,0.4401048421859741,150000.0,-0.015569234266877174,0.009664004668593407,-3.3378602104505717e-09,16.631193161010742,16.042668044567108,80.39972686767578,0.19765739142894745,-0.005095124244689941,0.3467807471752167,108.27205657958984,0.9746055603027344,0.3852565288543701,1.3598732948303223,1470.725830078125,0.6597286462783813,0.20066624879837036,0.4966140687465668,0.045951444655656815,0.3041647970676422,1.0,0.08983848989009857,0.04390969127416611,-20046146.0,0.045951444655656815,0.0002523051225580275,3.116806328762323e-05,1.5157747268676758,0.0,3.0
199.28927612304688,0.0,245.16000366210938,75.0,0.5952931642532349,0.00027507630875334144,10.0,1.0037158727645874,1.0037158727645874,1.0037158727645874,0.002203876618295908,0.0,0.4388291835784912,152000.0,-0.019542943686246872,-0.003973709419369698,2.6226043559063328e-09,0.6972695589065552,-15.933923602104187,80.1787338256836,0.19253620505332947,-0.005121186375617981,0.29647719860076904,109.67333984375,0.976243257522583,0.4168987274169922,1.3931512832641602,1435.5947265625,0.6888379454612732,0.16704846918582916,1.1696733236312866,0.04214981943368912,0.30313459038734436,2.0,0.07682071626186371,0.01577416993677616,-9694407.0,0.04214981943368912,-0.0013040101621299982,6.446016777772456e-05,1.4517202377319336,0.0,3.0
199.5186004638672,0.0,245.16000366210938,76.0,0.5743570923805237,0.00036614047712646425,10.0,0.9997588992118835,0.9997588992118835,0.9997588992118835,0.00017049805319402367,0.0,0.4297831356525421,154000.0,-0.023940876126289368,-0.004397932440042496,-6.1988831845383174e-09,0.6614328026771545,-0.035836756229400635,79.9441909790039,0.18843410909175873,-0.00410209596157074,0.27195823192596436,111.0706558227539,1.0045511722564697,0.3848395347595215,1.3894004821777344,1439.469970703125,0.6475681066513062,0.31203827261924744,2.7132089138031006,0.04769347608089447,0.4818617105484009,1.0,0.05258120596408844,0.035730209201574326,-3540788.25,0.04769347608089447,-0.001453164964914322,0.00017650437075644732,1.5442391633987427,0.0,3.0
199.59056091308594,0.0,245.16000366210938,77.0,0.5427094101905823,0.0002814675390254706,10.0,1.0017083883285522,1.0017083883285522,1.0017083883285522,0.001002189121209085,0.0,0.41638320684432983,156000.0,-0.019059743732213974,0.004881132394075394,1.358985901589449e-08,0.5921969413757324,-0.06923586130142212,80.34944152832031,0.18141604959964752,-0.007018059492111206,0.2068326622247696,112.4437484741211,0.9780840873718262,0.38727402687072754,1.3653676509857178,1464.8077392578125,0.6907288432121277,0.06249432638287544,3.710935354232788,0.041919365525245667,0.11309488862752914,2.0,0.07896600663661957,0.03317292779684067,-15415580.0,0.041919365525245667,-0.0005954916123300791,4.0533399442210793e-05,1.4477461576461792,0.0,3.0
197.59823608398438,0.0,242.6699981689453,78.0,0.5267406702041626,0.00030630736728198826,10.0,1.0032514333724976,1.0032514333724976,1.0032514333724976,0.0018887367332354188,0.0,0.4097629189491272,158000.0,-0.013811108656227589,0.005248635075986385,4.768371808516747e-10,3.837846040725708,3.2456490993499756,80.62382507324219,0.17636540532112122,-0.005050644278526306,0.17711064219474792,113.82002258300781,0.9768326282501221,0.3914000988006592,1.3682425022125244,1461.729736328125,0.9244257211685181,0.2021419107913971,0.6586618423461914,0.023403767496347427,0.27333441376686096,2.0,0.02424323931336403,0.022987371310591698,-32955896.0,0.023403767496347427,8.886423893272877e-05,1.895473906188272e-05,1.0817526578903198,0.0,3.0
195.56956481933594,0.0,240.22999572753906,79.0,0.5212999582290649,0.00036016071680933237,10.0,0.9965235590934753,0.9965235590934753,0.9965235590934753,0.002458257135003805,0.0,0.40753173828125,160000.0,-0.008146856911480427,0.005664251744747162,-6.43730180271973e-09,15.591543197631836,11.753697156906128,80.49500274658203,0.17130416631698608,-0.005061239004135132,0.15010307729244232,115.19039916992188,0.9748952388763428,0.3874669075012207,1.362372636795044,1468.0279541015625,0.8349444270133972,0.14144675433635712,0.5996531248092651,0.028688952326774597,0.16940855979919434,1.0,0.06442750990390778,0.020045235753059387,-12872502.0,0.028688952326774597,0.0006478266441263258,4.854310827795416e-05,1.1976845264434814,0.0,3.0
197.3393096923828,0.0,242.63999938964844,80.0,0.5032248497009277,0.00034184695687144995,10.0,1.0057153701782227,1.0057153701782227,1.0057153701782227,0.003368725534528494,0.0,0.40025031566619873,162000.0,-0.035156406462192535,-0.02700954955071211,3.0994415922691587e-09,0.5104463696479797,-15.081096827983856,80.16804504394531,0.1651274859905243,-0.006176680326461792,0.12409426271915436,116.55348205566406,0.9675829410552979,0.38752222061157227,1.3551149368286133,1475.89013671875,0.4490989148616791,0.18269357085227966,2.4965016841888428,0.09916215389966965,0.5085003972053528,2.0,0.05308690294623375,0.057767290621995926,-5355933.0,0.09916215389966965,-0.002197837922722101,0.00011668301885947585,2.2266809940338135,0.0,3.0
197.37940979003906,0.0,242.63999938964844,81.0,0.4681902825832367,0.00027969671646133065,10.0,1.0037842988967896,1.0037842988967896,1.0037842988967896,0.0022196948993951082,0.0,0.38651785254478455,164000.0,-0.014539127238094807,0.02061727922409773,1.6689301052252858e-09,0.5212513208389282,0.010804951190948486,80.25321960449219,0.15930768847465515,-0.005819797515869141,0.09405996650457382,117.91668701171875,0.9686946868896484,0.3866128921508789,1.3553190231323242,1475.6678466796875,0.8609183430671692,0.08311434090137482,2.480794906616211,0.026983972638845444,0.12067686766386032,2.0,0.04482616111636162,0.017995867878198624,-15238207.0,0.026983972638845444,-0.0006071656243875623,4.1005325329024345e-05,1.1615504026412964,0.0,3.0
197.55938720703125,0.0,242.63999938964844,82.0,0.4339088201522827,0.00035613271757028997,10.0,1.0030208826065063,1.0030208826065063,1.0030208826065063,0.002136114751920104,0.0,0.3734969198703766,166000.0,-0.016708822920918465,-0.002169695682823658,6.794929507947245e-09,0.4796709418296814,-0.041580379009246826,80.43551635742188,0.15319682657718658,-0.006110861897468567,0.06930667161941528,119.28021240234375,0.9720308780670166,0.3832738399505615,1.3553149700164795,1475.6722412109375,0.7503719329833984,0.1096375435590744,3.4356935024261475,0.03552030771970749,0.14611093699932098,1.0,0.046804361045360565,0.034031942486763,-27923230.0,0.03552030771970749,-0.00018252064182888716,2.2372796593117528e-05,1.3326724767684937,0.0,3.0
197.6957244873047,0.0,242.63999938964844,83.0,0.40720075368881226,0.00031523144571110606,10.0,1.0022534132003784,1.0022534132003784,1.0022534132003784,0.0014069656608626246,0.0,0.3635976314544678,168000.0,-0.022732578217983246,-0.006023755297064781,1.0013580187262505e-08,0.48958826065063477,0.00991731882095337,80.5806655883789,0.1477644145488739,-0.005432412028312683,0.060760073363780975,120.65937805175781,0.982900857925415,0.3883213996887207,1.3712327480316162,1458.5421142578125,0.8139057755470276,0.10904912650585175,3.4086923599243164,0.03019128553569317,0.16747811436653137,2.0,0.014239972457289696,0.028938500210642815,-31823842.0,0.03019128553569317,-0.00015685634571127594,1.9629362213891e-05,1.2286434173583984,0.0,3.0
195.85081481933594,0.0,240.14999389648438,84.0,0.4008784294128418,0.00035795950680039823,10.0,0.9976879954338074,0.9976879954338074,0.9976879954338074,0.0016348481876775622,0.0,0.3612960875034332,170000.0,-0.006321295164525509,0.016411283053457737,-7.152557435219364e-10,3.8692336082458496,3.379645347595215,80.60604858398438,0.14175710082054138,-0.0060073137283325195,0.05053919553756714,122.0271987915039,0.9753320217132568,0.3843703269958496,1.3597123622894287,1470.900146484375,2.0152533054351807,0.1824997365474701,0.7096137404441833,0.004924587905406952,0.09055919945240021,1.0,0.03753843903541565,0.004167291335761547,-20887412.0,0.004924587905406952,-0.00015053263632580638,2.9912327590864152e-05,0.4962155222892761,0.0,3.0
196.06826782226562,0.0,240.14999389648438,85.0,0.38767915964126587,0.0002824636467266828,10.0,1.000906229019165,1.000906229019165,1.000906229019165,0.0005425568670034409,0.0,0.3565659523010254,172000.0,-0.02057553455233574,-0.01425423938781023,-8.82148754044465e-09,0.47578948736190796,-3.3934441208839417,80.72627258300781,0.13597463071346283,-0.005782470107078552,0.035648904740810394,123.40376281738281,0.9692173004150391,0.3991720676422119,1.368398904800415,1461.5626220703125,0.6592348217964172,0.07058170437812805,3.4347951412200928,0.04602032154798508,0.1338326334953308,2.0,0.032208334654569626,0.02401835471391678,-23508066.0,0.04602032154798508,-0.0007648253813385963,2.6576617528917268e-05,1.516910195350647,0.0,3.0
196.32106018066406,0.0,240.14999389648438,86.0,0.38078367710113525,0.00032672483939677477,10.0,1.0093120336532593,1.0093120336532593,1.0093120336532593,0.005657337140291929,0.0,0.3541085720062256,174000.0,-0.0476372167468071,-0.02706168219447136,5.841255035221593e-09,0.4575929641723633,-0.018196523189544678,80.89309692382812,0.12979423999786377,-0.00618039071559906,0.01642409898340702,124.7643051147461,0.9675226211547852,0.3851590156555176,1.3526909351348877,1478.534912109375,0.43572887778282166,0.17022857069969177,3.544308662414551,0.10534096509218216,0.4883442223072052,2.0,0.04915287718176842,0.08976168930530548,-38319816.0,0.10534096509218216,-0.000504082883708179,1.6300098650390282e-05,2.2950050830841064,0.0,3.0
194.52330017089844,0.0,237.6699981689453,87.0,0.37118515372276306,0.00033364049158990383,10.0,1.0031309127807617,1.0031309127807617,1.0031309127807617,0.002213833387941122,0.0,0.35073137283325195,176000.0,-0.015981215983629227,0.03165600076317787,-3.3378602104505717e-09,22.351560592651367,21.893967628479004,81.02659606933594,0.12409384548664093,-0.005700394511222839,0.017992181703448296,126.12377166748047,0.9676475524902344,0.38376593589782715,1.3514232635498047,1479.9217529296875,0.6062195301055908,0.20988957583904266,0.6059161424636841,0.05442144721746445,0.3462269604206085,1.0,0.036350928246974945,0.05140795558691025,-43410540.0,0.05442144721746445,-0.00020829425193369389,1.43874240166042e-05,1.6495674848556519,0.0,3.0
192.8118133544922,0.0,235.17999267578125,88.0,0.35711708664894104,0.0002823040122166276,10.0,1.0009651184082031,1.0009651184082031,1.0009651184082031,0.0006823855801485479,0.0,0.3458336293697357,178000.0,-0.01407802477478981,0.0019031912088394165,2.3841859042583735e-10,4.040769577026367,-18.310791015625,80.6968994140625,0.11855188757181168,-0.005541957914829254,0.018671363592147827,127.47966003417969,0.9656686782836914,0.3823561668395996,1.348034143447876,1483.6424560546875,0.5556605458259583,0.2140023559331894,0.5091108083724976,0.0647755116224289,0.38513144850730896,1.0,0.05451463535428047,0.06361830234527588,-37080760.0,0.0647755116224289,-0.00013965973630547523,1.6845100617501885e-05,1.7996598482131958,0.0,3.0
191.04171752929688,0.0,232.6999969482422,89.0,0.3596160411834717,0.00031379362917505205,10.0,0.999129593372345,0.999129593372345,0.999129593372345,0.0006154844886623323,0.0,0.34669533371925354,180000.0,-0.008466355502605438,0.005611669272184372,-5.9604645663569045e-09,7.220640659332275,3.179871082305908,80.4682846069336,0.11262679100036621,-0.005925096571445465,0.020667260512709618,128.8354949951172,0.9643521308898926,0.3830442428588867,1.3474063873291016,1484.33349609375,0.998284101486206,0.20275820791721344,0.46096500754356384,0.020068801939487457,0.20310673117637634,1.0,0.05431598424911499,0.020064260810613632,-33895100.0,0.020068801939487457,9.15144119062461e-06,1.842924211814534e-05,1.0017188787460327,0.0,3.0
193.18719482421875,0.0,235.19000244140625,90.0,0.34899425506591797,0.0002685645595192909,10.0,1.0010679960250854,1.0010679960250854,1.0010679960250854,0.000625076936557889,0.0,0.34303998947143555,182000.0,-0.011304719373583794,-0.0028383638709783554,9.596347716467335e-09,0.45294541120529175,-6.767695248126984,80.28619384765625,0.10727386176586151,-0.0053529292345047,0.03803335502743721,130.2163543701172,0.9822714328765869,0.3907604217529297,1.3730425834655762,1456.619873046875,1.0646973848342896,0.13594114780426025,2.205960273742676,0.01764320209622383,0.15960070490837097,2.0,0.05433012917637825,0.01193477213382721,-63301520.0,0.01764320209622383,-0.00023740576580166817,9.863380910246633e-06,0.9392340183258057,0.0,3.0
189.51263427734375,0.0,230.30999755859375,91.0,0.34531718492507935,0.0002711887063924223,10.0,1.0004640817642212,1.0004640817642212,1.0004640817642212,0.00026973604690283537,0.0,0.34176862239837646,184000.0,-0.016809796914458275,-0.005505077540874481,-4.76837147544984e-09,30.813095092773438,30.360149681568146,80.63005828857422,0.10201102495193481,-0.005262836813926697,0.01373412273824215,131.62814331054688,1.0212619304656982,0.38245201110839844,1.4037249088287354,1424.7811279296875,0.8371142745018005,0.17165936529636383,0.7433047890663147,0.028540419414639473,0.2563261091709137,2.0,0.057468563318252563,0.027276402339339256,-26305952.0,0.028540419414639473,-0.00017329635738860816,2.3748880266794004e-05,1.194580078125,0.0,3.0
191.77273559570312,0.0,232.75,92.0,0.35033994913101196,0.00038245227187871933,10.0,1.0004698038101196,1.0004698038101196,1.0004698038101196,0.0002737244067247957,0.0,0.3434911370277405,186000.0,-0.005739309825003147,0.011070487089455128,-3.814697446813398e-09,0.47545862197875977,-30.337636470794678,80.121826171875,0.09648790210485458,-0.005523122847080231,0.014883419498801231,132.99960327148438,0.9705536365509033,0.3929159641265869,1.3634793758392334,1466.8360595703125,1.1641649007797241,0.2213718593120575,0.4701971709728241,0.014757090248167515,0.23769383132457733,2.0,0.04465523362159729,0.014695711433887482,-49797884.0,0.014757090248167515,-2.7755128030548804e-05,1.2540733223431744e-05,0.8589848279953003,0.0,3.0
186.2129364013672,0.0,225.5399932861328,93.0,0.3583258092403412,0.0003082541807089001,10.0,0.9986154437065125,0.9986154437065125,0.9986154437065125,0.0009790431940928102,0.0,0.3462475836277008,188000.0,-0.012072182260453701,-0.006332872435450554,5.006790093631253e-09,53.79966354370117,53.32420492172241,80.16426849365234,0.09158705174922943,-0.004900850355625153,0.016787007451057434,134.36395263671875,0.9710664749145508,0.38555026054382324,1.3566267490386963,1474.245361328125,0.9247482419013977,0.21947377920150757,0.553610622882843,0.023387446999549866,0.23733355104923248,1.0,0.05619490519165993,0.023381521925330162,-36767040.0,0.023387446999549866,-1.0035422747023404e-05,1.698892083368264e-05,1.0813753604888916,0.0,3.0
186.22393798828125,0.0,225.5399932861328,94.0,0.35761627554893494,0.00025652613840065897,10.0,1.0019060373306274,1.0019060373306274,1.0019060373306274,0.001347856130450964,0.0,0.34599947929382324,190000.0,-0.007484087720513344,0.004588094539940357,8.106232129989621e-09,1.1214056015014648,-52.67825794219971,79.13206481933594,0.08673059195280075,-0.00485645979642868,0.03048999048769474,135.7515411376953,0.9864449501037598,0.3921675682067871,1.3786225318908691,1450.723876953125,0.7535743713378906,0.23958411812782288,0.4289575517177582,0.03521905094385147,0.31793034076690674,1.0,0.04494628310203552,0.031918928027153015,-46208776.0,0.03521905094385147,-0.00021127238869667053,1.3515569662558846e-05,1.3270090818405151,0.0,3.0
184.13339233398438,0.0,223.1199951171875,95.0,0.35380610823631287,0.00028702805866487324,10.0,1.000767707824707,1.000767707824707,1.000767707824707,0.000542851397767663,0.0,0.3446824848651886,192000.0,-0.013085441663861275,-0.005601353943347931,1.4305114870438729e-09,17.43181800842285,16.310412406921387,79.40895080566406,0.08194085210561752,-0.0047897398471832275,0.03064298816025257,137.12957763671875,0.980959415435791,0.3882906436920166,1.3692600727081299,1460.6436767578125,0.8831844925880432,0.19495896995067596,0.5439161658287048,0.02564052864909172,0.22074544429779053,1.0,0.059508826583623886,0.025627564638853073,-60685108.0,0.02564052864909172,1.1555109267646912e-05,1.0289067176927347e-05,1.1322662830352783,0.0,3.0
185.9193878173828,0.0,225.61000061035156,96.0,0.3402761220932007,0.0003156280145049095,10.0,1.0013612508773804,1.0013612508773804,1.0013612508773804,0.000962465419434011,0.0,0.3400637209415436,194000.0,-0.00463077099993825,0.008454670663923025,5.2452087118126656e-09,0.7918758392333984,-16.639942169189453,78.79179382324219,0.07752253115177155,-0.004418320953845978,0.04242059960961342,138.50758361816406,0.9743640422821045,0.3952820301055908,1.3696553707122803,1460.2218017578125,0.7372457981109619,0.20572464168071747,0.47748568654060364,0.03679639473557472,0.27904483675956726,1.0,0.051208898425102234,0.023881325498223305,-54370216.0,0.03679639473557472,-0.00038530785241164267,1.148526462202426e-05,1.3563997745513916,0.0,3.0
185.4312286376953,0.0,225.61000061035156,97.0,0.31294265389442444,0.0003990050172433257,10.0,1.0027705430984497,1.0027705430984497,1.0027705430984497,0.0019590978045016527,0.0,0.3309178054332733,196000.0,-0.014842825010418892,-0.010212054010480642,-1.7881394143159923e-08,0.4688430428504944,-0.32303279638290405,78.56704711914062,0.07340658456087112,-0.004115946590900421,0.06295019388198853,139.86898803710938,0.974766731262207,0.37840819358825684,1.353184700012207,1477.995849609375,0.8185626268386841,0.16403637826442719,2.2955222129821777,0.029848741367459297,0.2003956437110901,1.0,0.07431799173355103,0.025401681661605835,-64017716.0,0.029848741367459297,-0.00020836578914895654,9.752922778716311e-06,1.2216535806655884,0.0,3.0
185.0334014892578,0.0,225.61000061035156,98.0,0.28865623474121094,0.00035736177233047783,10.0,1.0022449493408203,1.0022449493408203,1.0022449493408203,0.001587362727150321,0.0,0.32295745611190796,198000.0,-0.019663451239466667,-0.004820626229047775,3.2424928519958485e-08,0.46348971128463745,-0.005353331565856934,78.80377960205078,0.06948088109493256,-0.003925703465938568,0.038446586579084396,141.31700134277344,1.0289556980133057,0.41132450103759766,1.4402899742126465,1388.6097412109375,0.7004393339157104,0.1912798136472702,2.3121354579925537,0.040765129029750824,0.27308544516563416,1.0,0.05015509948134422,0.02803962491452694,-90943968.0,0.040765129029750824,-0.00029572672792710364,6.862363989057485e-06,1.4276753664016724,0.0,3.0
188.5163116455078,0.0,230.52000427246094,99.0,0.2662627696990967,0.0004034432058688253,10.0,1.0016134977340698,1.0016134977340698,1.0016134977340698,0.001140887034125626,0.0,0.3158096969127655,200000.0,-0.02690846100449562,-0.0072450097650289536,-3.767013723177115e-08,0.36945563554763794,-0.09403407573699951,78.2566146850586,0.06576795130968094,-0.0037129297852516174,0.03522420674562454,142.71307373046875,0.9779186248779297,0.4094829559326172,1.3874106407165527,1441.5347900390625,0.5224694013595581,0.08193758875131607,6.85852575302124,0.07326696813106537,0.15682750940322876,1.0,0.05116352438926697,0.0342826321721077,-132108464.0,0.07326696813106537,-0.00042945705354213715,4.72096098746988e-06,1.913987636566162,0.0,3.0
188.1460418701172,0.0,230.52000427246094,100.0,0.23874172568321228,0.0003036314737983048,10.0,1.0010125637054443,1.0010125637054443,1.0010125637054443,0.0005904772551730275,0.0,0.3072393238544464,202000.0,-0.028406644240021706,-0.001498183235526085,2.8550624975309802e-08,0.3794706463813782,0.010015010833740234,78.67172241210938,0.062379442155361176,-0.003388509154319763,0.01967952959239483,144.05398559570312,0.9509367942810059,0.3815340995788574,1.3324809074401855,1500.9600830078125,0.496232807636261,0.12379035353660583,5.028147220611572,0.08121925592422485,0.31182536482810974,2.0,0.051544155925512314,0.036658890545368195,-100685056.0,0.08121925592422485,-0.0005259347381070256,6.1974751588422805e-06,2.015183210372925,0.0,3.0
192.0375518798828,0.0,235.49000549316406,101.0,0.20372922718524933,0.00027456763200461864,10.0,0.9995267391204834,0.9995267391204834,0.9995267391204834,0.00027613763813860714,0.0,0.2966962158679962,204000.0,-0.01789266988635063,0.010513974353671074,-7.033348126128658e-09,0.39579012989997864,0.016319483518600464,78.59711456298828,0.059152472764253616,-0.003226969391107559,0.0160837322473526,145.4115753173828,0.9591641426086426,0.3904428482055664,1.349616527557373,1481.9029541015625,0.6999182105064392,0.08779481798410416,4.367428779602051,0.04082585126161575,0.15679478645324707,2.0,0.036341164261102676,0.012441910803318024,-211861408.0,0.04082585126161575,-0.0002893679484259337,2.940041895271861e-06,1.4287383556365967,0.0,3.0
191.96417236328125,0.0,235.49000549316406,102.0,0.18022197484970093,0.000291750329779461,10.0,0.9986655712127686,0.9986655712127686,0.9986655712127686,0.0008327734540216625,0.0,0.28976964950561523,206000.0,-0.018148185685276985,-0.00025551579892635345,-1.3113021779531664e-08,0.35451021790504456,-0.04127991199493408,78.79769897460938,0.056159865111112595,-0.0029926076531410217,-0.0037236304488033056,146.74856567382812,0.9517855644226074,0.3767096996307373,1.3285045623779297,1505.45263671875,0.6704933643341064,0.08317656069993973,5.036541938781738,0.04448779672384262,0.15506595373153687,2.0,0.03598785772919655,0.023666512221097946,-310472352.0,0.04448779672384262,-0.00020473038603086025,2.003061808864004e-06,1.4914391040802002,0.0,3.0
193.7872314453125,0.0,237.94000244140625,103.0,0.15366299450397491,0.00027003404102288187,10.0,1.0018165111541748,1.0018165111541748,1.0018165111541748,0.0010702478466555476,0.0,0.28218716382980347,208000.0,-0.02282886765897274,-0.004680681973695755,-2.2888183792701966e-08,0.3497471809387207,-0.0047630369663238525,78.75621795654297,0.05333533138036728,-0.0028245337307453156,-0.014404086396098137,148.08863830566406,0.9555132389068604,0.3763258457183838,1.3318486213684082,1501.6727294921875,0.6020771861076355,0.13551509380340576,5.2158989906311035,0.055172860622406006,0.2813491225242615,2.0,0.033144865185022354,0.029343068599700928,-397628896.0,0.055172860622406006,-0.0002014937053900212,1.5618172710674116e-06,1.6609165668487549,0.0,3.0
195.63973999023438,0.0,240.3699951171875,104.0,0.11926788091659546,0.0002904243301600218,10.0,0.9987777471542358,0.9987777471542358,0.9987777471542358,0.0007122851675376296,0.0,0.2726622223854065,210000.0,-0.026236355304718018,-0.0034074876457452774,5.149841442175784e-08,0.3355315625667572,-0.014215618371963501,78.6602554321289,0.05070626735687256,-0.0026290640234947205,-0.006568676792085171,149.45492553710938,0.9709150791168213,0.3868589401245117,1.3577837944030762,1472.9893798828125,0.5005171895027161,0.08780989050865173,7.014192581176758,0.07983474433422089,0.2192978411912918,2.0,0.024562956765294075,0.03538239747285843,-582089664.0,0.07983474433422089,-0.00021847030438948423,1.0637177183525637e-06,1.9979333877563477,0.0,3.0
199.57228088378906,0.0,245.17999267578125,105.0,0.10443928837776184,0.0002757151669356972,10.0,1.005621314048767,1.005621314048767,1.005621314048767,0.0035273833200335503,0.0,0.2686119079589844,212000.0,-0.03831867501139641,-0.01208231970667839,4.005432074905002e-08,0.3415656089782715,0.006034046411514282,78.97608184814453,0.048191942274570465,-0.0025143250823020935,-0.007347625680267811,150.8053741455078,0.9680960178375244,0.3740878105163574,1.3421988487243652,1490.09326171875,0.36428597569465637,0.2063087671995163,5.0010457038879395,0.1507110297679901,0.7079217433929443,2.0,0.027825523167848587,0.12688679993152618,-532368288.0,0.1507110297679901,-0.0001672412472544238,1.163999286291073e-06,2.74509596824646,0.0,3.0
201.6951904296875,0.0,247.5800018310547,106.0,0.07549309730529785,0.00026667004567570984,10.0,1.0013844966888428,1.0013844966888428,1.0013844966888428,0.0008121556602418423,0.0,0.260978639125824,214000.0,-0.018328998237848282,0.019989676773548126,-5.4836273299940785e-09,0.33958008885383606,-0.001985520124435425,79.15569305419922,0.04581787809729576,-0.002374064177274704,-0.011152620427310467,152.19549560546875,0.9707486629486084,0.4112265110015869,1.3819856643676758,1447.1939697265625,0.6724613904953003,0.07914590835571289,4.919034957885742,0.04422778636217117,0.14711977541446686,2.0,0.021195923909544945,0.019870078191161156,-923905152.0,0.04422778636217117,-0.00012836437963414937,6.664763532171492e-07,1.4870742559432983,0.0,3.0
201.93609619140625,0.0,247.5800018310547,107.0,0.04550263285636902,0.0002699710603337735,10.0,1.0017094612121582,1.0017094612121582,1.0017094612121582,0.0009947842918336391,0.0,0.25326040387153625,216000.0,-0.017910093069076538,0.0004189051687717438,9.775162013170302e-09,0.3334015905857086,-0.006178498268127441,79.01165008544922,0.04353589192032814,-0.002281986176967621,-0.00683778477832675,153.54190063476562,0.9573776721954346,0.38062286376953125,1.3380098342895508,1494.7578125,0.6936736702919006,0.06955332309007645,5.19814920425415,0.041564200073480606,0.12533508241176605,2.0,0.01332260761409998,0.02142852358520031,-2123660416.0,0.041564200073480606,-7.698047556914389e-05,2.8430315524019534e-07,1.4416000843048096,0.0,3.0
202.46621704101562,0.0,247.6199951171875,108.0,0.03759602829813957,0.00034858821891248226,10.0,0.9966567158699036,0.9966567158699036,0.9966567158699036,0.0023640168365091085,0.0,0.25124141573905945,218000.0,-0.020334988832473755,-0.002424895763397217,7.152557435219364e-10,22.08938980102539,21.755988210439682,79.34996032714844,0.04138888418674469,-0.0021470077335834503,-0.0027175904251635075,155.1107940673828,1.0581178665161133,0.5029940605163574,1.561124324798584,1281.1285400390625,0.7400298118591309,0.20006915926933289,0.7310579419136047,0.036520056426525116,0.2703528106212616,1.0,0.012841025367379189,0.03479097783565521,-2858726912.0,0.036520056426525116,1.944290124811232e-05,2.08628790687726e-07,1.3512969017028809,0.0,3.0
202.80191040039062,0.0,247.6199951171875,109.0,0.03135880455374718,0.00021010062482673675,10.0,1.001409888267517,1.001409888267517,1.001409888267517,0.0009968572994694114,0.0,0.24968044459819794,220000.0,-0.027239926159381866,-0.006904937326908112,7.867813067718998e-09,0.6656619310379028,-21.423727869987488,78.72505187988281,0.03932936489582062,-0.0020595192909240723,-0.0006613030564039946,157.11141967773438,1.3515732288360596,0.638408899307251,1.989997386932373,1005.0269165039062,0.3318704664707184,0.2704310119152069,1.0765223503112793,0.18159034848213196,0.814869225025177,1.0,0.01319388672709465,0.16685700416564941,-2227752704.0,0.18159034848213196,-6.429202039726079e-05,2.7055176587964525e-07,3.013223886489868,0.0,3.0
203.09457397460938,0.0,247.6199951171875,110.0,0.026224493980407715,0.00037710729520767927,10.0,1.0173312425613403,1.0173312425613403,1.0173312425613403,0.010717400349676609,0.0,0.2484005242586136,222000.0,-0.04055038094520569,-0.013310454785823822,-1.1920929521291868e-10,0.4216436445713043,-0.2440182864665985,78.91651916503906,0.03736302629113197,-0.0019663386046886444,0.0013070008717477322,159.03076171875,1.3631486892700195,0.5442726612091064,1.9074344635009766,1048.5291748046875,1.2309846878051758,0.22204551100730896,0.6137393712997437,0.013198493048548698,0.2254754900932312,2.0,0.01033144723623991,0.01264225784689188,-255324800.0,0.013198493048548698,3.6899706174153835e-05,2.437862576698535e-06,0.8123577833175659,0.0,3.0
203.5337677001953,0.0,247.6199951171875,111.0,0.007475703489035368,0.0003101118199992925,10.0,1.0021543502807617,1.0021543502807617,1.0021543502807617,0.001279907999560237,0.0,0.24380046129226685,224000.0,-0.01253713108599186,0.02801324985921383,7.1525572131747595e-09,0.3526953160762787,-0.06894832849502563,79.05403137207031,0.035453688353300095,-0.0019093379378318787,0.00037650781450793147,161.13031005859375,1.424170732498169,0.6641669273376465,2.088352918624878,957.69287109375,1.000600814819336,0.27134817838668823,1.4374053478240967,0.019975977018475533,0.338981568813324,2.0,0.003281336510553956,0.01809847727417946,-17432838144.0,0.019975977018475533,-8.204380719689652e-06,2.5851878859839417e-08,0.9993995428085327,0.0,3.0
203.84890747070312,0.0,247.6199951171875,112.0,-0.026069071143865585,0.00028487833333201706,10.0,0.9993878602981567,0.9993878602981567,0.9993878602981567,0.0003930607344955206,0.0,0.23577995598316193,226000.0,-0.015644395723938942,-0.0031072646379470825,6.723404055719584e-08,0.32393038272857666,-0.028764933347702026,78.80732727050781,0.03364070504903793,-0.0018129833042621613,0.0054317195899784565,163.41835021972656,1.6623854637145996,0.6126031875610352,2.2750043869018555,879.1195678710938,0.7286478281021118,0.09372685104608536,3.5113883018493652,0.03766990453004837,0.16078901290893555,2.0,0.005188889801502228,0.03212286904454231,-9119174656.0,0.03766990453004837,-1.9498120309435762e-05,5.8536908653650244e-08,1.3724050521850586,0.0,3.0
201.99574279785156,0.0,245.1300048828125,113.0,-0.0417998731136322,0.00028790804208256304,10.0,0.9980077743530273,0.9980077743530273,0.9980077743530273,0.0012484631733968854,0.0,0.23206810653209686,228000.0,-0.012264229357242584,0.0033801663666963577,3.0994415922691587e-09,3.8334689140319824,3.5095385313034058,78.6714096069336,0.031871747225522995,-0.0017689578235149384,0.0028177255298942327,165.2565460205078,1.3213458061218262,0.5051493644714355,1.8265070915222168,1094.986572265625,0.5027081370353699,0.21058379113674164,0.6302258372306824,0.07914036512374878,0.5236234068870544,2.0,0.003016269765794277,0.07911355048418045,-27968161792.0,0.07914036512374878,7.740973160252906e-07,1.2346839994847869e-08,1.9892258644104004,0.0,3.0
202.32666015625,0.0,245.1300048828125,114.0,-0.0725010335445404,0.0002718253235798329,10.0,1.001629114151001,1.001629114151001,1.001629114151001,0.0009447559132240713,0.0,0.22508083283901215,230000.0,-0.01097395084798336,0.001290278509259224,-4.410743770222325e-09,0.3453829288482666,-3.488085985183716,78.78475189208984,0.030172085389494896,-0.001699661836028099,0.0045480853877961636,167.0468292236328,1.2743592262268066,0.5057342052459717,1.7801063060760498,1123.52880859375,0.7624923586845398,0.09095479547977448,3.4129559993743896,0.034400030970573425,0.1491076946258545,2.0,0.006278065033257008,0.020925801247358322,-10897496064.0,0.034400030970573425,-2.779896567517426e-05,4.73526249322731e-08,1.3114885091781616,0.0,3.0
198.75404357910156,0.0,240.33999633789062,115.0,-0.07387099415063858,0.00026979934773407876,10.0,0.9977585077285767,0.9977585077285767,0.9977585077285767,0.0012979928869754076,0.0,0.22474126517772675,232000.0,-0.009752127341926098,0.0012218235060572624,9.536743617033494e-10,39.29202651977539,38.946643590927124,79.25912475585938,0.028524622321128845,-0.0016474630683660507,0.005631417967379093,168.85464477539062,1.2880420684814453,0.5098628997802734,1.797917366027832,1112.3985595703125,1.1663864850997925,0.14106574654579163,0.3818915784358978,0.014700926840305328,0.18897274136543274,3.0,0.005040817428380251,0.014251787215471268,-14990404608.0,0.014700926840305328,-4.327371243562084e-06,3.169333595565149e-08,0.8573487401008606,0.0,3.0
199.37890625,0.0,240.33999633789062,116.0,-0.07035073637962341,0.0002870183961931616,10.0,1.0003721714019775,1.0003721714019775,1.0003721714019775,0.00024272414157167077,0.0,0.22553332149982452,234000.0,-0.011268557980656624,-0.001516430638730526,3.576278717609682e-10,0.9388343095779419,-38.35319221019745,78.67485809326172,0.026928793638944626,-0.0015958286821842194,0.00590945640578866,170.7761993408203,1.3314268589019775,0.5796465873718262,1.911087989807129,1046.524658203125,1.0704002380371094,0.21372686326503754,0.48136159777641296,0.017455702647566795,0.2495875209569931,2.0,0.002368232700973749,0.017150642350316048,-35249684480.0,0.017455702647566795,-2.3257107386598364e-06,7.730655227078387e-09,0.9342299699783325,0.0,3.0
189.6317596435547,0.0,228.14999389648438,117.0,-0.06758511811494827,0.00027010057237930596,10.0,0.9974250793457031,0.9974250793457031,0.9974250793457031,0.0018207438988611102,0.0,0.22615772485733032,236000.0,-0.015621708706021309,-0.004353150725364685,7.1525572131747595e-09,56.210235595703125,55.27140128612518,78.89940643310547,0.02538292668759823,-0.0015458669513463974,0.004211743362247944,172.6673583984375,1.3603553771972656,0.5132055282592773,1.8735759258270264,1067.477783203125,0.6050448417663574,0.17770297825336456,1.128852128982544,0.054632965475320816,0.2937021553516388,1.0,0.0017493088962510228,0.0545126274228096,-47036690432.0,0.054632965475320816,1.2645152764889644e-06,3.28749893974134e-09,1.6527700424194336,0.0,3.0
187.92062377929688,0.0,225.8000030517578,118.0,-0.057197775691747665,0.000394895178033039,10.0,1.0031529664993286,1.0031529664993286,1.0031529664993286,0.0022295122034847736,0.0,0.22852392494678497,238000.0,-0.015626084059476852,-4.375353455543518e-06,-9.536743617033494e-10,23.542362213134766,-32.66787338256836,78.0334701538086,0.023882411420345306,-0.001500515267252922,0.003500919323414564,174.46829223632812,1.2876174449920654,0.5030338764190674,1.7906639575958252,1116.904541015625,1.325481653213501,0.11315768957138062,0.5764361619949341,0.011383665725588799,0.0853709951043129,1.0,0.002360052429139614,0.011005598120391369,-33012529152.0,0.011383665725588799,2.6753778001875617e-06,8.932204309530789e-09,0.7544427514076233,0.0,3.0
183.9434051513672,0.0,220.82000732421875,119.0,-0.06298308819532394,0.000401666242396459,10.0,0.9995099902153015,0.9995099902153015,0.9995099902153015,0.00034650327870622277,0.0,0.22720694541931152,240000.0,-0.01281333714723587,0.002812746912240982,-3.814697446813398e-09,7.688194274902344,-15.854167938232422,78.27191162109375,0.022428927943110466,-0.0014534834772348404,0.002834644401445985,176.3549346923828,1.3411319255828857,0.535283088684082,1.8764300346374512,1065.8541259765625,0.45597517490386963,0.2690710127353668,0.787823498249054,0.09619389474391937,0.5901001691818237,1.0,0.0013794362312182784,0.09593405574560165,-50576203776.0,0.09619389474391937,1.7919282981893048e-06,2.3575899010808143e-09,2.1931018829345703,0.0,3.0
184.01878356933594,0.0,220.77999877929688,120.0,-0.057648658752441406,0.00036293946322984993,10.0,1.0011705160140991,1.0011705160140991,1.0011705160140991,0.0008276517037302256,0.0,0.22842228412628174,242000.0,-0.012080458924174309,0.0007328782230615616,-1.4305114870438729e-09,19.048809051513672,11.360614776611328,78.42962646484375,0.021020133048295975,-0.0014087948948144913,0.0038504258263856173,178.16754150390625,1.2876977920532227,0.5144782066345215,1.8021886348724365,1109.76220703125,1.1272575855255127,0.219390869140625,0.1780998557806015,0.01573922671377659,0.19462355971336365,1.0,0.00169782352168113,0.015737930312752724,-48158896128.0,0.01573922671377659,1.2969391605111014e-07,2.9778730592511238e-09,0.8871086835861206,0.0,3.0
180.41421508789062,0.0,215.94000244140625,121.0,-0.029345029965043068,0.00039625156205147505,10.0,0.9972518086433411,0.9972518086433411,0.9972518086433411,0.001943222596310079,0.0,0.2350042462348938,244000.0,-0.004853701684623957,0.007226757239550352,-6.1988831845383174e-09,36.04572296142578,16.99691390991211,78.24901580810547,0.019655996933579445,-0.0013641361147165298,0.002796049229800701,179.98507690429688,1.3030695915222168,0.5042440891265869,1.8073253631591797,1106.6080322265625,3.2035539150238037,0.2671503722667694,0.1423814594745636,0.00194878363981843,0.08339188247919083,1.0,0.0012507374631240964,0.0019465377554297447,-50621136896.0,0.00194878363981843,1.665192712607677e-07,2.3466220078205424e-09,0.31215330958366394,0.0,3.0
180.4471893310547,0.0,215.94000244140625,122.0,-0.0261099711060524,0.00034404461621306837,10.0,1.0026741027832031,1.0026741027832031,1.0026741027832031,0.0018908201018348336,0.0,0.23573867976665497,246000.0,-0.015577796846628189,-0.010724095162004232,6.1988831845383174e-09,0.6939150094985962,-35.351807951927185,77.35308074951172,0.018335724249482155,-0.00132027268409729,0.0028412353713065386,181.7725830078125,1.2733962535858154,0.5040974617004395,1.777505874633789,1125.1724853515625,0.7147549986839294,0.21172460913658142,0.947872519493103,0.03914852440357208,0.2962197959423065,1.0,0.0006912894896231592,0.0,0.0,0.03914852440357208,1.7309820350419614e-06,8.002649654059724e-10,1.399080753326416,0.0,4.0
176.48927307128906,0.0,211.02999877929688,123.0,-0.022290349006652832,0.0003871845838148147,10.0,1.0011166334152222,1.0011166334152222,1.0011166334152222,0.0007895509479567409,0.0,0.23664052784442902,248000.0,-0.014670666307210922,0.0009071305394172668,3.814697446813398e-09,23.81637954711914,23.122464537620544,77.85614013671875,0.017059076577425003,-0.0012766476720571518,0.002481686184182763,183.56277465820312,1.273442029953003,0.5065569877624512,1.7800118923187256,1123.5882568359375,0.7086083292961121,0.2863159477710724,0.3012007176876068,0.03983064368367195,0.4040539264678955,1.0,0.0009067545179277658,0.0,0.0,0.03983064368367195,-2.8882033120680717e-07,9.793941213587232e-10,1.4112168550491333,0.0,4.0
172.59927368164062,0.0,206.1999969482422,124.0,-0.02409994602203369,0.0003740440297406167,10.0,1.004006266593933,1.004006266593933,1.004006266593933,0.002400260651484132,0.0,0.23621033132076263,250000.0,-0.01232563890516758,0.0023450274020433426,-2.8610229740877458e-09,32.9914436340332,9.175064086914062,77.64533996582031,0.015825478360056877,-0.001233598217368126,0.0021798021625727415,185.35704040527344,1.2819383144378662,0.502112865447998,1.7840633392333984,1121.036865234375,0.8693010210990906,0.17708997428417206,1.067887544631958,0.026466067880392075,0.2546441853046417,2.0,0.000567052629776299,0.0,0.0,0.026466067880392075,1.8943052282338613e-06,6.786233242017659e-10,1.150349497795105,0.0,4.0
168.33908081054688,0.0,201.33999633789062,125.0,-0.04366996884346008,0.00028612304595299065,10.0,1.0030295848846436,1.0030295848846436,1.0030295848846436,0.0019958948250859976,0.0,0.23164477944374084,252000.0,-0.012740381062030792,-0.0004147421568632126,-3.3378602104505717e-09,33.697364807128906,0.7059211730957031,76.48678588867188,0.014634820632636547,-0.00119065772742033,0.002138943411409855,187.1764678955078,1.2905092239379883,0.5186967849731445,1.809220314025879,1105.4488525390625,0.8056938052177429,0.23798532783985138,0.2276034653186798,0.030809864401817322,0.3692242205142975,2.0,0.0005077116657048464,0.0,0.0,0.030809864401817322,1.1908747410416254e-07,2.917425467874324e-10,1.241166353225708,0.0,4.0
166.16944885253906,0.0,198.80999755859375,126.0,-0.06036004424095154,0.0002887459413614124,10.0,0.9982980489730835,0.9982980489730835,0.9982980489730835,0.0009918251307681203,0.0,0.22780363261699677,254000.0,-0.007193425204604864,0.005546955857425928,-7.152557435219364e-10,39.319602966308594,5.6222381591796875,76.51200103759766,0.013487091287970543,-0.0011477293446660042,0.001854082802310586,188.98863220214844,1.2885971069335938,0.5130646228790283,1.8016738891601562,1110.0791015625,0.8891355395317078,0.2162025421857834,0.7656652331352234,0.025298448279500008,0.3039504885673523,2.0,0.0002542418078519404,0.0,0.0,0.025298448279500008,1.6281177295240923e-08,7.653055966727607e-11,1.124687910079956,0.0,4.0
163.4907684326172,0.0,196.33999633789062,127.0,-0.06372157484292984,0.00034078225144185126,10.0,1.0022249221801758,1.0022249221801758,1.0022249221801758,0.0015732013853266835,0.0,0.22703297436237335,256000.0,-0.010180113837122917,-0.002986688632518053,-1.4305114870438729e-09,9.905089378356934,-29.41451358795166,75.74095153808594,0.012382451444864273,-0.0011046398431062698,0.0016873568529263139,191.02474975585938,1.3825628757476807,0.6433119773864746,2.0258922576904297,987.2199096679688,0.9692906141281128,0.29659736156463623,0.7575258612632751,0.021287359297275543,0.3059942126274109,1.0,0.00036600217572413385,0.0,0.0,0.021287359297275543,2.5343348397655063e-07,1.2395517945407164e-10,1.0316823720932007,0.0,4.0
169.13241577148438,0.0,203.64999389648438,128.0,-0.06933716684579849,0.00037689111195504665,10.0,1.0019383430480957,1.0019383430480957,1.0019383430480957,0.0013706155586987734,0.0,0.2257632464170456,258000.0,-0.022216537967324257,-0.01203642413020134,1.6689301052252858e-09,0.8182900547981262,-9.086799323558807,76.04296875,0.011321360245347023,-0.00106109119951725,0.0015023985179141164,193.20779418945312,1.6379382610321045,0.531935453414917,2.169886589050293,921.7073364257812,0.6728672385215759,0.33908841013908386,0.4617490768432617,0.044174447655677795,0.503945529460907,1.0,0.00019624686683528125,0.0,0.0,0.044174447655677795,3.842741946868955e-08,4.080345783474826e-11,1.4861773252487183,0.0,4.0
174.65631103515625,0.0,210.8800048828125,129.0,-0.07434722781181335,0.00027412158669903874,10.0,1.007702350616455,1.007702350616455,1.007702350616455,0.004609487019479275,0.0,0.2246335744857788,260000.0,-0.03610849007964134,-0.013891952112317085,-1.907348723406699e-09,0.5384615659713745,-0.2798284888267517,76.21117401123047,0.01030447892844677,-0.0010168813169002533,0.0013572406023740768,195.01727294921875,1.291929006576538,0.5065162181854248,1.798457384109497,1112.0645751953125,0.5222587585449219,0.08597999066114426,1.557466745376587,0.07332608103752136,0.20578870177268982,2.0,0.00026390678249299526,0.0,0.0,0.07332608103752136,2.53945518124965e-06,2.8979768584846965e-10,1.914759635925293,0.0,4.0
176.21817016601562,0.0,213.3699951171875,130.0,-0.09503886103630066,0.0003612043510656804,10.0,0.9989045858383179,0.9989045858383179,0.9989045858383179,0.0007549675065092742,0.0,0.22004875540733337,262000.0,-0.007277739699929953,0.02883075037971139,2.3365020140886372e-08,0.38174670934677124,-0.15671485662460327,76.28018951416016,0.009332726709544659,-0.000971752218902111,0.001255933428183198,196.79965209960938,1.2583210468292236,0.5134716033935547,1.7718045711517334,1128.79296875,1.1992064714431763,0.16751837730407715,0.5060232877731323,0.013907263986766338,0.17461377382278442,2.0,0.00015872393851168454,0.0,0.0,0.013907263986766338,3.279895466334892e-08,3.6002770209542234e-11,0.8338847756385803,0.0,4.0
177.70179748535156,0.0,215.86000061035156,131.0,-0.1094510555267334,0.00032329559326171875,10.0,1.0029131174087524,1.0029131174087524,1.0029131174087524,0.002059913007542491,0.0,0.21688981354236603,264000.0,-0.024579863995313644,-0.017302124295383692,-1.737475407992406e-08,0.34273332357406616,-0.03901338577270508,76.2759780883789,0.008407247252762318,-0.000925479456782341,0.001115064020268619,198.32962036132812,1.166996955871582,0.35276246070861816,1.5197677612304688,1315.990966796875,0.6316322684288025,0.2320263534784317,2.058135509490967,0.050130411982536316,0.3673439919948578,1.0,9.037987183546647e-05,0.0,0.0,0.050130411982536316,1.622056089445323e-08,4.722510923982348e-11,1.5831996202468872,0.0,4.0
181.07276916503906,0.0,220.67999267578125,132.0,-0.12067430466413498,0.00033215887378901243,10.0,0.9994538426399231,0.9994538426399231,0.9994538426399231,0.00038614944787696004,0.0,0.21446628868579865,266000.0,-0.029154323041439056,-0.004574459046125412,7.343292196537732e-08,0.3201388418674469,-0.022594481706619263,75.4310302734375,0.007529339287430048,-0.0008779079653322697,0.0010050757555291057,199.68345642089844,0.9639720916748047,0.3824801445007324,1.3464617729187012,1485.375244140625,0.46914243698120117,0.1465378701686859,4.577089309692383,0.09087000042200089,0.31235262751579285,1.0,3.918696165783331e-05,0.0,0.0,0.09087000042200089,-1.9180839672117145e-07,1.8508545390760744e-12,2.1315488815307617,0.0,4.0
180.60496520996094,0.0,220.6300048828125,133.0,-0.12583023309707642,0.0002868342271540314,10.0,0.9974463582038879,0.9974463582038879,0.9974463582038879,0.001507028006017208,0.0,0.21336135268211365,268000.0,-0.013694880530238152,0.015459442511200905,1.6689301052252858e-09,3.804871082305908,3.4847322404384613,76.08729553222656,0.0067004128359258175,-0.0008289264515042305,0.000856931961607188,201.06251525878906,0.9826223850250244,0.3884432315826416,1.371074914932251,1458.7099609375,0.6719632148742676,0.23262113332748413,0.9071157574653625,0.04429338872432709,0.43272674083709717,2.0,0.00013000557373743504,0.0,0.0,0.04429338872432709,-3.609406462601328e-07,4.6592216196295055e-11,1.488176703453064,0.0,4.0
180.2627410888672,0.0,220.6300048828125,134.0,-0.14937646687030792,0.0002723106008488685,10.0,0.9964696764945984,0.9964696764945984,0.9964696764945984,0.002077290089800954,0.0,0.20841550827026367,270000.0,-0.02025860920548439,-0.006563728675246239,1.907348723406699e-09,0.31264349818229675,-3.4922275841236115,75.70333862304688,0.0059218755923211575,-0.00077853724360466,0.0008082712301984429,202.4060516357422,0.9595425128936768,0.37573814392089844,1.3352899551391602,1497.8028564453125,0.5797557234764099,0.13393335044384003,5.622040271759033,0.05950312316417694,0.2887711226940155,2.0,0.00011328609980409965,0.0,0.0,0.05950312316417694,-3.4891402833636675e-07,1.8885417535363658e-11,1.7248643636703491,0.0,4.0
183.9033203125,0.0,225.5399932861328,135.0,-0.16683289408683777,0.00026515210629440844,10.0,1.0004202127456665,1.0004202127456665,1.0004202127456665,0.0002443430421408266,0.0,0.2047950178384781,272000.0,-0.02906583622097969,-0.0088072270154953,-6.675720420901143e-09,0.3081059753894806,-0.004537522792816162,75.800537109375,0.005195036996155977,-0.0007268385961651802,0.0007414758438244462,203.7279510498047,0.9407448768615723,0.37279295921325684,1.313547134399414,1522.5953369140625,0.44043880701065063,0.1448049396276474,7.094965934753418,0.10310003161430359,0.41096776723861694,2.0,0.0001418099127477035,0.0,0.0,0.10310003161430359,-1.5312937193812104e-06,9.172966553006034e-11,2.270462989807129,0.0,4.0
187.5615997314453,0.0,230.3699951171875,136.0,-0.19556763768196106,0.00027716506156139076,10.0,1.0003485679626465,1.0003485679626465,1.0003485679626465,0.00020397354091983289,0.0,0.1990123987197876,274000.0,-0.018845930695533752,0.010219905525445938,9.894370656127194e-09,0.3034297227859497,-0.004676252603530884,75.96524810791016,0.004520992748439312,-0.0006740442477166653,0.0006595047889277339,205.04954528808594,0.9410185813903809,0.3718843460083008,1.3129127025604248,1523.3310546875,0.6665665507316589,0.07202515006065369,5.730125904083252,0.045013509690761566,0.1350674331188202,2.0,4.895344318356365e-05,0.0,0.0,0.045013509690761566,5.367145661239192e-08,3.6318988181488487e-12,1.500225305557251,0.0,4.0
193.7393798828125,0.0,237.72000122070312,137.0,-0.2005646675825119,0.00026197166880592704,10.0,1.0025990009307861,1.0025990009307861,1.0025990009307861,0.0014543762663379312,0.0,0.1979970633983612,276000.0,-0.030159160494804382,-0.01131322979927063,1.4305114870438729e-09,0.303639680147171,0.00020995736122131348,76.39129638671875,0.0039005086291581392,-0.0006204841192811728,0.0005875791539438069,206.3905792236328,0.9551177024841309,0.3774259090423584,1.3325526714324951,1500.8792724609375,0.3367113769054413,0.15359404683113098,4.6811089515686035,0.17640641331672668,0.7127491235733032,3.0,4.016268940176815e-05,0.0,0.0,0.17640641331672668,8.577126919817601e-08,3.4034498309909456e-12,2.969902515411377,0.0,4.0
197.82437133789062,0.0,242.58999633789062,138.0,-0.22112905979156494,0.00033895965316332877,10.0,1.004499912261963,1.004499912261963,1.004499912261963,0.002640782855451107,0.0,0.1939813494682312,278000.0,-0.01639477163553238,0.013764388859272003,-1.4305114870438729e-09,0.3050207793712616,0.0013810992240905762,76.58826446533203,0.0033339373767375946,-0.0005665712524205446,0.0005234163836576045,207.72369384765625,0.9407310485839844,0.38440656661987305,1.3251488208770752,1509.2650146484375,0.8434157371520996,0.11473889648914337,4.862464904785156,0.028115540742874146,0.17005093395709991,2.0,4.9980164476437494e-05,0.0,0.0,0.028115540742874146,-1.234686664020046e-07,9.138089590576826e-12,1.185654878616333,0.0,4.0
197.8172607421875,0.0,242.7100067138672,139.0,-0.2210063338279724,0.00025548486155457795,10.0,0.9972928166389465,0.9972928166389465,0.9972928166389465,0.0019142256351187825,0.0,0.19399189949035645,280000.0,-0.010572376661002636,0.005822394974529743,9.536743617033494e-10,39.29732131958008,38.99230054020882,76.4172592163086,0.002821140456944704,-0.0005127969197928905,0.0004705615574494004,209.0985565185547,0.9820330142974854,0.38399434089660645,1.3660378456115723,1464.0887451171875,1.0581567287445068,0.13798148930072784,1.0948489904403687,0.0178619846701622,0.1303979754447937,1.0,1.5372943380498327e-05,0.0,0.0,0.0178619846701622,8.055145994667612e-10,1.266857170383051e-13,0.9450395703315735,0.0,4.0
197.7861785888672,0.0,242.7100067138672,140.0,-0.219640851020813,0.0003985957009717822,10.0,1.0007991790771484,1.0007991790771484,1.0007991790771484,0.0005651611718349159,0.0,0.19425587356090546,282000.0,-0.013452930375933647,-0.002880553714931011,3.814697446813398e-09,0.48610764741897583,-38.8112136721611,75.31026458740234,0.0023614352103322744,-0.0004597052466124296,0.0004294447717256844,210.44723510742188,0.9633364677429199,0.37648820877075195,1.3398349285125732,1492.7220458984375,1.0504295825958252,0.2234359085559845,0.5417213439941406,0.0181257463991642,0.21270905435085297,1.0,3.606251266319305e-05,0.0,0.0,0.0181257463991642,2.018452249785696e-08,1.2016374223780546e-12,0.9519914388656616,0.0,4.0
196.33473205566406,0.0,240.38999938964844,141.0,-0.2213723361492157,0.0002828458964359015,10.0,0.9977140426635742,0.9977140426635742,0.9977140426635742,0.0013589455047622323,0.0,0.1939198076725006,284000.0,-0.01732587441802025,-0.0038729440420866013,-5.2452087118126656e-09,24.81427001953125,24.328162372112274,76.6438217163086,0.0019535839091986418,-0.00040785130113363266,0.00040048290975391865,211.77981567382812,0.9517419338226318,0.37265491485595703,1.3244059085845947,1510.11181640625,0.8293005228042603,0.10964608937501907,1.0775092840194702,0.029080774635076523,0.1652689278125763,2.0,3.653338353615254e-05,0.0,0.0,0.029080774635076523,-5.6880500309830495e-09,8.720225062874842e-13,1.2058354616165161,0.0,4.0
192.48806762695312,0.0,235.47999572753906,142.0,-0.23126357793807983,0.00035660085268318653,10.0,0.9995231628417969,0.9995231628417969,0.9995231628417969,0.00033717480255290866,0.0,0.19201552867889404,286000.0,-0.009060464799404144,0.008265409618616104,9.536743617033494e-10,21.061260223388672,-3.753009796142578,75.73809814453125,0.0015957880532369018,-0.00035779585596174,0.00036518939305096865,213.10665893554688,0.9466607570648193,0.37229371070861816,1.3189637660980225,1516.3424072265625,1.1970369815826416,0.16793721914291382,0.3915964961051941,0.013957720249891281,0.14029410481452942,1.0,2.2348323909682222e-05,0.0,0.0,0.013957720249891281,7.109885125089477e-09,4.2002089740283965e-13,0.8353960514068604,0.0,4.0
184.73976135253906,0.0,225.5399932861328,143.0,-0.2375251054763794,0.00031872090767137706,10.0,1.0023345947265625,1.0023345947265625,1.0023345947265625,0.0014247283106669784,0.0,0.19081264734268188,288000.0,-0.020740777254104614,-0.01168031245470047,2.8610229740877458e-09,19.807422637939453,-1.2538375854492188,76.0457534790039,0.0012857133988291025,-0.00031007465440779924,0.0003456760314293206,214.44921875,0.9607982635498047,0.3741738796234131,1.334981918334961,1498.1484375,0.24024836719036102,0.19206000864505768,1.768066644668579,0.34650468826293945,0.9992783665657043,2.0,2.984326783916913e-05,0.0,0.0,0.34650468826293945,1.3846891988578136e-07,2.3887059864835525e-12,4.16235876083374,0.0,4.0
183.19345092773438,0.0,223.11000061035156,144.0,-0.24986007809638977,0.0002684455248527229,10.0,0.9975882768630981,0.9975882768630981,0.9975882768630981,0.001423912588506937,0.0,0.18847811222076416,290000.0,-0.009031204506754875,0.011709572747349739,3.5762786065873797e-09,17.803125381469727,-2.0042972564697266,75.6563720703125,0.00102053617592901,-0.0002651772229000926,0.0003254398179706186,215.7799530029297,0.9493851661682129,0.3734467029571533,1.322840929031372,1511.8980712890625,1.3019870519638062,0.08930082619190216,0.8301745653152466,0.011798214167356491,0.08573511987924576,2.0,1.5497593267355114e-05,0.0,0.0,0.011798214167356491,1.2699055140785731e-08,2.5053646223599513e-13,0.7680568099021912,0.0,4.0
183.4168701171875,0.0,223.1199951171875,145.0,-0.2464110404253006,0.0003749532625079155,10.0,1.0031156539916992,1.0031156539916992,1.0031156539916992,0.0022031001280993223,0.0,0.1891263723373413,292000.0,-0.01653025671839714,-0.007499052211642265,9.775162013170302e-09,7.183836460113525,-10.619288921356201,76.10509490966797,0.0007970070582814515,-0.00022352911764755845,0.00031003705225884914,217.14511108398438,0.9852306842803955,0.3720357418060303,1.3572771549224854,1473.5386962890625,1.2894972562789917,0.13969402015209198,0.3301662802696228,0.01202787272632122,0.10833217203617096,1.0,6.695177034998778e-06,0.0,0.0,0.01202787272632122,5.991347418188298e-10,1.594461934988252e-14,0.7754960060119629,0.0,4.0
181.75877380371094,0.0,220.66000366210938,146.0,-0.2632141709327698,0.00027172788395546377,10.0,1.0030887126922607,1.0030887126922607,1.0030887126922607,0.0018543647602200508,0.0,0.18598613142967224,294000.0,-0.010674011893570423,0.005856244824826717,-1.907348723406699e-09,12.275885581970215,5.0920491218566895,76.12600708007812,0.0006115323631092906,-0.00018547469517216086,0.00029864045791327953,218.47335815429688,0.9455957412719727,0.3746304512023926,1.3202359676361084,1514.8812255859375,0.8834007382392883,0.09321816265583038,1.2483993768692017,0.025627976283431053,0.13190244138240814,2.0,1.62774849741254e-05,0.0,0.0,0.025627976283431053,1.6460962370956622e-08,2.132771633996458e-13,1.1319891214370728,0.0,4.0
181.6674346923828,0.0,220.66000366210938,147.0,-0.2699340581893921,0.0003501683531794697,10.0,1.0028034448623657,1.0028034448623657,1.0028034448623657,0.0016189413145184517,0.0,0.18472783267498016,296000.0,-0.011532744392752647,-0.0008587324991822243,-1.6689301052252858e-09,0.35612329840660095,-11.919762283563614,74.97661590576172,0.00046026846393942833,-0.00015126389916986227,0.00028744357405230403,219.80770874023438,0.9497013092041016,0.3768424987792969,1.3265533447265625,1507.6669921875,0.6250405311584473,0.14719215035438538,1.0325102806091309,0.051193349063396454,0.29436519742012024,2.0,8.58665953273885e-06,0.0,0.0,0.051193349063396454,-1.2443523988991956e-09,2.1966650910363802e-14,1.5998961925506592,0.0,4.0
179.79220581054688,0.0,218.3000030517578,148.0,-0.2896604537963867,0.0003587835526559502,10.0,0.9964660406112671,0.9964660406112671,0.9964660406112671,0.0020894010085612535,0.0,0.18113112449645996,298000.0,-0.004873925354331732,0.006658819038420916,-5.7220459481754915e-09,24.10369300842285,23.74756971001625,75.66264343261719,0.00033922670991159976,-0.00012104175402782857,0.0002745209203567356,221.2095489501953,1.0158884525299072,0.37799859046936035,1.3938963413238525,1434.827880859375,2.023348569869995,0.11365771293640137,0.1871328353881836,0.004885260481387377,0.0702163428068161,2.0,1.2741860700771213e-05,0.0,0.0,0.004885260481387377,6.74998279492911e-10,6.101951490746979e-14,0.4942302107810974,0.0,4.0
179.65878295898438,0.0,218.3000030517578,149.0,-0.31401559710502625,0.0003854885289911181,10.0,1.0019773244857788,1.0019773244857788,1.0019773244857788,0.0013980952790006995,0.0,0.17677907645702362,300000.0,-0.012792657129466534,-0.007918731775134802,-7.033348126128658e-09,0.542547345161438,-23.561145663261414,75.07530975341797,0.0002443745906930417,-9.485211921855807e-05,0.0002549316268414259,222.54412841796875,0.9552817344665527,0.3715322017669678,1.3268237113952637,1507.3597412109375,1.0226393938064575,0.08707194030284882,0.8452494144439697,0.019124265760183334,0.08514431864023209,1.0,9.972985935746692e-06,0.0,0.0,0.019124265760183334,3.185978703079684e-10,3.291362679364723e-14,0.9778618216514587,0.0,4.0
175.98226928710938,0.4300000071525574,214.36000061035156,150.0,-0.32195785641670227,0.000365884363418445,10.0,0.9992074966430664,0.9992074966430664,0.9992074966430664,0.0005603564204648137,0.0,0.17536331713199615,302000.0,-0.019314542412757874,-0.00652188528329134,-1.4066696252257316e-08,18.45199203491211,17.90944468975067,73.71875762939453,1.4906080961227417,1.4903637215320487,0.00023369739938061684,223.8833770751953,0.9588239192962646,0.3725745677947998,1.3314087390899658,1502.16943359375,0.9910683631896973,0.15945525467395782,0.8951643109321594,0.02036209963262081,0.1608922779560089,1.0,1.926321268081665,0.019624115899205208,-2818.6845703125,0.02036209963262081,-0.012571977451443672,0.21417100727558136,1.0090121030807495,0.0,3.0
179.4962921142578,0.4300000071525574,219.16000366210938,151.0,-0.3315224051475525,0.0003577696334104985,10.0,0.999079704284668,0.999079704284668,0.999079704284668,0.0006507753860205412,0.0,0.17369873821735382,304000.0,-0.0047212219797074795,0.014593320433050394,-2.2649764286342133e-09,0.39378395676612854,-18.05820807814598,74.43815612792969,0.06978817284107208,-1.4208199232816696,-0.011302354745566845,225.24493408203125,0.9804437160491943,0.37267303466796875,1.353126049041748,1478.0594482421875,1.0365986824035645,0.16896235942840576,0.9499018788337708,0.018612660467624664,0.16299688816070557,1.0,0.26584529876708984,0.013780307956039906,-545764.9375,0.018612660467624664,-0.0023119670804589987,0.001106116222217679,0.9646934866905212,0.0,3.0
179.40902709960938,0.4300000071525574,219.16000366210938,152.0,-0.322218120098114,0.000362322578439489,10.0,1.0065467357635498,1.0065467357635498,1.0065467357635498,0.0041288528591394424,0.0,0.1753239929676056,306000.0,-0.027427326887845993,-0.022706104908138514,6.9141385949933465e-09,0.31963682174682617,-0.07414713501930237,74.604736328125,0.02826387621462345,-0.04152429662644863,0.004093148745596409,226.59127807617188,0.9648878574371338,0.37318992614746094,1.3380870819091797,1494.6715087890625,0.9539893865585327,0.18821129202842712,2.593621015548706,0.021975699812173843,0.2466108500957489,2.0,0.43550530076026917,0.018873000517487526,-2651259.0,0.021975699812173843,0.0008405216503888369,0.0002276874438393861,1.048229694366455,0.0,3.0
181.07498168945312,0.4300000071525574,221.52000427246094,153.0,-0.3179665207862854,0.00027676994795911014,10.0,0.9990496635437012,0.9990496635437012,0.9990496635437012,0.0005704302457161248,0.0,0.17606450617313385,308000.0,-0.016344856470823288,0.011082470417022705,-2.145767119543507e-09,21.545454025268555,21.22581720352173,75.5782470703125,0.019275907427072525,-0.008987968787550926,0.04016006365418434,227.9364013671875,0.9624691009521484,0.37407946586608887,1.3365588188171387,1496.380615234375,0.5582373142242432,0.16591307520866394,0.9049203395843506,0.06417889893054962,0.3715110719203949,2.0,0.48409396409988403,0.042152635753154755,-1343862.875,0.06417889893054962,0.0031455610878765583,0.00044920615619048476,1.7913528680801392,0.0,3.0
183.04408264160156,0.4300000071525574,224.00999450683594,154.0,-0.3156108856201172,0.0003317309601698071,10.0,1.0057471990585327,1.0057471990585327,1.0057471990585327,0.004063855390995741,0.0,0.17647992074489594,310000.0,-0.030111178755760193,-0.013766322284936905,-7.033348126128658e-09,0.6758737564086914,-20.869580268859863,74.97317504882812,0.013513493351638317,-0.005762414075434208,0.018065672367811203,229.3084716796875,0.9899559020996094,0.3737473487854004,1.3637127876281738,1466.5849609375,0.7010625600814819,0.1743692308664322,0.428322970867157,0.04069267958402634,0.24872134625911713,1.0,0.2146073877811432,0.013178938999772072,-1929771.25,0.04069267958402634,-0.002933776704594493,0.0003128171665593982,1.4264062643051147,0.0,3.0
185.09690856933594,0.4300000071525574,226.77000427246094,155.0,-0.3235440254211426,0.0004070615104865283,10.0,0.9949201345443726,0.9949201345443726,0.9949201345443726,0.0029659459833055735,0.0,0.17508769035339355,312000.0,-0.004371431190520525,0.025739747565239668,1.1444091896350983e-08,43.717124938964844,43.04125118255615,75.31611633300781,0.009629108011722565,-0.0038843853399157524,0.022030966356396675,230.70693969726562,1.0143194198608398,0.3760237693786621,1.390352487564087,1438.484619140625,0.9650260210037231,0.21364623308181763,0.7723023295402527,0.02147591859102249,0.27673637866973877,2.0,0.12101317942142487,0.017946915701031685,-14193906.0,0.02147591859102249,0.00038741834578104317,4.252127109793946e-05,1.0362415313720703,0.0,3.0
183.93450927734375,0.9200000166893005,226.0399932861328,156.0,-0.3394893407821655,0.00027077691629529,10.0,1.0005559921264648,1.0005559921264648,1.0005559921264648,0.0003525647334754467,0.0,0.1723213493824005,314000.0,-0.013604064472019672,-0.009232633281499147,3.814697446813398e-09,35.18529510498047,-8.531829833984375,71.67721557617188,1.560617208480835,1.5509881004691124,0.1917608678340912,232.05955505371094,0.9671430587768555,0.3772768974304199,1.3444292545318604,1487.620849609375,1.0423362255096436,0.041148535907268524,1.6694879531860352,0.018408317118883133,0.049346521496772766,2.0,0.5408310294151306,0.017617858946323395,-7672.15576171875,0.018408317118883133,-0.007729238830506802,0.07557781785726547,0.9593833088874817,0.0,3.0
185.86199951171875,0.9200000166893005,228.52000427246094,157.0,-0.35055410861968994,0.00028819512226618826,10.0,1.0005412101745605,1.0005412101745605,1.0005412101745605,0.00046757643576711416,0.0,0.1704212725162506,316000.0,-0.007891839370131493,0.00571222510188818,-7.56979012805914e-09,1.2031739950180054,-33.98212110996246,74.51782989501953,0.10456498712301254,-1.4560522213578224,0.0209600031375885,233.4296875,0.9864940643310547,0.3751382827758789,1.3616418838500977,1468.8155517578125,0.7901026606559753,0.13119405508041382,0.8216376304626465,0.03203780949115753,0.2075584977865219,2.0,0.45104601979255676,0.018586084246635437,-172147.3125,0.03203780949115753,-0.006731243804097176,0.0033683045767247677,1.2656582593917847,0.0,3.0
187.48983764648438,0.9200000166893005,230.97999572753906,158.0,-0.3608953654766083,0.0003624970850069076,10.0,1.0023282766342163,1.0023282766342163,1.0023282766342163,0.0016463682986795902,0.0,0.16866923868656158,318000.0,-0.00891212746500969,-0.0010202880948781967,-1.1444091896350983e-08,0.6034377813339233,-0.599736213684082,74.42965698242188,0.05243479087948799,-0.05213019624352455,0.012812461704015732,234.77891540527344,0.9661178588867188,0.37486839294433594,1.3409955501556396,1491.4298095703125,1.1515353918075562,0.18211235105991364,0.54448401927948,0.015082561410963535,0.158147394657135,1.0,0.7041850090026855,0.008694689720869064,-261472.96875,0.015082561410963535,-0.003763753455132246,0.0022176047787070274,0.8684057593345642,0.0,3.0
184.26797485351562,1.440000057220459,227.3300018310547,159.0,-0.39002299308776855,0.00027258461341261864,10.0,1.000123381614685,1.000123381614685,1.000123381614685,7.74850559537299e-05,0.0,0.16384194791316986,320000.0,-0.010966159403324127,-0.002054031938314438,1.2397766369076635e-08,13.717267036437988,13.113829255104065,72.4350357055664,2.1214702129364014,2.0690354220569134,0.4014968276023865,236.13575744628906,0.9683232307434082,0.38036251068115234,1.3486945629119873,1482.916015625,1.2354604005813599,0.11148655414581299,0.2967805564403534,0.01310303807258606,0.11279860138893127,2.0,0.4715712070465088,0.009176207706332207,-9614.6318359375,0.01310303807258606,-0.015056692063808441,0.05773204565048218,0.8094148635864258,0.0,3.0
184.2666015625,1.440000057220459,227.1999969482422,160.0,-0.40294814109802246,0.0003689042350742966,10.0,0.9998116493225098,0.9998116493225098,0.9998116493225098,0.00013315594696905464,0.0,0.16172242164611816,322000.0,-0.006864082999527454,0.004102076403796673,-7.152557435219364e-10,4.0716447830200195,-9.645622253417969,75.08385467529297,0.15888600051403046,-1.962584212422371,0.09447789192199707,237.4710693359375,0.955782413482666,0.37190914154052734,1.3277008533477783,1506.3642578125,1.3860968351364136,0.15153491497039795,0.2932259142398834,0.01040980126708746,0.10932493209838867,1.0,1.1061291694641113,0.008478371426463127,-157585.609375,0.01040980126708746,0.0026082932017743587,0.0035223516169935465,0.7214503288269043,0.0,3.0
184.43972778320312,1.440000057220459,227.1999969482422,161.0,-0.43414950370788574,0.0002991718356497586,10.0,0.9978129863739014,0.9978129863739014,0.9978129863739014,0.0013396647991612554,0.0,0.15677332878112793,324000.0,4.069042552146129e-05,0.006904773425048916,9.53674295089968e-09,0.3745463788509369,-3.6970984041690826,75.32601928710938,0.0727749839425087,-0.08611101657152176,0.0689563974738121,238.8113555908203,0.956031322479248,0.37680625915527344,1.3328473567962646,1500.5477294921875,1.288589596748352,0.1735590100288391,1.7123767137527466,0.012044821865856647,0.16836142539978027,2.0,0.7451285719871521,0.010072465986013412,-382674.4375,0.012044821865856647,-0.0016914266161620617,0.0014505012659355998,0.7760422825813293,0.0,3.0
185.8651580810547,1.0099999904632568,228.69000244140625,162.0,-0.45252689719200134,0.00038208122714422643,10.0,0.9958386421203613,0.9958386421203613,0.9958386421203613,0.0025159837678074837,0.0,0.1539018452167511,326000.0,-0.007678910158574581,-0.0077196005840960424,5.9604645663569045e-09,14.062509536743164,13.687963157892227,74.88907623291016,0.047591306269168854,-0.025183677673339844,0.038525957614183426,240.2114715576172,1.0029733180999756,0.38901710510253906,1.3920011520385742,1436.7808837890625,1.4601737260818481,0.12050043791532516,0.3700338900089264,0.009380380623042583,0.10315589606761932,2.0,0.49963119626045227,0.005767615512013435,-1452602.0,0.009380380623042583,-0.00119640096090734,0.00039618939626961946,0.6848500370979309,0.0,3.0
185.50906372070312,1.5399999618530273,227.99000549316406,163.0,-0.4228963851928711,0.00039976133848540485,10.0,0.9993035793304443,0.9993035793304443,0.9993035793304443,0.0004925280227325857,0.0,0.1585676670074463,328000.0,-0.01622948795557022,-0.00855057779699564,-1.0907649894420501e-08,3.161717176437378,-10.900792360305786,73.03365325927734,2.3477766513824463,2.3001853451132774,0.49634990096092224,241.5783233642578,0.9845767021179199,0.37441301345825195,1.358999252319336,1471.671630859375,1.288464903831482,0.07968254387378693,0.8510612845420837,0.012047153897583485,0.06184300780296326,1.0,1.7430047988891602,0.012047137133777142,-1304.0050048828125,0.012047153897583485,-8.389586582779884e-05,0.42205601930618286,0.7761173844337463,0.0,3.0
181.9330596923828,1.5399999618530273,223.25999450683594,164.0,-0.4065377414226532,0.00030663987854495645,10.0,0.9983382225036621,0.9983382225036621,0.9983382225036621,0.0011750541161745787,0.0,0.16114090383052826,330000.0,-0.012168200686573982,0.004061287268996239,8.106232129989621e-09,43.74836349487305,40.58664631843567,75.40887451171875,0.22988435626029968,-2.1178922951221466,0.008346060290932655,242.92440795898438,0.9636049270629883,0.37491345405578613,1.3385276794433594,1494.1795654296875,0.8986199498176575,0.19782422482967377,1.3498433828353882,0.02476724423468113,0.22014223039150238,1.0,1.4979110956192017,0.023361552506685257,-39664.359375,0.02476724423468113,-0.004416443407535553,0.013875705190002918,1.1128175258636475,0.0,3.0
182.09548950195312,2.0199999809265137,224.2100067138672,165.0,-0.38444995880126953,0.0003474778786767274,10.0,1.005488395690918,1.005488395690918,1.005488395690918,0.0038808255922049284,0.0,0.16475960612297058,332000.0,-0.0147865517064929,-0.0026183510199189186,2.0265580324974053e-09,3.013322353363037,-40.73504114151001,71.3238754272461,2.6270456314086914,2.3971612751483917,0.5426725149154663,244.2733612060547,0.9675357341766357,0.3735084533691406,1.3410537242889404,1491.3651123046875,1.2627003192901611,0.09197764843702316,0.9328389763832092,0.012543797492980957,0.07284203916788101,1.0,1.8080060482025146,0.011852542869746685,-1595.6968994140625,0.012543797492980957,-0.01512485183775425,0.33093613386154175,0.7919535636901855,0.0,3.0
180.68923950195312,2.5,222.75,166.0,-0.4111684262752533,0.0004074073804076761,10.0,1.0030771493911743,1.0030771493911743,1.0030771493911743,0.002175957430154085,0.0,0.16045384109020233,334000.0,-0.002111355774104595,0.012675195932388306,-3.576278717609682e-10,2.425976037979126,-0.5873463153839111,72.06837463378906,3.2678513526916504,0.640805721282959,1.003361701965332,245.6184539794922,0.962909460067749,0.374314546585083,1.337233543395996,1495.6256103515625,1.5707859992980957,0.11193262040615082,0.38901063799858093,0.008105790242552757,0.07125898450613022,1.0,1.612748146057129,0.007998044602572918,-5994.96923828125,0.008105790242552757,-0.0030163885094225407,0.0844455137848854,0.6366239786148071,0.0,3.0
184.2522430419922,2.5,227.44000244140625,167.0,-0.4222681224346161,0.00038929758011363447,10.0,0.9990716576576233,0.9990716576576233,0.9990716576576233,0.0005503232241608202,0.0,0.15862756967544556,336000.0,-0.008327225223183632,-0.006215869449079037,7.688998771016031e-09,0.42565053701400757,-2.0003255009651184,73.49346923828125,0.41388145089149475,-2.8539699018001556,-0.053217995911836624,246.96482849121094,0.9626259803771973,0.3759496212005615,1.3385846614837646,1494.115966796875,0.8428361415863037,0.24133779108524323,1.1837573051452637,0.028154220432043076,0.357925146818161,2.0,0.2767680883407593,0.027201781049370766,-197090.421875,0.028154220432043076,-0.001564114005304873,0.002568607684224844,1.1864702701568604,0.0,3.0
187.54556274414062,2.4600000381469727,231.5800018310547,168.0,-0.43210673332214355,0.0002728348190430552,10.0,1.00027596950531,1.00027596950531,1.00027596950531,0.00020906834106426686,0.0,0.1570766270160675,338000.0,-0.01718229241669178,-0.008855067193508148,7.510185362491484e-09,0.8189337849617004,0.39328324794769287,71.60234069824219,2.945338487625122,2.5314570367336273,0.7654942274093628,248.31666564941406,0.9640552997589111,0.3798482418060303,1.3439126014709473,1488.1925048828125,0.5875144004821777,0.07585509866476059,0.8025529384613037,0.057941924780607224,0.16138987243175507,2.0,1.7141443490982056,0.057428911328315735,-1855.09765625,0.057941924780607224,0.011853110045194626,0.27386489510536194,1.7020859718322754,0.0,3.0
187.63304138183594,2.4600000381469727,231.5800018310547,169.0,-0.4358882009983063,0.0003719941305462271,10.0,1.0006994009017944,1.0006994009017944,1.0006994009017944,0.0004945230321027339,0.0,0.1564800888299942,340000.0,-0.022817391902208328,-0.005635099485516548,1.0013580187262505e-08,0.6472439765930176,-0.17168980836868286,74.78812408447266,0.38373488187789917,-2.561603605747223,0.18731163442134857,249.7137908935547,1.0143342018127441,0.37491679191589355,1.389261245727539,1439.614501953125,0.7991856932640076,0.3178628087043762,0.4919624328613281,0.0313137024641037,0.3977333903312683,1.0,0.9982606172561646,0.021822098642587662,-67773.2265625,0.0313137024641037,-0.008435184136033058,0.00749633414670825,1.2512736320495605,0.0,3.0
187.61068725585938,2.4600000381469727,231.5800018310547,170.0,-0.46565207839012146,0.00030606184736825526,10.0,1.003814697265625,1.003814697265625,1.003814697265625,0.00225256965495646,0.0,0.15191398561000824,342000.0,-0.001942689181305468,0.02087470272090286,-1.0967254659988157e-08,0.40092945098876953,-0.24631452560424805,73.86954498291016,0.14115607738494873,-0.24257880449295044,-0.012883396819233894,251.07122802734375,0.9715502262115479,0.3780343532562256,1.3495936393737793,1481.9281005859375,1.357153058052063,0.09914419800043106,2.3294529914855957,0.010858551599085331,0.09131636470556259,2.0,0.8997646570205688,0.010584114119410515,-219492.828125,0.010858551599085331,-0.0007970135193318129,0.002314651384949684,0.7368365526199341,0.0,3.0
190.9539794921875,1.940000057220459,235.22999572753906,171.0,-0.48851174116134644,0.00032159953843802214,10.0,0.9992749094963074,0.9992749094963074,0.9992749094963074,0.0004815243592020124,0.0,0.14846520125865936,344000.0,-0.00791759230196476,-0.005974903120659292,7.152557435219364e-10,0.44867295026779175,0.04774349927902222,74.67634582519531,0.08996806293725967,-0.051188014447689056,0.038790442049503326,252.46688842773438,0.9751162528991699,0.4126589298248291,1.3877851963043213,1441.145751953125,0.7131399512290955,0.1364440768957138,1.7599081993103027,0.039326053112745285,0.23916077613830566,2.0,0.35696160793304443,0.017457015812397003,-337186.5,0.039326053112745285,-0.005872716661542654,0.0015770506579428911,1.4022493362426758,0.0,3.0
193.25936889648438,1.940000057220459,237.72000122070312,172.0,-0.4970695674419403,0.00034137876355089247,10.0,1.001461386680603,1.001461386680603,1.001461386680603,0.0008473093621432781,0.0,0.14719396829605103,346000.0,-0.016842762008309364,-0.008925169706344604,-1.4305114870438729e-09,0.39100831747055054,-0.05766463279724121,74.64834594726562,0.04138732701539993,-0.04858073592185974,0.051737915724515915,253.83123779296875,0.9725103378295898,0.38383984565734863,1.3563601970672607,1474.535400390625,0.7502233386039734,0.15620039403438568,2.3161752223968506,0.03553437441587448,0.2602565288543701,2.0,0.5636570453643799,0.03130136430263519,-705702.375,0.03553437441587448,-0.0017859656363725662,0.0007535138865932822,1.332936406135559,0.0,3.0
186.26898193359375,2.5,229.8000030517578,173.0,-0.4907433092594147,0.0003628690028563142,10.0,0.9980144500732422,0.9980144500732422,0.9980144500732422,0.0014039677334949374,0.0,0.14812953770160675,348000.0,-0.0070692976005375385,0.009773464407771826,-1.4305114870438729e-09,58.09760284423828,57.70659452676773,72.74817657470703,2.42105770111084,2.37967037409544,0.5239802002906799,255.2450408935547,1.0300853252410889,0.3752000331878662,1.4052963256835938,1423.1878662109375,1.2888984680175781,0.15056787431240082,0.9685238003730774,0.012039050459861755,0.11681901663541794,1.0,1.8111404180526733,0.011942598037421703,-891.1607055664062,0.012039050459861755,0.0074021341279149055,0.5680665969848633,0.7758563160896301,0.0,3.0
186.1934051513672,2.5,229.89999389648438,174.0,-0.48625898361206055,0.0002697413437999785,10.0,1.0002975463867188,1.0002975463867188,1.0002975463867188,0.00017202680464833975,0.0,0.1487932652235031,350000.0,-0.01028778962790966,-0.003218492027372122,-9.536743617033494e-10,20.908939361572266,-37.188663482666016,73.03955841064453,0.1987922042608261,-2.2222654968500137,-0.09498856216669083,256.5895690917969,0.9576516151428223,0.37880873680114746,1.3364698886871338,1496.480224609375,0.7945052981376648,0.1558607518672943,0.874299168586731,0.031683728098869324,0.24521666765213013,2.0,1.2045938968658447,0.02771947532892227,-52738.8203125,0.031683728098869324,0.006168760824948549,0.009599177166819572,1.2586448192596436,0.0,3.0
185.28530883789062,2.5199999809265137,229.2100067138672,175.0,-0.45393016934394836,0.0003723007394000888,10.0,1.004271149635315,1.004271149635315,1.004271149635315,0.0030201307963579893,0.0,0.15372169017791748,352000.0,-0.022111522033810616,-0.011823732405900955,-1.1920929521291868e-10,2.936901807785034,-17.97203755378723,70.01593780517578,3.3234145641326904,3.1246223598718643,0.6587225794792175,257.9604797363281,0.9608092308044434,0.40223050117492676,1.363048791885376,1467.2991943359375,1.3610683679580688,0.13862594962120056,0.5217972993850708,0.010796168819069862,0.10185083746910095,1.0,3.20099139213562,0.010739872232079506,-1115.4105224609375,0.010796168819069862,-0.005050273146480322,0.45305413007736206,0.7347169518470764,0.0,3.0
188.75315856933594,2.5199999809265137,233.94000244140625,176.0,-0.43853598833084106,0.00029854304739274085,10.0,1.0037037134170532,1.0037037134170532,1.0037037134170532,0.0021599470637738705,0.0,0.15606629848480225,354000.0,-0.022583913058042526,-0.0004723910242319107,-5.7220459481754915e-09,0.8028708696365356,-2.1340309381484985,73.11481475830078,0.39958685636520386,-2.9238277077674866,-0.0716661661863327,259.37445068359375,1.0133845806121826,0.391402006149292,1.4047966003417969,1423.694091796875,0.5898151397705078,0.13634860515594482,0.5795309543609619,0.057490766048431396,0.28896471858024597,2.0,1.4186749458312988,0.03115118481218815,-22800.10546875,0.057490766048431396,-0.02416195720434189,0.02216435968875885,1.695446491241455,0.0,3.0
183.21827697753906,2.509999990463257,226.72000122070312,177.0,-0.4216483533382416,0.00028761805151589215,10.0,1.0005301237106323,1.0005301237106323,1.0005301237106323,0.0003063345793634653,0.0,0.15873228013515472,356000.0,-0.008712120354175568,0.013871792703866959,-4.76837147544984e-09,57.26032257080078,56.457451701164246,71.8442611694336,3.5519020557403564,3.1523151993751526,0.6982887983322144,260.7777404785156,1.0147154331207275,0.3808150291442871,1.395540714263916,1433.13671875,1.6763712167739868,0.12292700260877609,0.5331234335899353,0.00711686909198761,0.09166152775287628,2.0,1.0369231700897217,0.007105508353561163,-6516.76806640625,0.00711686909198761,-0.0009390219347551465,0.0776149332523346,0.596526563167572,0.0,3.0
175.63314819335938,2.5199999809265137,217.1999969482422,178.0,-0.4025808870792389,0.0004026243695989251,10.0,1.0002717971801758,1.0002717971801758,1.0002717971801758,0.00019224584684707224,0.0,0.16178900003433228,358000.0,-0.015506882220506668,-0.0067947618663311005,1.5497207961345794e-09,48.46553039550781,-8.794792175292969,70.31710052490234,4.516066074371338,0.9641640186309814,0.9841508865356445,262.13983154296875,0.9762628078460693,0.3781397342681885,1.35441255569458,1476.65576171875,1.274929404258728,0.0743018388748169,1.2145423889160156,0.012304313480854034,0.05827917903661728,1.0,2.3436405658721924,0.012066232971847057,-1422.03515625,0.012304313480854034,-0.00919814221560955,0.3553662598133087,0.7843571305274963,0.0,3.0
172.81259155273438,2.069999933242798,213.8699951171875,179.0,-0.3949785530567169,0.0003854726382996887,10.0,0.9988348484039307,0.9988348484039307,0.9988348484039307,0.0008238865993916988,0.0,0.16301435232162476,360000.0,-0.011469120159745216,0.004037762060761452,-1.3113021779531664e-09,22.949787139892578,-25.515743255615234,71.87936401367188,0.5581477284431458,-3.957918345928192,-0.2772497534751892,263.5340576171875,1.0062806606292725,0.38012194633483887,1.3864123821258545,1442.57275390625,0.7088278532028198,0.2213718146085739,0.6135824918746948,0.039805978536605835,0.3123069107532501,1.0,1.7936923503875732,0.03874519094824791,-25202.58984375,0.039805978536605835,-0.004704303108155727,0.020862311124801636,1.4107798337936401,0.0,3.0
170.66488647460938,2.069999933242798,211.44000244140625,180.0,-0.40528738498687744,0.00027178949676454067,10.0,0.9980442523956299,0.9980442523956299,0.9980442523956299,0.0011584978783503175,0.0,0.16134551167488098,362000.0,-0.007468585856258869,0.004000534303486347,2.3841859042583735e-10,18.208080291748047,-4.741706848144531,71.81275939941406,0.2054116427898407,-0.35273608565330505,-0.013142449781298637,264.9152526855469,0.9918346405029297,0.38169407844543457,1.3735380172729492,1456.0941162109375,1.2049790620803833,0.2425137311220169,0.6803959608078003,0.013774334453046322,0.2515746057033539,2.0,1.2942535877227783,0.013649540953338146,-120111.0078125,0.013774334453046322,0.0007391086546704173,0.004377481061965227,0.8298899531364441,0.0,3.0
170.7247314453125,2.069999933242798,211.44000244140625,181.0,-0.4103297293186188,0.00027212381246499717,10.0,1.0016387701034546,1.0016387701034546,1.0016387701034546,0.0009648339473642409,0.0,0.1605311930179596,364000.0,-0.006766243372112513,0.0007023424841463566,-1.7046929201569583e-08,1.1647590398788452,-17.0433212518692,72.84414672851562,0.08603741228580475,-0.11937423050403595,-0.06771659106016159,266.295166015625,0.9901800155639648,0.38190245628356934,1.3720932006835938,1457.62744140625,1.4651756286621094,0.19633930921554565,0.38888153433799744,0.009316442534327507,0.1675049066543579,2.0,0.5491728186607361,0.008904630318284035,-1478500.875,0.009316442534327507,-0.0003826861793641001,0.00035561027470976114,0.6825120449066162,0.0,3.0
168.64901733398438,2.069999933242798,209.0500030517578,182.0,-0.41704973578453064,0.00027249217964708805,10.0,0.9987584352493286,0.9987584352493286,0.9987584352493286,0.0007306209881789982,0.0,0.15945687890052795,366000.0,-0.008307785727083683,-0.0015415423549711704,-1.4305114870438729e-09,21.19577407836914,20.031015038490295,72.8289566040039,0.0508393757045269,-0.03519803658127785,-0.06940935552120209,267.6538391113281,0.9664783477783203,0.3842446804046631,1.3507323265075684,1480.6788330078125,1.4242697954177856,0.08730707317590714,0.8407891988754272,0.009859276004135609,0.07662442326545715,2.0,0.44570860266685486,0.0069131869822740555,-305106.75,0.009859276004135609,0.0022532069124281406,0.0017232715617865324,0.7021141648292542,0.0,3.0
168.8428955078125,2.069999933242798,209.0500030517578,183.0,-0.41863441467285156,0.00027764757396653295,10.0,0.9926385283470154,0.9926385283470154,0.9926385283470154,0.004355771467089653,0.0,0.15920335054397583,368000.0,-0.0048320116475224495,0.0034757740795612335,-1.6570091077028337e-08,0.9100858569145203,-20.28568822145462,73.99488067626953,0.036968816071748734,-0.013870559632778168,0.001389163313433528,269.0120544433594,0.9518499374389648,0.39838695526123047,1.3502464294433594,1481.211669921875,2.1619293689727783,0.1398863047361374,0.2765365540981293,0.00427903700619936,0.08088048547506332,2.0,0.2067897915840149,0.004219971131533384,-1814616.0,0.00427903700619936,-0.00013082158693578094,0.0002897399535868317,0.4625498056411743,0.0,3.0
165.0623779296875,1.5099999904632568,204.80999755859375,184.0,-0.43043217062950134,0.00035018392372876406,10.0,1.0021066665649414,1.0021066665649414,1.0021066665649414,0.0014896381180733442,0.0,0.1573416143655777,370000.0,-0.010213389061391354,-0.005381377413868904,-1.4305114870438729e-09,54.83515167236328,53.92506581544876,72.5374755859375,0.027027685195207596,-0.009941130876541138,-0.05445171520113945,270.3788146972656,0.9716184139251709,0.3869895935058594,1.3586182594299316,1472.0843505859375,1.0746272802352905,0.12029136717319489,1.0797125101089478,0.01731865108013153,0.1119377538561821,1.0,0.3789938688278198,0.00852193869650364,-1183133.75,0.01731865108013153,-0.0020254722330719233,0.000466361700091511,0.9305552244186401,0.0,3.0
161.21188354492188,1.5099999904632568,199.91000366210938,185.0,-0.43935054540634155,0.0002770130813587457,10.0,0.9990673661231995,0.9990673661231995,0.9990673661231995,0.0005386736593209207,0.0,0.1559394747018814,372000.0,-0.020453164353966713,-0.01023977529257536,-1.037120789249002e-08,36.15633773803711,-18.678813934326172,72.24117279052734,0.018980612978339195,-0.0080470722168684,-0.0296766459941864,271.7459716796875,0.9762711524963379,0.3795139789581299,1.3557960987091064,1475.1485595703125,0.6519713997840881,0.10199707746505737,2.2886595726013184,0.04705142229795456,0.19555507600307465,2.0,0.20076079666614532,0.032318077981472015,-4230356.0,0.04705142229795456,-0.0013862617779523134,0.0001304234901908785,1.5338096618652344,0.0,3.0
158.9613037109375,0.9599999785423279,196.57000732421875,186.0,-0.4555039405822754,0.0002781268849503249,10.0,1.0027706623077393,1.0027706623077393,1.0027706623077393,0.001618039677850902,0.0,0.15344689786434174,374000.0,-0.011014698073267937,0.009438466280698776,-2.8610229740877458e-09,38.77423095703125,2.6178932189941406,72.12555694580078,0.017135174944996834,-0.0018454380333423615,-0.024909192696213722,273.1011962890625,0.9639768600463867,0.3832120895385742,1.347198724746704,1484.5625,0.988750696182251,0.07606937736272812,1.876761794090271,0.020457670092582703,0.09616857022047043,2.0,0.18235433101654053,0.020196404308080673,-4599412.5,0.020457670092582703,-0.0001811860129237175,0.0001256411924259737,1.0113773345947266,0.0,3.0
160.8329315185547,0.9599999785423279,198.88999938964844,187.0,-0.4525279402732849,0.00035442656371742487,10.0,0.9991196393966675,0.9991196393966675,0.9991196393966675,0.0006273501785472035,0.0,0.1538989543914795,376000.0,-0.0094643235206604,0.0015503745526075363,1.4901161193847656e-08,1.7087281942367554,-37.065502762794495,72.24052429199219,0.01487504132091999,-0.0022601336240768433,-0.02345084771513939,274.5403747558594,1.0134572982788086,0.41741085052490234,1.4308788776397705,1397.7427978515625,1.0349080562591553,0.12924493849277496,0.6792871952056885,0.018673520535230637,0.15610678493976593,2.0,0.09175297617912292,0.007506160996854305,-7375904.5,0.018673520535230637,-0.0009354101493954659,7.834265124984086e-05,0.9662694334983826,0.0,3.0
166.45628356933594,0.6800000071525574,205.22000122070312,188.0,-0.4544954001903534,0.00041120077366940677,10.0,1.0030332803726196,1.0030332803726196,1.0030332803726196,0.00214493740350008,0.0,0.15359579026699066,378000.0,-0.01877913996577263,-0.009314816445112228,4.291534239087014e-09,3.968318223953247,2.2595900297164917,72.00460052490234,0.5263319611549377,0.5114569198340178,0.04387983679771423,275.8943786621094,0.9692683219909668,0.37619924545288086,1.34547758102417,1486.4617919921875,0.8230044841766357,0.1337471753358841,0.622186005115509,0.029527418315410614,0.16251087188720703,1.0,1.0697475671768188,0.02912537008523941,-5310.80712890625,0.029527418315410614,-0.006691464688628912,0.11136916279792786,1.2150602340698242,0.0,3.0
171.86019897460938,0.1899999976158142,211.27000427246094,189.0,-0.45278260111808777,0.0002873885678127408,10.0,1.0016268491744995,1.0016268491744995,1.0016268491744995,0.0011504123685881495,0.0,0.15385907888412476,380000.0,-0.008086033165454865,0.010693106800317764,1.4305114870438729e-09,19.102500915527344,15.134182691574097,74.29701232910156,0.049875881522893906,-0.47645607963204384,0.01079601515084505,277.24310302734375,0.9631292819976807,0.3778653144836426,1.341005563735962,1491.418701171875,1.1939703226089478,0.16368965804576874,1.0779800415039062,0.014029513113200665,0.13709691166877747,1.0,0.26328665018081665,0.013963593170046806,-830896.4375,0.014029513113200665,0.00022098503541201353,0.0007407995872199535,0.8375417590141296,0.0,3.0
174.08718872070312,0.1899999976158142,213.75,190.0,-0.46491146087646484,0.00029509543674066663,10.0,0.9992600679397583,0.9992600679397583,0.9992600679397583,0.000575393729377538,0.0,0.15200886130332947,382000.0,-0.006346695125102997,0.0017393380403518677,-2.6226043559063328e-08,0.7576860189437866,-18.344814896583557,73.66075897216797,0.027194540947675705,-0.0226813405752182,0.02203753963112831,278.59417724609375,0.9626965522766113,0.38048696517944336,1.3431932926177979,1488.98974609375,1.035823941230774,0.16375039517879486,0.766398549079895,0.018640514463186264,0.1976088583469391,2.0,0.34200814366340637,0.017448322847485542,-2341303.0,0.018640514463186264,-0.0005598492571152747,0.0002628931833896786,0.9654150009155273,0.0,3.0
175.72312927246094,0.1899999976158142,216.11000061035156,191.0,-0.4684073030948639,0.00029340354376472533,10.0,1.0007175207138062,1.0007175207138062,1.0007175207138062,0.0005073918728157878,0.0,0.1514732986688614,384000.0,-0.011124386452138424,-0.004777691327035427,6.1988831845383174e-09,0.4830562174320221,-0.2746298015117645,72.29493713378906,0.01789328083395958,-0.009301260113716125,0.0028735268861055374,279.9567565917969,0.978360652923584,0.3763887882232666,1.3547592163085938,1476.277587890625,0.9949718117713928,0.17169077694416046,1.2710996866226196,0.020202644169330597,0.17255844175815582,1.0,0.15530262887477875,0.014605846256017685,-2566371.5,0.020202644169330597,-0.0011586088221520185,0.0002398368378635496,1.0050536394119263,0.0,3.0
177.76780700683594,0.1899999976158142,218.5399932861328,192.0,-0.46704426407814026,0.000410088716307655,10.0,1.0018413066864014,1.0018413066864014,1.0018413066864014,0.0010926279937848449,0.0,0.15167997777462006,386000.0,-0.018334168940782547,-0.007209782488644123,3.0994415922691587e-09,0.5224389433860779,0.039382725954055786,73.16268920898438,0.014555998146533966,-0.0033372826874256134,0.013263286091387272,281.52734375,1.1039657592773438,0.4588918685913086,1.5628671646118164,1279.69970703125,0.661581814289093,0.14596451818943024,1.8541570901870728,0.04569437354803085,0.27578696608543396,2.0,0.11259516328573227,0.038188859820365906,-9152752.0,0.04569437354803085,-0.0007104623364284635,6.724147533532232e-05,1.5115288496017456,0.0,3.0
177.47654724121094,0.1899999976158142,218.4499969482422,193.0,-0.4647253751754761,0.00040937968879006803,10.0,0.9968134760856628,0.9968134760856628,0.9968134760856628,0.002253198530524969,0.0,0.15203219652175903,388000.0,-0.015297060832381248,0.0030371081084012985,-3.3378602104505717e-09,7.220452308654785,6.698013365268707,72.21825408935547,0.012534750625491142,-0.002021247521042824,0.007781483698636293,282.91558837890625,0.9849836826324463,0.3950824737548828,1.380075216293335,1449.1971435546875,0.7383230328559875,0.18952566385269165,1.2379813194274902,0.036689095199108124,0.25669750571250916,1.0,0.06057256832718849,0.03519732132554054,-52983516.0,0.036689095199108124,0.00013164608390070498,1.1607501619437244e-05,1.3544206619262695,0.0,3.0
176.9752960205078,0.1899999976158142,218.4499969482422,194.0,-0.501698911190033,0.0002902077685575932,10.0,1.003963828086853,1.003963828086853,1.003963828086853,0.002338137710466981,0.0,0.14655065536499023,390000.0,-0.011216966435313225,0.004080094397068024,-3.0994415922691587e-09,0.4519575536251068,-6.768494755029678,72.60169219970703,0.011979905888438225,-0.0005548447370529175,0.009516964666545391,284.2958679199219,0.9928297996520996,0.379497766494751,1.3723373413085938,1457.3681640625,1.0054004192352295,0.09641817957162857,2.717280626296997,0.01978571154177189,0.11987531185150146,2.0,0.02638987824320793,0.018272437155246735,-95111072.0,0.01978571154177189,9.896235133055598e-05,6.461760222009616e-06,0.9946286082267761,0.0,3.0
179.2136688232422,0.1899999976158142,220.94000244140625,195.0,-0.5242130756378174,0.00034551566932350397,10.0,1.0011497735977173,1.0011497735977173,1.0011497735977173,0.0006693035247735679,0.0,0.14325650036334991,392000.0,-0.013214061968028545,-0.0019970955327153206,-2.8610229740877458e-09,0.4174535274505615,-0.03450402617454529,73.04568481445312,0.01151982694864273,-0.0004600789397954941,0.008961564861238003,285.6499938964844,0.9664320945739746,0.37955164909362793,1.3459935188293457,1485.8917236328125,0.8170062899589539,0.1134205088019371,1.9972084760665894,0.02996256947517395,0.1735306680202484,2.0,0.04347214847803116,0.02707943134009838,-164523264.0,0.02996256947517395,-0.00010385939822299406,3.7313316170184407e-06,1.2239807844161987,0.0,3.0
186.84841918945312,0.1899999976158142,230.61000061035156,196.0,-0.551145076751709,0.0003991111007053405,10.0,0.9991288781166077,0.9991288781166077,0.9991288781166077,0.0006159621407277882,0.0,0.13946494460105896,394000.0,-0.00595862977206707,0.007255432195961475,4.0531160649948106e-09,0.423675537109375,0.0062220096588134766,72.56649017333984,0.011329058557748795,-0.00019076839089393616,0.0052729276940226555,287.0015869140625,0.9698331356048584,0.3738679885864258,1.3437104225158691,1488.416748046875,0.9338006973266602,0.17837001383304596,2.815843343734741,0.022936196997761726,0.1910151094198227,1.0,0.00821072980761528,0.01823301427066326,-654996928.0,0.022936196997761726,-6.648184353252873e-05,9.297541510022711e-07,1.070892333984375,0.0,3.0
191.1390838623047,0.1899999976158142,235.4199981689453,197.0,-0.5992165207862854,0.00028381674201227725,10.0,1.003487467765808,1.003487467765808,1.003487467765808,0.0020548158790916204,0.0,0.13293103873729706,396000.0,-0.007642511278390884,-0.0016838815063238144,2.38418573772492e-09,17.336856842041016,16.91318130493164,73.61041259765625,0.011187614873051643,-0.00014144368469715118,0.006924600340425968,288.3869934082031,1.0000615119934082,0.37766289710998535,1.3777339458465576,1451.6595458984375,1.2882581949234009,0.10534825921058655,0.9480218291282654,0.012051017954945564,0.10221966356039047,2.0,0.009887524880468845,0.011997624300420284,-776297216.0,0.012051017954945564,6.506641057058005e-06,7.82912877639319e-07,0.7762418985366821,0.0,3.0
190.67991638183594,0.1899999976158142,235.44000244140625,198.0,-0.6086675524711609,0.0004117770295124501,10.0,0.997890293598175,0.997890293598175,0.997890293598175,0.0014918016968294978,0.0,0.13165034353733063,398000.0,-0.03024786338210106,-0.022605352103710175,-2.6226043559063328e-09,40.02112579345703,22.684268951416016,71.92257690429688,0.011077750474214554,-0.00010986439883708954,0.0023021355737000704,289.7325439453125,0.9626352787017822,0.37497639656066895,1.337620735168457,1495.192626953125,0.5711818337440491,0.10465076565742493,3.346155881881714,0.06130291149020195,0.18321795761585236,1.0,0.017568429931998253,0.05922357738018036,-3871048704.0,0.06130291149020195,1.8183383872383274e-05,1.490101624312956e-07,1.7507559061050415,0.0,3.0
190.87603759765625,0.1899999976158142,235.44000244140625,199.0,-0.596463680267334,0.00038285728078335524,10.0,1.005062460899353,1.005062460899353,1.005062460899353,0.0035795599687844515,0.0,0.1332722008228302,400000.0,-0.030415790155529976,-0.00016792677342891693,3.457069297496673e-08,1.4386894702911377,-38.582436323165894,71.91777038574219,0.010989667847752571,-8.808262646198273e-05,0.0021896660327911377,291.0850830078125,0.9690172672271729,0.3757648468017578,1.3447916507720947,1487.2197265625,0.8371602892875671,0.09736213088035583,2.323366165161133,0.02853728085756302,0.11630045622587204,1.0,0.0026721851900219917,0.028099549934267998,-28597626880.0,0.02853728085756302,-3.0694809538545087e-06,1.1524027954123994e-08,1.1945143938064575,0.0,3.0
190.8068389892578,0.0,235.44000244140625,200.0,-0.5789995789527893,0.00039453397039324045,10.0,1.0049442052841187,1.0049442052841187,1.0049442052841187,0.003496109275147319,0.0,0.13561877608299255,402000.0,-0.02426975592970848,0.006146034225821495,-1.99079508433897e-08,0.6801807880401611,-0.7585086822509766,72.77189636230469,0.010895957238972187,-9.371060878038406e-05,0.0017881469102576375,292.4306335449219,0.9649240970611572,0.3723881244659424,1.3373219966888428,1495.5269775390625,0.8078212141990662,0.09475377947092056,1.9544124603271484,0.03064780682325363,0.11729548126459122,1.0,0.0027315770275890827,0.02325858175754547,-17783109632.0,0.03064780682325363,-1.6115196558530442e-05,2.514571129097476e-08,1.2378976345062256,0.0,3.0
190.43284606933594,0.0,235.5,201.0,-0.6060352325439453,0.00032031958107836545,10.0,1.0005393028259277,1.0005393028259277,1.0005393028259277,0.0003832225047517568,0.0,0.1320219337940216,404000.0,-0.01158383022993803,0.01268592569977045,-3.814697446813398e-09,17.948034286499023,17.267853498458862,72.76046752929688,0.010802552103996277,-9.340513497591019e-05,0.0009703518589958549,293.7791748046875,0.9607276916503906,0.38017797470092773,1.340916395187378,1491.517822265625,0.8295391201972961,0.14828801155090332,1.443503975868225,0.02906404808163643,0.22344939410686493,2.0,0.0045302086509764194,0.028917284682393074,-34130235392.0,0.02906404808163643,1.6393755686294753e-06,8.312208699123858e-09,1.205488681793213,0.0,3.0
190.86082458496094,0.0,235.57000732421875,202.0,-0.6217089295387268,0.0003138788160867989,10.0,1.0017156600952148,1.0017156600952148,1.0017156600952148,0.0012131548719480634,0.0,0.1299467235803604,406000.0,-0.012892422266304493,-0.0013085920363664627,7.152557435219364e-10,22.099048614501953,4.15101432800293,73.26029968261719,0.01070479303598404,-9.775906801223755e-05,0.0007689658086746931,295.1285400390625,0.966688871383667,0.3747444152832031,1.3414421081542969,1490.93359375,0.8365312218666077,0.1301211416721344,2.3365750312805176,0.02858022041618824,0.15554846823215485,1.0,0.003880335483700037,0.023824142292141914,-24636372992.0,0.02858022041618824,-1.0984394975821488e-05,1.5368993189213143e-08,1.1954126358032227,0.0,3.0
188.81591796875,0.0,233.22999572753906,203.0,-0.6379838585853577,0.00032919133082032204,10.0,1.00319242477417,1.00319242477417,1.00319242477417,0.002257385291159153,0.0,0.12785160541534424,408000.0,-0.01018543355166912,0.002706988714635372,-2.145767119543507e-09,23.14012908935547,1.0410804748535156,72.89176940917969,0.010601619258522987,-0.00010317377746105194,0.00035340714384801686,296.4854736328125,0.9657905101776123,0.38289523124694824,1.3486945629119873,1482.916015625,1.1150583028793335,0.1342664510011673,1.4529982805252075,0.01608549989759922,0.12041205167770386,1.0,0.0014391534496098757,0.016023529693484306,-54307463168.0,0.01608549989759922,8.444995387435483e-07,1.5085470650433308e-09,0.8968141078948975,0.0,3.0
189.02003479003906,0.0,233.22999572753906,204.0,-0.5913655161857605,0.00039449447649531066,10.0,0.9989981055259705,0.9989981055259705,0.9989981055259705,0.0007084604585543275,0.0,0.13404019176959991,410000.0,-0.005932589992880821,0.0042528435587882996,1.0728835597717534e-09,0.7733710408210754,-22.366758048534393,72.55815124511719,0.010492237284779549,-0.00010938197374343872,-8.708085078978911e-05,297.83001708984375,0.9612491130828857,0.37511610984802246,1.336374044418335,1496.5875244140625,2.444821834564209,0.1320645660161972,0.18381758034229279,0.00334606459364295,0.0540180578827858,1.0,0.0017474801279604435,0.0033454850781708956,-54729134080.0,0.00334606459364295,-8.135565110478638e-08,1.4198778819363156e-09,0.40902775526046753,0.0,3.0
190.93887329101562,0.0,235.7100067138672,205.0,-0.5871326327323914,0.0002809851721394807,10.0,1.0019700527191162,1.0019700527191162,1.0019700527191162,0.0011376709444448352,0.0,0.13452768325805664,412000.0,-0.011140936985611916,-0.005208346992731094,5.006790093631253e-09,0.5786327123641968,-0.19473832845687866,71.93818664550781,0.010375802405178547,-0.00011643487960100174,-0.0004341933235991746,299.1710205078125,0.9576053619384766,0.3755316734313965,1.333146333694458,1500.2109375,0.838262677192688,0.14557164907455444,0.8901652693748474,0.028462272137403488,0.2170735001564026,2.0,0.000847532763145864,0.0,0.0,0.028462272137403488,4.870612428931054e-07,3.676154103349205e-10,1.1929434537887573,0.0,4.0
191.27476501464844,0.0,235.7100067138672,206.0,-0.6107771396636963,0.0003483712498564273,10.0,1.000756859779358,1.000756859779358,1.000756859779358,0.0005351525614969432,0.0,0.13138417899608612,414000.0,-0.008374584838747978,0.0027663521468639374,2.145767119543507e-09,0.4812307357788086,-0.09740197658538818,72.91893768310547,0.010251948609948158,-0.00012385379523038864,-0.00033441890263929963,300.5459289550781,0.9881083965301514,0.37932276725769043,1.3674399852752686,1462.5877685546875,1.2466834783554077,0.12100627273321152,0.5995415449142456,0.012868182733654976,0.09706255048513412,1.0,0.0013376408023759723,0.0128526845946908,-57278664704.0,0.012868182733654976,-4.1122996208287077e-07,9.115667110037862e-10,0.8021281957626343,0.0,3.0
191.48902893066406,0.0,235.7100067138672,207.0,-0.632299542427063,0.00027610434335656464,10.0,1.001875400543213,1.001875400543213,1.001875400543213,0.001105974311940372,0.0,0.12857899069786072,416000.0,-0.008742124773561954,-0.0003675399348139763,-2.3841859042583735e-10,0.44063806533813477,-0.04059267044067383,73.49673461914062,0.010120227932929993,-0.0001317206770181656,-0.0003398530534468591,301.99591064453125,1.0008618831634521,0.44148993492126465,1.4423613548278809,1386.615478515625,1.690231204032898,0.07764924317598343,2.5541839599609375,0.007000629790127277,0.05742500349879265,2.0,0.0009791835909709334,0.0,0.0,0.007000629790127277,8.447835284641769e-07,3.768824141658911e-10,0.5916350483894348,0.0,4.0
191.45094299316406,0.0,235.7100067138672,208.0,-0.6371890306472778,0.00035718022263608873,10.0,0.99986332654953,0.99986332654953,0.99986332654953,0.00015710336447227746,0.0,0.1279485672712326,418000.0,-0.006926278583705425,0.0018158461898565292,1.2397766369076635e-08,0.43534860014915466,-0.0052894651889801025,72.13536834716797,0.009980401024222374,-0.0001398269087076187,-0.000512747501488775,303.3487243652344,0.9681174755096436,0.3767380714416504,1.344865322113037,1487.1383056640625,1.2460753917694092,0.09882109612226486,2.3167357444763184,0.012880746275186539,0.09913234412670135,2.0,0.00040319503750652075,0.0,0.0,0.012880746275186539,2.989752090343245e-08,7.373190946680097e-11,0.802519679069519,0.0,4.0
191.21636962890625,0.0,235.7100067138672,209.0,-0.6569781303405762,0.0002943338768091053,10.0,1.0027318000793457,1.0027318000793457,1.0027318000793457,0.0016274817753583193,0.0,0.12544958293437958,420000.0,-0.015343795530498028,-0.008417516946792603,-3.290176309178605e-08,0.4270904064178467,-0.008258193731307983,71.86175537109375,0.009832123294472694,-0.00014827772974967957,-0.0005251247785054147,304.6797790527344,0.9468998908996582,0.3763000965118408,1.323209285736084,1511.4775390625,0.8649359345436096,0.0730786994099617,2.321122169494629,0.0267338789999485,0.1056128740310669,2.0,0.00023138726828619838,0.0,0.0,0.0267338789999485,4.489195077894692e-07,1.2057480014426858e-10,1.156154990196228,0.0,4.0
193.88673400878906,0.0,238.14999389648438,210.0,-0.6421003937721252,0.0003604441590141505,10.0,1.006353735923767,1.006353735923767,1.006353735923767,0.004492741543799639,0.0,0.12733349204063416,422000.0,-0.045763418078422546,-0.03041962254792452,7.510185362491484e-09,0.4460105299949646,0.01892012357711792,75.11206817626953,0.009675090201199055,-0.00015703309327363968,-0.0002431511238683015,306.0135498046875,0.9459679126739502,0.38010358810424805,1.3260810375213623,1508.20458984375,0.6072579026222229,0.15862737596035004,2.7708663940429688,0.054235491901636124,0.2612191438674927,1.0,0.00040793264633975923,0.0,0.0,0.054235491901636124,-4.737746337468707e-07,2.7409810532397216e-10,1.6467467546463013,0.0,4.0
198.1076202392578,0.0,242.86000061035156,211.0,-0.6288232207298279,0.0002886671863961965,10.0,1.001116156578064,1.001116156578064,1.001116156578064,0.0006975291180424392,0.0,0.12902367115020752,424000.0,-0.025880534201860428,0.01988288387656212,-4.76837147544984e-09,0.4080282151699066,-0.03798231482505798,73.51729583740234,0.009509109891951084,-0.00016598030924797058,-0.00034626363776624203,307.34375,0.9452216625213623,0.3772242069244385,1.3224551677703857,1512.339111328125,0.6187096238136292,0.06778327375650406,5.365743160247803,0.05224637687206268,0.13694481551647186,2.0,0.0010400211904197931,0.05042703449726105,-58028445696.0,0.05224637687206268,4.426665327628143e-06,7.70580321773906e-10,1.6162670850753784,0.0,3.0
198.43804931640625,0.0,242.86000061035156,212.0,-0.6019951701164246,0.000405021826736629,10.0,0.994587242603302,0.994587242603302,0.994587242603302,0.0038273553363978863,0.0,0.13255394995212555,426000.0,-0.012627575546503067,0.01325295865535736,9.53674295089968e-09,0.40623655915260315,-0.0017916560173034668,72.85865783691406,0.009333954192698002,-0.00017515569925308228,-0.00035285038757137954,308.6695556640625,0.9420483112335205,0.37595653533935547,1.3180139064788818,1517.4351806640625,1.2304929494857788,0.09508038312196732,3.3188798427581787,0.013209044933319092,0.07727017998695374,1.0,0.00032772895065136254,0.0,0.0,0.013209044933319092,2.244478736201927e-07,5.516243711811697e-11,0.8126824498176575,0.0,4.0
194.41685485839844,0.0,238.17999267578125,213.0,-0.5943670272827148,0.0004057080077473074,10.0,1.001047134399414,1.001047134399414,1.001047134399414,0.0007403796189464629,0.0,0.13354744017124176,428000.0,-0.01949211210012436,-0.006864536553621292,8.583068478174027e-09,43.70265579223633,43.296419233083725,72.58776092529297,0.009149482473731041,-0.0001844717189669609,-0.0002850986202247441,310.0401916503906,0.9482970237731934,0.41448545455932617,1.3627924919128418,1467.57568359375,0.7353697419166565,0.15852458775043488,2.5890190601348877,0.036984384059906006,0.21557128429412842,1.0,0.00019235302170272917,0.0,0.0,0.036984384059906006,4.435298137650534e-07,6.951613590322481e-11,1.3598601818084717,0.0,4.0
196.3739776611328,0.0,240.61000061035156,214.0,-0.633829653263092,0.00027330403099767864,10.0,0.9991943836212158,0.9991943836212158,0.9991943836212158,0.0005376022891141474,0.0,0.12840956449508667,430000.0,-0.007809090428054333,0.011683021672070026,-1.0013580187262505e-08,1.040165662765503,-42.662490129470825,72.5045166015625,0.00895555317401886,-0.0001939292997121811,-0.0001873127039289102,311.5414123535156,1.0724530220031738,0.41966724395751953,1.4921302795410156,1340.3662109375,1.2191427946090698,0.0630081370472908,1.020809292793274,0.013456140644848347,0.06460291147232056,2.0,0.00019000505562871695,0.0,0.0,0.013456140644848347,-5.196322661049635e-08,2.8249224140464158e-11,0.8202484846115112,0.0,4.0
199.8521728515625,0.0,245.32000732421875,215.0,-0.6055044531822205,0.0003575828450266272,10.0,0.9992430806159973,0.9992430806159973,0.9992430806159973,0.0005351245054043829,0.0,0.13211186230182648,432000.0,-0.0063611483201384544,0.0014479421079158783,3.218650901359865e-09,0.5014946460723877,-0.5386710166931152,71.2162857055664,0.008752124384045601,-0.00020342878997325897,-0.0002086926542688161,312.892333984375,0.9677760601043701,0.3705565929412842,1.3383429050445557,1494.3858642578125,1.8392072916030884,0.09437115490436554,0.6224748492240906,0.0059124561958014965,0.051310762763023376,1.0,0.00019799232541117817,0.0,0.0,0.0059124561958014965,-1.5554809351669974e-07,5.843096839708295e-11,0.5437124967575073,0.0,4.0
199.96420288085938,0.0,245.32000732421875,216.0,-0.6006982922554016,0.0002412880858173594,10.0,1.0020707845687866,1.0020707845687866,1.0020707845687866,0.0010804024059325457,0.0,0.13270728290081024,434000.0,-0.012281945906579494,-0.00592079758644104,2.3841859042583735e-10,0.42572158575057983,-0.07577306032180786,72.27283477783203,0.008539196103811264,-0.00021292828023433685,-0.00014244481280911714,314.2674865722656,0.9787685871124268,0.3881688117980957,1.3669466972351074,1463.1156005859375,0.7533815503120422,0.08838944882154465,1.7586355209350586,0.03523707762360573,0.1833181381225586,3.0,0.0004751030064653605,0.0,0.0,0.03523707762360573,2.237747196431883e-07,1.7095999615968083e-10,1.3273487091064453,0.0,4.0
200.0408172607422,0.0,245.32000732421875,217.0,-0.6125760674476624,0.0004021705826744437,10.0,0.9994509816169739,0.9994509816169739,0.9994509816169739,0.00038817248423583806,0.0,0.13114099204540253,436000.0,-0.009112989529967308,0.0031689563766121864,5.2452087118126656e-09,0.4075329899787903,-0.01818859577178955,72.3822250366211,0.00831686332821846,-0.00022233277559280396,-5.867189247510396e-05,315.5947265625,0.9470577239990234,0.3717331886291504,1.3187999725341797,1516.531005859375,0.8435863256454468,0.1096726506948471,1.5992324352264404,0.02810416929423809,0.13000762462615967,1.0,0.00027595635037869215,0.0,0.0,0.02810416929423809,-7.263655987799211e-08,5.7735195096997316e-11,1.1854151487350464,0.0,4.0
198.02328491210938,0.0,242.9600067138672,218.0,-0.6378856301307678,0.0003397537802811712,10.0,0.9978955984115601,0.9978955984115601,0.9978955984115601,0.001242361729964614,0.0,0.12786802649497986,438000.0,-0.013071713969111443,-0.0039587244391441345,-4.76837147544984e-09,22.028959274291992,21.621426284313202,72.74030303955078,0.008085295557975769,-0.00023156777024269104,-5.225241238804301e-06,316.9740905761719,0.9955151081085205,0.3755302429199219,1.3710548877716064,1458.7313232421875,0.9790018796920776,0.1693962663412094,0.5553364753723145,0.020867131650447845,0.21628691256046295,2.0,0.0007049803389236331,0.0,0.0,0.020867131650447845,-3.4446344443495036e-08,3.274840398859169e-10,1.0214484930038452,0.0,4.0
197.77532958984375,0.0,242.9600067138672,219.0,-0.6650539040565491,0.00031275328365154564,10.0,1.00288724899292,1.00288724899292,1.00288724899292,0.001763195381499827,0.0,0.12444363534450531,440000.0,-0.016824033111333847,-0.0037523191422224045,1.3351440841802287e-08,0.6411359906196594,-21.387823283672333,71.82884979248047,0.007844710722565651,-0.0002405848354101181,4.4779568270314485e-05,318.30145263671875,0.9459710121154785,0.37256908416748047,1.318549394607544,1516.8189697265625,0.998381495475769,0.0939752459526062,1.0979087352752686,0.020064888522028923,0.11765947192907333,2.0,0.00039787348941899836,0.0,0.0,0.020064888522028923,-5.633577302432968e-07,2.660735798354352e-10,1.001621127128601,0.0,4.0
198.40386962890625,0.0,242.9600067138672,220.0,-0.677733838558197,0.000363576429663226,10.0,1.0008842945098877,1.0008842945098877,1.0008842945098877,0.0005156085244379938,0.0,0.12286579608917236,442000.0,-0.013671785593032837,0.00315224751830101,1.6212464259979242e-08,0.46595269441604614,-0.17518329620361328,73.97578430175781,0.007595433853566647,-0.00024927686899900436,0.00012814214278478175,319.630615234375,0.9474198818206787,0.373455286026001,1.3208842277526855,1514.1380615234375,0.9374670386314392,0.09889450669288635,2.369227886199951,0.022757144644856453,0.13186395168304443,2.0,0.0004903092631138861,0.0,0.0,0.022757144644856453,-4.098407657693315e-07,1.6188428375585318e-10,1.0667041540145874,0.0,4.0
198.9792938232422,0.0,242.9600067138672,221.0,-0.6475726962089539,0.00027719285571947694,10.0,1.004262924194336,1.004262924194336,1.004262924194336,0.0025057243183255196,0.0,0.12664911150932312,444000.0,-0.014582173898816109,-0.0009103883057832718,-3.3378602104505717e-09,0.44316762685775757,-0.022785067558288574,73.82230377197266,0.007337883114814758,-0.0002575507387518883,0.0001547891297377646,320.9546813964844,0.9433517456054688,0.37291574478149414,1.316277027130127,1519.4375,0.9060606956481934,0.12291283160448074,1.64030122756958,0.024362128227949142,0.16957038640975952,2.0,0.00013748419587500393,0.0,0.0,0.024362128227949142,9.875273576653854e-08,4.0473596696344316e-11,1.103678822517395,0.0,4.0
198.62127685546875,0.0,242.9600067138672,222.0,-0.6432173252105713,0.00032221779110841453,10.0,0.999595582485199,0.999595582485199,0.999595582485199,0.00025255585205741227,0.0,0.12717968225479126,446000.0,-0.02107025682926178,-0.006488082930445671,-1.5735626135437997e-08,0.3934771716594696,-0.049690455198287964,72.29032135009766,0.007072573062032461,-0.00026531005278229713,0.00014403375098481774,322.3264465332031,0.9903538227081299,0.3736240863800049,1.3639869689941406,1466.2901611328125,0.7882899045944214,0.0819278359413147,2.3897430896759033,0.03218532353639603,0.12991388142108917,2.0,0.0003315629728604108,0.0,0.0,0.03218532353639603,1.276582679565763e-07,4.3128278726101144e-11,1.2685688734054565,0.0,4.0
198.51504516601562,0.0,242.9600067138672,223.0,-0.6764769554138184,0.00029501706012524664,10.0,1.0006592273712158,1.0006592273712158,1.0006592273712158,0.00038092603790573776,0.0,0.1230420470237732,448000.0,-0.00919431634247303,0.01187594048678875,1.3351440841802287e-08,0.3996273875236511,0.0061502158641815186,72.58379364013672,0.0068000853061676025,-0.00027248775586485863,0.00018312076281290501,323.65435791015625,0.9477419853210449,0.3724405765533447,1.320192575454712,1514.9312744140625,1.1833301782608032,0.07333386689424515,2.3957085609436035,0.014282947406172752,0.07746556401252747,2.0,0.0008456095238216221,0.0,0.0,0.014282947406172752,6.016432507749414e-07,2.8684163377867833e-10,0.8450726866722107,0.0,4.0
196.6934814453125,0.0,240.6199951171875,224.0,-0.7161036729812622,0.00028111570281907916,10.0,0.9981803297996521,0.9981803297996521,0.9981803297996521,0.0010956557234749198,0.0,0.11826102435588837,450000.0,-0.007978491485118866,0.0012158248573541641,-6.9141385949933465e-09,23.47238540649414,23.07275801897049,72.6936264038086,0.0065211281180381775,-0.00027895718812942505,0.00023163846344687045,324.9761047363281,0.9428086280822754,0.3711988925933838,1.3140172958374023,1522.050537109375,1.699355959892273,0.08599409461021423,0.19332098960876465,0.006925651803612709,0.0632549300789833,2.0,0.00043430121149867773,0.0,0.0,0.006925651803612709,3.6790432034194964e-08,1.1339063021864604e-10,0.588458240032196,0.0,4.0
200.48695373535156,0.0,245.3000030517578,225.0,-0.7219304442405701,0.000411058688769117,10.0,1.0028352737426758,1.0028352737426758,1.0028352737426758,0.002004785230383277,0.0,0.1175527274608612,452000.0,-0.01416037604212761,-0.006181884557008743,7.629394893626795e-09,0.6721125245094299,-22.80027288198471,72.66062927246094,0.006236459128558636,-0.0002846689894795418,0.00024582352489233017,326.2998352050781,0.9462802410125732,0.369732141494751,1.3160219192504883,1519.7320556640625,1.0272316932678223,0.11594615131616592,2.2193551063537598,0.018953656777739525,0.11287246644496918,1.0,0.0005794982425868511,0.0,0.0,0.018953656777739525,7.518681286455831e-07,1.7676832220203664e-10,0.9734902381896973,0.0,4.0
196.82257080078125,0.0,240.66000366210938,226.0,-0.708751916885376,0.00029040322988294065,10.0,1.00113844871521,1.00113844871521,1.00113844871521,0.0007163026602938771,0.0,0.11911526322364807,454000.0,-0.006304088979959488,0.007856287062168121,-2.8610229740877458e-09,44.134185791015625,43.462073266506195,73.2536849975586,0.00594691839069128,-0.00028954073786735535,0.00028249615570530295,327.62615966796875,0.9491686820983887,0.3694126605987549,1.3185901641845703,1516.7720947265625,2.0773849487304688,0.08888067305088043,0.1980212777853012,0.004634416662156582,0.053481101989746094,2.0,0.0007091118022799492,0.0,0.0,0.004634416662156582,-3.470697507168552e-08,3.0754793156617666e-10,0.48137444257736206,0.0,4.0
192.90797424316406,0.5199999809265137,235.66000366210938,227.0,-0.7040950655937195,0.00039314801688306034,10.0,1.0004814863204956,1.0004814863204956,1.0004814863204956,0.00034043414052575827,0.0,0.119668148458004,456000.0,-0.010812419466674328,-0.00450833048671484,1.0490417423625331e-08,39.518035888671875,-4.61614990234375,70.59518432617188,1.6366214752197266,1.6306745568290353,0.0010544906836003065,328.9702453613281,0.9587085247039795,0.37762451171875,1.3363416194915771,1496.62353515625,1.6834807395935059,0.07287109643220901,0.5515788197517395,0.007056885864585638,0.043285973370075226,1.0,0.8205486536026001,0.005633087828755379,-3431.689208984375,0.007056885864585638,-0.015768136829137802,0.1746273636817932,0.5940073728561401,0.0,3.0
184.5566864013672,1.5800000429153442,225.25999450683594,228.0,-0.7143958806991577,0.00027023846632800996,10.0,1.0030038356781006,1.0030038356781006,1.0030038356781006,0.0017767234239727259,0.0,0.1184442862868309,458000.0,-0.013211652636528015,-0.0023992331698536873,3.3378602104505717e-09,34.15175247192383,-5.366283416748047,68.47240447998047,4.334042549133301,2.697421073913574,0.8601565957069397,330.3553466796875,0.9989645481109619,0.3783245086669922,1.3772997856140137,1452.1171875,0.8855884671211243,0.07577148079872131,1.9192755222320557,0.025501510128378868,0.10695074498653412,2.0,2.4897897243499756,0.025356346741318703,-2146.1650390625,0.025501510128378868,0.006090916693210602,0.25556808710098267,1.1291927099227905,0.0,3.0
182.70535278320312,1.5800000429153442,222.77000427246094,229.0,-0.7008363008499146,0.00026979082031175494,10.0,1.0041418075561523,1.0041418075561523,1.0041418075561523,0.002477297792211175,0.0,0.12006410956382751,460000.0,-0.01281505823135376,0.00039659440517425537,-1.6570091077028337e-08,4.752381801605225,-29.399370670318604,72.33247375488281,0.3419072926044464,-3.9921352565288544,-0.06452327966690063,331.69342041015625,0.9520680904388428,0.3777167797088623,1.3297953605651855,1503.9915771484375,1.2916560173034668,0.08568305522203445,0.3846321403980255,0.011987701058387756,0.08291977643966675,2.0,2.5790722370147705,0.01021554134786129,-44402.234375,0.011987701058387756,0.004678813740611076,0.012352884747087955,0.774199903011322,0.0,3.0
184.84625244140625,1.5800000429153442,225.1300048828125,230.0,-0.7308772802352905,0.000293308577965945,10.0,0.9960635900497437,0.9960635900497437,0.9960635900497437,0.002340142149478197,0.0,0.1165289580821991,462000.0,-0.005172639153897762,0.0076424190774559975,1.752376554975399e-08,0.8481296300888062,-3.9042521715164185,72.52312469482422,0.1239909678697586,-0.2179163247346878,-0.058052074164152145,333.0299072265625,0.9474201202392578,0.3809826374053955,1.3284125328063965,1505.5570068359375,2.2713468074798584,0.07382635027170181,0.4194658100605011,0.0038766982033848763,0.04062917083501816,2.0,0.8759695291519165,0.002519535832107067,-683139.5,0.0038766982033848763,-0.0010438739554956555,0.0008028954034671187,0.440267413854599,0.0,3.0
184.8505401611328,1.5800000429153442,225.1300048828125,231.0,-0.7526938915252686,0.0002788185956887901,10.0,1.0012662410736084,1.0012662410736084,1.0012662410736084,0.0007360878516919911,0.0,0.11399530619382858,464000.0,-0.013241155073046684,-0.008068515919148922,2.229213791338225e-08,0.7583533525466919,-0.08977627754211426,72.9652099609375,0.05715012550354004,-0.06684084236621857,-0.010891027748584747,334.3646240234375,0.9494011402130127,0.37755656242370605,1.326967477798462,1507.19677734375,0.9671754837036133,0.06641362607479095,2.269091844558716,0.02138056978583336,0.08583451807498932,2.0,0.518653154373169,0.01928831823170185,-970960.9375,0.02138056978583336,-0.0010871588019654155,0.0005648905644193292,1.0339385271072388,0.0,3.0
183.19815063476562,1.5800000429153442,222.7899932861328,232.0,-0.7718305587768555,0.00040776142850518227,10.0,1.0014549493789673,1.0014549493789673,1.0014549493789673,0.0010288888588547707,0.0,0.11183779686689377,466000.0,-0.011198891326785088,0.0020422637462615967,-7.152557435219364e-10,25.436410903930664,24.678057551383972,72.93273162841797,0.039490241557359695,-0.017659883946180344,0.04356887936592102,335.6897277832031,0.9424304962158203,0.37476158142089844,1.317202091217041,1518.3704833984375,0.9409658312797546,0.15868119895458221,1.3043628931045532,0.022588223218917847,0.1686365008354187,1.0,0.502415657043457,0.02210756577551365,-940447.625,0.022588223218917847,-0.0005294647417031229,0.0005832190508954227,1.0627378225326538,0.0,3.0
175.4053192138672,1.5800000429153442,213.08999633789062,233.0,-0.804287850856781,0.0002816325577441603,10.0,0.9952303767204285,0.9952303767204285,0.9952303767204285,0.002813272411003709,0.0,0.10827067494392395,468000.0,-0.013348853215575218,-0.0021499618887901306,-3.5762786065873797e-09,57.3453369140625,31.908926010131836,74.57051086425781,0.02557164803147316,-0.013918593525886536,0.056124065071344376,337.03753662109375,0.9633827209472656,0.37497973442077637,1.3383727073669434,1494.3529052734375,0.5588805079460144,0.06720127910375595,3.270122766494751,0.06403125077486038,0.15030331909656525,2.0,0.6438249349594116,0.023625992238521576,-1364045.875,0.06403125077486038,-0.004030800890177488,0.00040209991857409477,1.789291262626648,0.0,3.0
173.64306640625,1.5800000429153442,210.75999450683594,234.0,-0.8084079623222351,0.0003019893483724445,10.0,1.006559133529663,1.006559133529663,1.006559133529663,0.0042347656562924385,0.0,0.10781418532133102,470000.0,-0.012213852256536484,0.0011350009590387344,2.145767119543507e-09,25.087018966674805,-32.258317947387695,72.69754791259766,0.018282169476151466,-0.007289478555321693,0.08380637317895889,338.3948059082031,0.9722385406494141,0.37729644775390625,1.3495454788208008,1481.980712890625,1.530930757522583,0.0842217430472374,0.36454862356185913,0.008533326908946037,0.06876678764820099,2.0,0.17390628159046173,0.008430874906480312,-4277825.5,0.008533326908946037,0.00011461352551123127,0.0001282084995182231,0.6531974077224731,0.0,3.0
175.4407958984375,1.5800000429153442,213.10000610351562,235.0,-0.816554069519043,0.0002998767595272511,10.0,1.003605604171753,1.003605604171753,1.003605604171753,0.0021506543271243572,0.0,0.10694079101085663,472000.0,-0.01198578905314207,0.000228063203394413,-2.6226043559063328e-08,1.1724092960357666,-23.914609670639038,71.67473602294922,0.014705034904181957,-0.003577134571969509,0.11307992786169052,339.72564697265625,0.9507584571838379,0.3723447322845459,1.3231124877929688,1511.5877685546875,1.3417001962661743,0.10106787085533142,0.3655109107494354,0.011110116727650166,0.09416027367115021,2.0,0.22140461206436157,0.011083483695983887,-5500230.0,0.011110116727650166,5.153546590008773e-05,9.97124589048326e-05,0.7453230023384094,0.0,3.0
173.94482421875,2.0299999713897705,211.88999938964844,236.0,-0.8161574006080627,0.0002692325215321034,10.0,0.9953199625015259,0.9953199625015259,0.9953199625015259,0.0027851799968630075,0.0,0.10698197036981583,474000.0,-0.020990535616874695,-0.009004746563732624,-9.775162013170302e-09,1.6133924722671509,0.4409831762313843,70.61095428466797,1.591341257095337,1.576636222191155,0.24826158583164215,341.0599060058594,0.958219051361084,0.3684999942779541,1.326728343963623,1507.4683837890625,0.8807410597801208,0.040111295878887177,1.2525733709335327,0.0257829912006855,0.05692833289504051,2.0,0.6629480719566345,0.020869171246886253,-8542.3720703125,0.0257829912006855,-0.017421312630176544,0.06176500394940376,1.1354074478149414,0.0,3.0
176.22462463378906,2.5,214.89999389648438,237.0,-0.8191170692443848,0.0002712032583076507,10.0,0.9992434978485107,0.9992434978485107,0.9992434978485107,0.00043680821545422077,0.0,0.10666593164205551,476000.0,-0.015787877142429352,0.005202658474445343,-3.3378602104505717e-09,1.9065625667572021,0.29317009449005127,71.59941864013672,2.7184550762176514,1.1271138191223145,0.5836488008499146,342.4356384277344,0.9800806045532227,0.3878777027130127,1.3679678440093994,1462.0234375,0.9244400858879089,0.05054037645459175,0.682468056678772,0.023403041064739227,0.06833919137716293,2.0,1.797471284866333,0.021523287519812584,-3700.310791015625,0.023403041064739227,-0.016036612913012505,0.13681207597255707,1.0817358493804932,0.0,3.0
177.0950164794922,2.440000057220459,216.0500030517578,238.0,-0.8293044567108154,0.0002755550667643547,10.0,0.9958314299583435,0.9958314299583435,0.9958314299583435,0.0024901987053453922,0.0,0.10558618605136871,478000.0,-0.01604609377682209,-0.00025821663439273834,1.19209286886246e-09,1.7336292266845703,-0.17293334007263184,70.70105743408203,3.2682108879089355,0.5497558116912842,0.8198696970939636,343.79144287109375,0.9732308387756348,0.3746345043182373,1.347874641418457,1483.8179931640625,1.0821542739868164,0.0583961047232151,0.7843785285949707,0.017078567296266556,0.067453533411026,2.0,2.7459230422973633,0.014057263731956482,-3281.52783203125,0.017078567296266556,-0.021646961569786072,0.15509557723999023,0.9240826368331909,0.0,3.0
177.58599853515625,2.440000057220459,216.0800018310547,239.0,-0.8362497687339783,0.0004008641408290714,10.0,0.998213529586792,0.998213529586792,0.998213529586792,0.0012632253346964717,0.0,0.10485440492630005,480000.0,-0.00902551133185625,0.007020582444965839,5.9604643443123e-10,43.28899002075195,41.55536079406738,74.2446060180664,0.432395875453949,-2.8358150124549866,0.3570874333381653,345.1321716308594,0.9603469371795654,0.3725240230560303,1.3328804969787598,1500.5101318359375,2.085395336151123,0.07282266020774841,0.7519106864929199,0.004598882049322128,0.034920308738946915,1.0,2.226506233215332,0.0029810993000864983,-56855.62109375,0.004598882049322128,-0.00380550604313612,0.008951671421527863,0.4795253872871399,0.0,3.0
182.6798095703125,1.3799999952316284,221.83999633789062,240.0,-0.8410928845405579,0.0003944816126022488,10.0,1.0016263723373413,1.0016263723373413,1.0016263723373413,0.0011499346001073718,0.0,0.1043473482131958,482000.0,-0.00857052393257618,0.00045498739928007126,1.6689301052252858e-09,25.536466598510742,-17.75252342224121,71.6885757446289,0.17777977883815765,-0.2546160966157913,0.2615513801574707,346.4748229980469,0.9622516632080078,0.37250685691833496,1.334768295288086,1498.3876953125,1.4850140810012817,0.09002706408500671,1.2227611541748047,0.009069186635315418,0.06062370538711548,1.0,0.8903485536575317,0.008970887400209904,-201281.859375,0.009069186635315418,0.0005219778977334499,0.0027717468328773975,0.6733942627906799,0.0,3.0
182.3743133544922,1.3799999952316284,221.8699951171875,241.0,-0.852343738079071,0.0003972030244767666,10.0,1.0024460554122925,1.0024460554122925,1.0024460554122925,0.0017295943107455969,0.0,0.10318238288164139,484000.0,-0.009714741259813309,-0.0011442173272371292,-8.106232129989621e-09,12.130205154418945,-13.406261444091797,70.96704864501953,0.08214046061038971,-0.09563931822776794,0.2519497871398926,347.83050537109375,0.9774792194366455,0.37018752098083496,1.3476781845092773,1484.0343017578125,1.3055450916290283,0.11387369781732559,0.45516595244407654,0.011733993887901306,0.0872231051325798,1.0,0.45747971534729004,0.010876815766096115,-580535.625,0.011733993887901306,0.0009076134883798659,0.0009610066772438586,0.765963613986969,0.0,3.0
181.79898071289062,1.3799999952316284,221.8699951171875,242.0,-0.8853563070297241,0.0002749030536506325,10.0,1.0006422996520996,1.0006422996520996,1.0006422996520996,0.0003765058354474604,0.0,0.09984290599822998,486000.0,-0.009815000928938389,-0.00010025966912508011,9.298324776807476e-09,0.8283586502075195,-11.301846504211426,70.43301391601562,0.037761859595775604,-0.044378601014614105,0.31814640760421753,349.184814453125,0.9720396995544434,0.37456774711608887,1.3466172218322754,1485.20361328125,1.2760177850723267,0.09375759959220886,1.3673490285873413,0.012283329851925373,0.09184589236974716,2.0,0.21249276399612427,0.012234092690050602,-2450668.0,0.012283329851925373,0.00010587315773591399,0.00022764402092434466,0.7836881279945374,0.0,3.0
180.1563720703125,1.7899999618530273,220.52999877929688,243.0,-0.8849484324455261,0.0004105370899196714,10.0,0.9953746199607849,0.9953746199607849,0.9953746199607849,0.0032706514466553926,0.0,0.09987109154462814,488000.0,-0.027410103008151054,-0.017595102079212666,-8.344650526126429e-10,1.0649868249893188,0.23662817478179932,69.35675811767578,1.8217201232910156,1.78395826369524,0.5205998420715332,350.5682067871094,1.0039944648742676,0.37198495864868164,1.3759894371032715,1453.5,0.9801642894744873,0.06765782088041306,0.684266209602356,0.02081766538321972,0.06902702897787094,1.0,1.6704390048980713,0.012959606014192104,-3944.96630859375,0.02081766538321972,-0.03275744616985321,0.13655409216880798,1.0202370882034302,0.0,3.0
181.7676544189453,1.7899999618530273,222.8699951171875,244.0,-0.8842220306396484,0.0003652433806564659,10.0,1.0012239217758179,1.0012239217758179,1.0012239217758179,0.000865471491124481,0.0,0.099942646920681,490000.0,-0.0158435869961977,0.011566516011953354,-4.768371808516747e-10,0.6065210103988647,-0.4584658145904541,71.61603546142578,0.18017467856407166,-1.641545444726944,0.30471545457839966,351.9301452636719,0.9711101055145264,0.38295745849609375,1.3540771007537842,1477.0216064453125,0.793559730052948,0.13692212104797363,2.0308663845062256,0.03175927326083183,0.17254166305065155,1.0,0.9246702194213867,0.023090079426765442,-124191.6796875,0.03175927326083183,-0.006132226437330246,0.004337672144174576,1.260144591331482,0.0,3.0
187.83145141601562,1.7899999618530273,230.1699981689453,245.0,-0.8911481499671936,0.00039602327160537243,10.0,1.0018458366394043,1.0018458366394043,1.0018458366394043,0.001305203652009368,0.0,0.09925341606140137,492000.0,-0.014019026421010494,0.0018245605751872063,-2.7418136649970393e-09,0.801970362663269,0.1954493522644043,73.341552734375,0.07244675606489182,-0.10772792249917984,0.3204376995563507,353.281982421875,0.9711034297943115,0.37320947647094727,1.3443214893341064,1487.7398681640625,1.0759375095367432,0.07112937420606613,0.9457318186759949,0.017276495695114136,0.06610920280218124,1.0,0.1521657109260559,0.010823734104633331,-503159.78125,0.017276495695114136,-0.0026284214109182358,0.0010706321336328983,0.9294220209121704,0.0,3.0
187.78187561035156,1.7899999618530273,230.19000244140625,246.0,-0.8964680433273315,0.00027233632863499224,10.0,0.9983270168304443,0.9983270168304443,0.9983270168304443,0.0010285413591191173,0.0,0.09872615337371826,494000.0,-0.004422732628881931,0.009596293792128563,-9.536743617033494e-10,22.5550537109375,21.75308334827423,72.1075210571289,0.03316350281238556,-0.039283253252506256,0.3259149491786957,354.6500549316406,0.9826579093933105,0.37755846977233887,1.3602252006530762,1470.3453369140625,3.357422351837158,0.06144748255610466,0.4783967137336731,0.0017742530908435583,0.022877473384141922,2.0,0.6977404952049255,0.0016324736643582582,-2016624.25,0.0017742530908435583,-0.00019461181364022195,0.0002671216207090765,0.29784753918647766,0.0,3.0
190.56375122070312,1.7899999618530273,232.52000427246094,247.0,-0.9166991114616394,0.00038249118370004,10.0,1.0034252405166626,1.0034252405166626,1.0034252405166626,0.002422038931399584,0.0,0.09675813466310501,496000.0,-0.016767729073762894,-0.012344996444880962,2.6702881683604573e-08,0.9343904256820679,-21.620663285255432,75.12245178222656,0.02379470132291317,-0.00936880148947239,0.29811492562294006,355.99188232421875,0.9600656032562256,0.3738725185394287,1.3339483737945557,1499.3089599609375,1.090668797492981,0.12530019879341125,1.2186306715011597,0.016812950372695923,0.11488383263349533,1.0,0.16190914809703827,0.011420505121350288,-1950205.25,0.016812950372695923,-0.0012204721570014954,0.00027621941990219057,0.9168686270713806,0.0,3.0
191.8533172607422,1.340000033378601,233.72999572753906,248.0,-0.9502409100532532,0.0004114858165849,10.0,0.9994121193885803,0.9994121193885803,0.9994121193885803,0.00041562411934137344,0.0,0.09357067197561264,498000.0,-0.010091043077409267,0.006676685996353626,6.1988831845383174e-09,0.6670926809310913,-0.26729774475097656,72.4888916015625,0.017943043261766434,-0.005851658061146736,0.2899461090564728,357.3318176269531,0.960057258605957,0.3719005584716797,1.3319675922393799,1501.53857421875,1.1801576614379883,0.09069916605949402,1.4664835929870605,0.014359841123223305,0.0768534243106842,1.0,0.1854345202445984,0.009604009799659252,-5520183.0,0.014359841123223305,-0.0006944663473404944,0.00010139888036064804,0.8473443984985352,0.0,3.0
191.7637939453125,1.340000033378601,233.72999572753906,249.0,-0.9560475945472717,0.0002987033221870661,10.0,1.0015455484390259,1.0015455484390259,1.0015455484390259,0.000908113899640739,0.0,0.0930163711309433,500000.0,-0.025741348043084145,-0.015650304965674877,-1.907348723406699e-09,0.5961244106292725,-0.07096827030181885,71.54037475585938,0.014590787701308727,-0.0033522555604577065,0.28644201159477234,358.6708679199219,0.9592700004577637,0.3720533847808838,1.3313322067260742,1502.2548828125,0.6609315872192383,0.08106581121683121,3.9517505168914795,0.04578433185815811,0.15331730246543884,2.0,0.09455781430006027,0.025391744449734688,-3596713.5,0.04578433185815811,-0.0017815498868003488,0.00015563087072223425,1.513015866279602,0.0,3.0
