Metrics/EpRet,Metrics/EpCost,Metrics/EpLen,Train/Epoch,Train/Entropy,Train/KL,Train/StopIter,Train/PolicyRatio,Train/PolicyRatio/Min,Train/PolicyRatio/Max,Train/PolicyRatio/Std,Train/LR,Train/PolicyStd,TotalEnvSteps,Loss/Loss_pi,Loss/Loss_pi/Delta,Value/Adv,Loss/Loss_reward_critic,Loss/Loss_reward_critic/Delta,Value/reward,Loss/Loss_cost_critic,Loss/Loss_cost_critic/Delta,Value/cost,Time/Total,Time/Rollout,Time/Update,Time/Epoch,Time/FPS,Misc/Alpha,Misc/FinalStepNorm,Misc/gradient_norm,Misc/xHx,Misc/H_inv_g,Misc/AcceptanceStep,Misc/cost_gradient_norm,Misc/A,Misc/B,Misc/q,Misc/r,Misc/s,Misc/Lambda_star,Misc/Nu_star,Misc/OptimCase
12.571477890014648,20.038461685180664,38.07692337036133,0.0,1.4234789609909058,0.00038519923691637814,10.0,0.9986323714256287,0.9986323714256287,0.9986323714256287,0.0009670734871178865,0.0,1.0045560598373413,2000.0,-0.017147289589047432,-0.017147289589047432,-3.910064805268121e-08,14.234338760375977,14.234338760375977,-0.04100872576236725,45.93486785888672,45.93486785888672,-0.18505527079105377,1.5925381183624268,1.1868853569030762,0.40540528297424316,1.592299222946167,1256.0458984375,1.1014329195022583,0.3963788151741028,0.18070897459983826,0.01648593693971634,0.3598755896091461,1.0,0.2147289514541626,0.015269174240529537,-205.29627990722656,0.01648593693971634,-0.01207834854722023,0.1198972687125206,0.9079082012176514,0.0,3.0
13.344123840332031,21.149999618530273,39.31999969482422,1.0,1.4177030324935913,0.00027023578877560794,10.0,0.9995733499526978,0.9995733499526978,0.9995733499526978,0.0002532250655349344,0.0,0.9987764358520508,4000.0,-0.01616731658577919,0.0009799730032682419,3.4093858403139166e-08,13.05504035949707,-1.1792984008789062,2.7403578758239746,30.22835922241211,-15.70650863647461,4.235936641693115,3.0632503032684326,1.068650722503662,0.393496036529541,1.4621615409851074,1367.83837890625,1.2333598136901855,0.4032963216304779,0.14353305101394653,0.013147707097232342,0.4087374806404114,2.0,0.2897338569164276,0.010727607645094395,-134.81385803222656,0.013147707097232342,-0.01631089858710766,0.1099315956234932,0.810793399810791,0.0,3.0
15.244515419006348,21.959999084472656,40.720001220703125,2.0,1.4232769012451172,0.00029615298262797296,10.0,0.9998350143432617,0.9998350143432617,0.9998350143432617,0.0001025508317979984,0.0,1.0043576955795288,6000.0,-0.02028639055788517,-0.00411907397210598,-1.3560057077199872e-08,14.4212007522583,1.3661603927612305,4.787452220916748,27.824665069580078,-2.4036941528320312,9.10622501373291,4.576419353485107,1.1143550872802734,0.39061927795410156,1.504983901977539,1328.91845703125,1.2412205934524536,0.3817795515060425,0.15150322020053864,0.012981703504920006,0.38447991013526917,2.0,0.40334391593933105,0.010801207274198532,-40.22768783569336,0.012981703504920006,-0.02237592078745365,0.22961828112602234,0.8056585788726807,0.0,3.0
17.91228485107422,22.799999237060547,43.849998474121094,3.0,1.4034087657928467,0.00029262082534842193,10.0,0.9960529208183289,0.9960529208183289,0.9960529208183289,0.0023263003677129745,0.0,0.9846708178520203,8000.0,-0.020576555281877518,-0.0002901647239923477,1.204013866384912e-08,14.68493938446045,0.26373863220214844,6.428622245788574,20.366689682006836,-7.457975387573242,12.046815872192383,6.049569129943848,1.0543954372406006,0.4109463691711426,1.4653501510620117,1364.8619384765625,0.9414647817611694,0.29368677735328674,0.22579392790794373,0.02256428822875023,0.38993334770202637,2.0,0.5657174587249756,0.01711675152182579,-18.17723274230957,0.02256428822875023,-0.03806450963020325,0.2659747004508972,1.062174677848816,0.0,3.0
21.796964645385742,22.139999389648438,46.93000030517578,4.0,1.397884488105774,0.000272913632215932,10.0,0.99505615234375,0.99505615234375,0.99505615234375,0.002945701824501157,0.0,0.9791662096977234,10000.0,-0.008437144570052624,0.012139410711824894,-4.172325152040912e-09,18.57792091369629,3.89298152923584,8.39945125579834,19.505788803100586,-0.86090087890625,14.260645866394043,7.503094673156738,1.0517728328704834,0.3937499523162842,1.4455325603485107,1383.5738525390625,1.460262656211853,0.4004923701286316,0.07255014777183533,0.00937923789024353,0.34282565116882324,2.0,0.5231820940971375,0.009374155662953854,-32.9167594909668,0.00937923789024353,0.0011234113480895758,0.24834269285202026,0.6848083138465881,0.0,3.0
26.103300094604492,24.1299991607666,53.119998931884766,5.0,1.3921087980270386,0.000262817571638152,10.0,0.9956849813461304,0.9956849813461304,0.9956849813461304,0.002585530048236251,0.0,0.9735323786735535,12000.0,-0.014431925490498543,-0.005994780920445919,-2.6226043559063328e-09,15.012784004211426,-3.5651369094848633,9.39763355255127,12.461854934692383,-7.043933868408203,15.070296287536621,8.955621719360352,1.0548627376556396,0.3897562026977539,1.4446284770965576,1384.43994140625,1.2832887172698975,0.32477983832359314,0.1437361091375351,0.012144535779953003,0.3163549602031708,2.0,0.5244697332382202,0.00912395864725113,-6.796903133392334,0.012144535779953003,-0.018313489854335785,0.11103302985429764,0.7792478799819946,0.0,3.0
28.802452087402344,23.600000381469727,54.40999984741211,6.0,1.401364803314209,0.0003560051554813981,10.0,1.000920295715332,1.000920295715332,1.000920295715332,0.0006508035003207624,0.0,0.9826071262359619,14000.0,-0.015136560425162315,-0.0007046349346637726,-1.4305114870438729e-09,18.676952362060547,3.664168357849121,10.920309066772461,17.796398162841797,5.334543228149414,16.302513122558594,10.506875038146973,1.0488226413726807,0.494199275970459,1.5430335998535156,1296.148681640625,1.5626842975616455,0.5449436902999878,0.10431474447250366,0.008190058171749115,0.3487228453159332,1.0,0.7938502430915833,0.007063497789204121,-15.398094177246094,0.008190058171749115,-0.011967125348746777,0.12712328135967255,0.6399245262145996,0.0,3.0
31.507055282592773,23.639999389648438,57.29999923706055,7.0,1.405404806137085,0.00026627638726495206,10.0,0.9986658096313477,0.9986658096313477,0.9986658096313477,0.000779713096562773,0.0,0.9865575432777405,16000.0,-0.016886692494153976,-0.001750132068991661,-9.059905714536853e-09,22.14601707458496,3.469064712524414,11.793848037719727,16.448497772216797,-1.347900390625,16.844425201416016,12.034570693969727,1.1216237545013428,0.3970828056335449,1.5187160968780518,1316.9022216796875,1.3105225563049316,0.4153585433959961,0.16111500561237335,0.011645029298961163,0.39617642760276794,2.0,0.37559008598327637,0.007451666984707117,-9.58409309387207,0.011645029298961163,-0.028417907655239105,0.19258469343185425,0.763054370880127,0.0,3.0
31.552183151245117,24.420000076293945,57.81999969482422,8.0,1.3929986953735352,0.000314921053359285,10.0,0.9959418773651123,0.9959418773651123,0.9959418773651123,0.0024175557773560286,0.0,0.9744187593460083,18000.0,-0.018754824995994568,-0.0018681325018405914,-1.4305114870438729e-09,10.177734375,-11.968282699584961,11.480473518371582,13.316813468933105,-3.1316843032836914,16.56537437438965,13.58900260925293,1.1378860473632812,0.4085693359375,1.546464443206787,1293.27294921875,1.270029902458191,0.2327347695827484,0.2853495180606842,0.012399431318044662,0.22906427085399628,2.0,0.980189323425293,0.005015958100557327,-1.9663509130477905,0.012399431318044662,-0.03536146879196167,0.16935572028160095,0.7873830199241638,0.0,3.0
31.348928451538086,26.15999984741211,59.20000076293945,9.0,1.3937997817993164,0.00036884789005853236,10.0,0.9993438124656677,0.9993438124656677,0.9993438124656677,0.00046400868450291455,0.0,0.9751775860786438,20000.0,-0.02571709454059601,-0.00696226954460144,9.65595248203499e-09,9.878880500793457,-0.29885387420654297,11.964887619018555,11.260180473327637,-2.0566329956054688,17.572561264038086,15.07750129699707,1.0775039196014404,0.4029357433319092,1.4804482460021973,1350.942626953125,1.0243475437164307,0.3621356785297394,0.3130098581314087,0.019060537219047546,0.2272995263338089,1.0,0.9437640309333801,0.009861156344413757,-6.546788692474365,0.019060537219047546,-0.04341708868741989,0.2049098163843155,0.0,0.3124162256717682,0.0
29.684961318969727,28.510000228881836,59.2599983215332,10.0,1.3944553136825562,0.00037330228951759636,10.0,0.9962459206581116,0.9962459206581116,0.9962459206581116,0.00265452079474926,0.0,0.9758143424987793,22000.0,-0.025811094790697098,-9.400025010108948e-05,1.0728835597717534e-09,7.435601711273193,-2.4432787895202637,11.750456809997559,8.844515800476074,-2.4156646728515625,18.084604263305664,16.589771270751953,1.1132540702819824,0.39056849479675293,1.5038321018218994,1329.9361572265625,0.9801083207130432,0.24634113907814026,0.3532276451587677,0.020820043981075287,0.29941704869270325,1.0,1.058464765548706,0.007744982838630676,-70.27894592285156,0.020820043981075287,-0.04786903038620949,0.1752530038356781,0.0,0.33781754970550537,0.0
30.212915420532227,28.1299991607666,59.43000030517578,11.0,1.4008210897445679,0.00040323668508790433,10.0,0.9979767799377441,0.9979767799377441,0.9979767799377441,0.001195636228658259,0.0,0.9820541143417358,24000.0,-0.02209380269050598,0.0037172921001911163,-1.1146068956691124e-08,14.147120475769043,6.71151876449585,12.828271865844727,12.90685749053955,4.062341690063477,18.981407165527344,18.055564880371094,1.0596303939819336,0.3982086181640625,1.4578497409820557,1371.8841552734375,0.9152953624725342,0.32012230157852173,0.3709923326969147,0.023873018100857735,0.30477726459503174,2.0,1.1487318277359009,0.019487155601382256,-41.81132507324219,0.023873018100857735,-0.032049473375082016,0.23419994115829468,0.0,0.2922278344631195,0.0
31.25637435913086,27.420000076293945,60.20000076293945,12.0,1.42244291305542,0.00027812091866508126,10.0,0.9972296953201294,0.9972296953201294,0.9972296953201294,0.0016284852754324675,0.0,1.0035808086395264,26000.0,-0.01208804827183485,0.010005754418671131,1.19209286886246e-09,16.794673919677734,2.6475534439086914,12.873360633850098,11.159067153930664,-1.7477903366088867,18.586275100708008,19.564041137695312,1.1071877479553223,0.3933403491973877,1.5005378723144531,1332.8558349609375,1.0474092960357666,0.2824608385562897,0.2461555153131485,0.018230430781841278,0.433821439743042,2.0,1.0454432964324951,0.017284953966736794,-28.948776245117188,0.018230430781841278,-0.01382533647119999,0.2021624892950058,0.0,0.3145318925380707,0.0
32.24668502807617,26.899999618530273,60.63999938964844,13.0,1.4241501092910767,0.00034601881634444,10.0,0.996462345123291,0.996462345123291,0.996462345123291,0.0025014998391270638,0.0,1.0052274465560913,28000.0,-0.015392988920211792,-0.0033049406483769417,3.0994415922691587e-09,7.991262912750244,-8.80341100692749,12.623246192932129,5.214466094970703,-5.944601058959961,17.91319465637207,21.019163131713867,1.0433573722839355,0.4006321430206299,1.444000482559204,1385.04150390625,0.9508889317512512,0.522038996219635,0.31514403223991394,0.02211924083530903,0.4731018841266632,1.0,0.7148240208625793,0.018292853608727455,-34.23768997192383,0.02211924083530903,-0.020080242305994034,0.10537774860858917,0.0,0.43565282225608826,0.0
33.49403762817383,26.540000915527344,61.900001525878906,14.0,1.4123365879058838,0.0002721404889598489,10.0,0.9958378076553345,0.9958378076553345,0.9958378076553345,0.002471028594300151,0.0,0.9934386610984802,30000.0,-0.018562542274594307,-0.003169553354382515,4.410743770222325e-09,13.66626262664795,5.674999713897705,13.383162498474121,5.504215717315674,0.2897496223449707,17.56373405456543,22.46418571472168,1.0279557704925537,0.4089348316192627,1.4368999004364014,1391.8858642578125,1.078310489654541,0.25341033935546875,0.3575682044029236,0.017200538888573647,0.3165760934352875,2.0,1.2563838958740234,0.008743063546717167,-12.356666564941406,0.017200538888573647,-0.04025682061910629,0.19161882996559143,0.0,0.3230694532394409,0.0
33.292728424072266,26.09000015258789,61.43000030517578,15.0,1.4042197465896606,0.0003692029567901045,10.0,0.9967882037162781,0.9967882037162781,0.9967882037162781,0.0022710689809173346,0.0,0.9853973388671875,32000.0,-0.016280826181173325,0.0022817160934209824,-7.629394893626795e-09,18.703266143798828,5.037003517150879,13.555418968200684,8.66405963897705,3.159843921661377,16.782602310180664,23.865896224975586,1.0174634456634521,0.3760364055633545,1.3935091495513916,1435.226318359375,1.0980579853057861,0.3321682810783386,0.17522063851356506,0.016587434336543083,0.30612626671791077,1.0,1.267494559288025,0.015166811645030975,-7.588291168212891,0.016587434336543083,-0.014894376508891582,0.15615861117839813,0.0,0.3578755259513855,0.0
35.48902130126953,23.93000030517578,62.56999969482422,16.0,1.401335597038269,0.0002681113255675882,10.0,1.000763177871704,1.000763177871704,1.000763177871704,0.0004555621126201004,0.0,0.9825509190559387,34000.0,-0.01823604851961136,-0.001955222338438034,-5.2452087118126656e-09,18.918285369873047,0.21501922607421875,15.10611629486084,8.272671699523926,-0.391387939453125,15.188302040100098,25.255233764648438,1.0051863193511963,0.3761270046234131,1.3813221454620361,1447.888671875,1.0016666650772095,0.36190539598464966,0.14938320219516754,0.019933490082621574,0.45162898302078247,2.0,0.778535783290863,0.01592577062547207,-5.642651557922363,0.019933490082621574,-0.028465736657381058,0.2021843045949936,0.998336136341095,0.0,3.0
32.482906341552734,18.389999389648438,54.45000076293945,17.0,1.3816790580749512,0.00026923257973976433,10.0,0.9983087182044983,0.9983087182044983,0.9983087182044983,0.0009896099800243974,0.0,0.9634912610054016,36000.0,-0.005808204412460327,0.012427844107151031,-4.768371808516747e-10,44.400123596191406,25.48183822631836,16.153100967407227,17.687471389770508,9.414799690246582,14.90507698059082,26.77212905883789,1.1077075004577637,0.4014010429382324,1.5091180801391602,1325.2779541015625,1.6336755752563477,0.31086450815200806,0.1635572910308838,0.007493725977838039,0.2378566563129425,2.0,0.517655074596405,0.007001841906458139,-186.1874542236328,0.007493725977838039,0.0107432184740901,0.23464207351207733,0.6121166348457336,0.0,3.0
30.955095291137695,17.420000076293945,51.75,18.0,1.3708741664886475,0.00028065565857104957,10.0,0.9964410662651062,0.9964410662651062,0.9964410662651062,0.0021050439681857824,0.0,0.9530791640281677,38000.0,-0.019310256466269493,-0.013502052053809166,-7.152557435219364e-10,22.980823516845703,-21.419300079345703,13.545201301574707,13.128277778625488,-4.5591936111450195,13.095148086547852,28.18893051147461,1.0282466411590576,0.3806416988372803,1.4088973999023438,1419.550537109375,1.0990358591079712,0.1948598325252533,0.41886743903160095,0.016557930037379265,0.2216259241104126,2.0,0.952499508857727,0.010438716039061546,-264.03948974609375,0.016557930037379265,-0.03648935258388519,0.21758884191513062,0.9098884463310242,0.0,3.0
28.416826248168945,18.229999542236328,49.619998931884766,19.0,1.3578349351882935,0.0002644504711497575,10.0,0.9970918297767639,0.9970918297767639,0.9970918297767639,0.001711323275230825,0.0,0.9407477974891663,40000.0,-0.016858499497175217,0.0024517569690942764,2.8610229740877458e-09,18.096120834350586,-4.884702682495117,12.754322052001953,11.462430953979492,-1.665846824645996,14.063694953918457,29.68731117248535,1.0846009254455566,0.40554380416870117,1.49015474319458,1342.1429443359375,1.0316827297210693,0.26801884174346924,0.47786638140678406,0.018790461122989655,0.3247351050376892,2.0,0.6101030111312866,0.016048219054937363,-279.0846252441406,0.018790461122989655,-0.021220620721578598,0.16421404480934143,0.9692902565002441,0.0,3.0
30.413969039916992,20.920000076293945,54.56999969482422,20.0,1.3320107460021973,0.0004098794888705015,10.0,1.0018211603164673,1.0018211603164673,1.0018211603164673,0.0012878391426056623,0.0,0.9168664813041687,42000.0,-0.01563785970211029,0.0012206397950649261,3.3378602104505717e-09,14.204597473144531,-3.8915233612060547,12.588703155517578,7.85689640045166,-3.605534553527832,14.88257122039795,31.138896942138672,1.0260539054870605,0.4174232482910156,1.443486213684082,1385.5350341796875,1.0650867223739624,0.32311227917671204,0.29391923546791077,0.017630305141210556,0.30336707830429077,1.0,0.6854919195175171,0.017245927825570107,-142.77658081054688,0.017630305141210556,-0.006693915463984013,0.11657419800758362,0.9388906955718994,0.0,3.0
29.890348434448242,21.559999465942383,55.08000183105469,21.0,1.3063511848449707,0.0002835550403688103,10.0,0.9969373941421509,0.9969373941421509,0.9969373941421509,0.0018349868478253484,0.0,0.8935503959655762,44000.0,-0.020499814301729202,-0.004861954599618912,4.76837147544984e-09,5.7106523513793945,-8.493945121765137,11.972304344177246,3.8979973793029785,-3.9588990211486816,15.107961654663086,32.58198928833008,1.0438644886016846,0.390902042388916,1.4347751140594482,1393.9471435546875,0.6401315927505493,0.2802077829837799,0.5804185271263123,0.04880804196000099,0.5471683144569397,2.0,0.6208389401435852,0.04667452722787857,-154.1789093017578,0.04880804196000099,-0.012795742601156235,0.07674245536327362,1.5621788501739502,0.0,3.0
32.0153923034668,24.170000076293945,60.029998779296875,22.0,1.2959009408950806,0.0003940646129194647,10.0,1.0044174194335938,1.0044174194335938,1.0044174194335938,0.003123530885204673,0.0,0.8842419981956482,46000.0,-0.03122447244822979,-0.010724658146500587,2.789497344224401e-08,2.6994450092315674,-3.011207342147827,11.555419921875,2.6981520652770996,-1.199845314025879,15.793451309204102,33.9942741394043,1.0290131568908691,0.37575411796569824,1.404775857925415,1423.7152099609375,0.6582862734794617,0.28557440638542175,0.8115000128746033,0.04615303874015808,0.4338148534297943,1.0,0.5980290770530701,0.018935684114694595,-10.189058303833008,0.04615303874015808,-0.04285565763711929,0.06747926771640778,1.5190958976745605,0.0,3.0
33.15250778198242,27.170000076293945,64.11000061035156,23.0,1.2829359769821167,0.0003572531568352133,10.0,1.0026127099990845,1.0026127099990845,1.0026127099990845,0.001847549225203693,0.0,0.8728594779968262,48000.0,-0.02163562923669815,0.009588843211531639,-5.125999624766564e-09,2.0000782012939453,-0.6993668079376221,11.319640159606934,1.8146188259124756,-0.883533239364624,16.282207489013672,35.43449783325195,1.04563570022583,0.386843204498291,1.432488203048706,1396.1724853515625,0.5916176438331604,0.37905266880989075,0.907111406326294,0.05714097246527672,0.36681973934173584,1.0,0.33023566007614136,0.031601451337337494,-117.4620132446289,0.05714097246527672,-0.03199487552046776,0.040081873536109924,0.0,0.7063841223716736,0.0
31.613000869750977,28.110000610351562,62.86000061035156,24.0,1.2698028087615967,0.0003644668322522193,10.0,1.0001322031021118,1.0001322031021118,1.0001322031021118,9.34536219574511e-05,0.0,0.8614676594734192,50000.0,-0.01586964540183544,0.005765983834862709,-3.612041510336894e-08,1.521796703338623,-0.47828149795532227,10.345552444458008,1.5367645025253296,-0.277854323387146,16.673717498779297,36.88687515258789,1.0492122173309326,0.3951718807220459,1.444392442703247,1384.6656494140625,0.7215576171875,0.30076509714126587,0.7839875817298889,0.03841384872794151,0.3547431528568268,1.0,0.38328731060028076,0.03198060393333435,-226.3778839111328,0.03841384872794151,-0.016578271985054016,0.0427216961979866,0.0,0.6842120289802551,0.0
29.51433563232422,28.540000915527344,60.560001373291016,25.0,1.2608152627944946,0.0003482213942334056,10.0,0.9994704127311707,0.9994704127311707,0.9994704127311707,0.00037446070928126574,0.0,0.8537494540214539,52000.0,-0.01582927629351616,4.036910831928253e-05,4.76837147544984e-09,1.7795524597167969,0.25775575637817383,9.633232116699219,1.8424346446990967,0.3056701421737671,17.182998657226562,38.34364318847656,1.068253755569458,0.38092565536499023,1.449188232421875,1380.0836181640625,0.666909396648407,0.3564036190509796,0.7885457277297974,0.04496723413467407,0.30266860127449036,1.0,0.5356709957122803,0.03770970553159714,-350.678955078125,0.04496723413467407,-0.01610388047993183,0.03573322296142578,0.0,0.7481330633163452,0.0
27.09530258178711,29.100000381469727,57.939998626708984,26.0,1.2503081560134888,0.0003846311883535236,10.0,0.998009204864502,0.998009204864502,0.998009204864502,0.0014076766092330217,0.0,0.8448349833488464,54000.0,-0.026397764682769775,-0.010568488389253616,7.510185362491484e-09,2.158355474472046,0.378803014755249,9.175321578979492,1.5995162725448608,-0.24291837215423584,17.47067642211914,39.80736541748047,1.0661399364471436,0.38987159729003906,1.4560213088989258,1373.606689453125,0.5761415958404541,0.2937318980693817,1.0202134847640991,0.06025199219584465,0.26400819420814514,1.0,0.772487998008728,0.027311161160469055,-202.4053192138672,0.06025199219584465,-0.052302055060863495,0.08304297924041748,0.0,0.4907536208629608,0.0
26.236970901489258,29.15999984741211,56.86000061035156,27.0,1.240936279296875,0.0003310696629341692,10.0,1.0005489587783813,1.0005489587783813,1.0005489587783813,0.0003882567980326712,0.0,0.8369464874267578,56000.0,-0.008847801014780998,0.017549963667988777,-1.7166136956348055e-08,1.478494644165039,-0.6798608303070068,8.580857276916504,1.5719292163848877,-0.027587056159973145,18.052894592285156,41.4673957824707,1.1896626949310303,0.4624340534210205,1.6521074771881104,1210.5755615234375,0.5469192266464233,0.24064549803733826,0.9330535531044006,0.06686264276504517,0.4615950584411621,1.0,0.7360116839408875,0.06603941321372986,-224.5177764892578,0.06686264276504517,-0.007965432479977608,0.07707209885120392,0.0,0.509408712387085,0.0
25.70429229736328,29.31999969482422,56.81999969482422,28.0,1.239870548248291,0.00037893850822001696,10.0,1.002240777015686,1.002240777015686,1.002240777015686,0.0015844966983422637,0.0,0.8360495567321777,58000.0,-0.01885451376438141,-0.01000671274960041,1.0490417423625331e-08,1.2957379817962646,-0.18275666236877441,8.373455047607422,1.4235464334487915,-0.1483827829360962,18.196352005004883,42.947505950927734,1.0753917694091797,0.39594483375549316,1.4713466167449951,1359.2996826171875,0.6201485991477966,0.2630061209201813,0.838614821434021,0.05200418829917908,0.40128934383392334,1.0,0.668364942073822,0.04026280343532562,-336.69049072265625,0.05200418829917908,-0.0255102701485157,0.05542563647031784,0.0,0.6007027626037598,0.0
25.7264461517334,29.139999389648438,57.0099983215332,29.0,1.2364956140518188,0.0003930473467335105,10.0,1.0006023645401,1.0006023645401,1.0006023645401,0.0004260203568264842,0.0,0.8332357406616211,60000.0,-0.022908393293619156,-0.004053879529237747,-2.55107881486083e-08,0.9500705599784851,-0.34566742181777954,8.275594711303711,1.21994149684906,-0.20360493659973145,18.016756057739258,44.44131088256836,1.09476637840271,0.3913156986236572,1.486091136932373,1345.8128662109375,0.6122959852218628,0.1623135805130005,1.0309557914733887,0.05334664136171341,0.31796953082084656,1.0,0.8532019257545471,0.03573451563715935,-285.7774353027344,0.05334664136171341,-0.0324995219707489,0.05997111648321152,0.0,0.5774891972541809,0.0
25.548233032226562,29.190000534057617,57.529998779296875,30.0,1.2406108379364014,0.0003789509937632829,10.0,1.0030723810195923,1.0030723810195923,1.0030723810195923,0.0021725294645875692,0.0,0.8366761803627014,62000.0,-0.023304589092731476,-0.00039619579911231995,2.479553273815327e-08,1.2095205783843994,0.2594500184059143,8.216300964355469,1.550219178199768,0.330277681350708,17.929851531982422,45.88448715209961,1.0435802936553955,0.39136505126953125,1.4349546432495117,1393.772705078125,0.573623538017273,0.21285906434059143,1.0211365222930908,0.060782141983509064,0.3725319802761078,1.0,1.0408464670181274,0.04484756290912628,-184.8799591064453,0.060782141983509064,-0.038896989077329636,0.09494919329881668,0.0,0.45895418524742126,0.0
24.596088409423828,28.959999084472656,56.25,31.0,1.2410579919815063,0.00041417917236685753,10.0,0.9953887462615967,0.9953887462615967,0.9953887462615967,0.0032606488093733788,0.0,0.8370439410209656,64000.0,-0.021968888118863106,0.00133570097386837,-6.58035261835721e-08,1.1053225994110107,-0.10419797897338867,7.730029582977295,1.6170622110366821,0.06684303283691406,17.83999252319336,47.39286804199219,1.1086702346801758,0.39182472229003906,1.5005054473876953,1332.8846435546875,0.6297422647476196,0.20165115594863892,0.8113043308258057,0.05043177306652069,0.405860960483551,1.0,0.8377675414085388,0.0346858948469162,-198.92388916015625,0.05043177306652069,-0.03523004800081253,0.07882419228553772,0.0,0.5037153959274292,0.0
23.760683059692383,28.31999969482422,54.939998626708984,32.0,1.2301045656204224,0.0003723128465935588,10.0,0.9989244341850281,0.9989244341850281,0.9989244341850281,0.0007605539285577834,0.0,0.8279432654380798,66000.0,-0.014008380472660065,0.007960507646203041,-9.059905714536853e-09,1.6328535079956055,0.5275309085845947,7.822404384613037,2.5238282680511475,0.9067660570144653,17.960241317749023,48.95545959472656,1.1624224185943604,0.39174389839172363,1.5541760921478271,1286.8558349609375,0.6984190940856934,0.27441516518592834,0.5819782018661499,0.041001301258802414,0.28335073590278625,1.0,1.069596767425537,0.03934135660529137,-98.05131530761719,0.041001301258802414,-0.013658838346600533,0.1123916506767273,0.0,0.42184019088745117,0.0
23.1906681060791,27.760000228881836,53.709999084472656,33.0,1.217076301574707,0.00040436035487800837,10.0,0.9994930624961853,0.9994930624961853,0.9994930624961853,0.0003584729856811464,0.0,0.8172213435173035,68000.0,-0.015043022111058235,-0.0010346416383981705,-2.479553273815327e-08,1.3544657230377197,-0.27838778495788574,7.7318925857543945,1.908382773399353,-0.6154454946517944,17.662328720092773,50.461483001708984,1.1040558815002441,0.39403676986694336,1.4981024265289307,1335.0225830078125,0.6468760371208191,0.14145109057426453,0.6547923684120178,0.047795578837394714,0.5056750178337097,1.0,1.1485347747802734,0.04513239488005638,-81.21401977539062,0.047795578837394714,-0.01580304652452469,0.09377352893352509,0.0,0.4618222415447235,0.0
22.857038497924805,26.079999923706055,51.349998474121094,34.0,1.2248740196228027,0.00037655673804692924,10.0,1.0011907815933228,1.0011907815933228,1.0011907815933228,0.0008419816731475294,0.0,0.8236339092254639,70000.0,-0.004962447099387646,0.01008057501167059,3.814697446813398e-09,4.116937637329102,2.762471914291382,8.257965087890625,3.8655407428741455,1.9571579694747925,17.765544891357422,51.954437255859375,1.0862791538238525,0.39845919609069824,1.4847471714019775,1347.0311279296875,0.7516743540763855,0.2288403958082199,0.24926184117794037,0.03539732098579407,0.43555694818496704,1.0,1.4873422384262085,0.024361958727240562,-4.579883098602295,0.03539732098579407,0.05289853364229202,0.25357162952423096,0.0,0.28084367513656616,0.0
23.802915573120117,24.719999313354492,51.02000045776367,35.0,1.2205411195755005,0.00038198090624064207,10.0,0.9981234669685364,0.9981234669685364,0.9981234669685364,0.0013268952025100589,0.0,0.8200656771659851,72000.0,-0.015662819147109985,-0.01070037204772234,-9.536743617033494e-10,7.156402587890625,3.0394649505615234,9.531558990478516,3.9336323738098145,0.06809163093566895,16.01538848876953,53.41971969604492,1.0615935325622559,0.3955700397491455,1.4571738243103027,1372.520263671875,0.8569129705429077,0.3046797215938568,0.29259029030799866,0.02723681926727295,0.35555499792099,1.0,1.0843794345855713,0.027021432295441628,-0.43964260816574097,0.02723681926727295,-0.006061211694031954,0.17056810855865479,1.1669796705245972,0.0,3.0
24.214557647705078,24.770000457763672,50.709999084472656,36.0,1.1849079132080078,0.0002866601280402392,10.0,0.9992932081222534,0.9992932081222534,0.9992932081222534,0.00042209148523397744,0.0,0.7914667129516602,74000.0,-0.018195705488324165,-0.00253288634121418,-2.38418573772492e-09,3.693119764328003,-3.463282823562622,8.340180397033691,4.292775630950928,0.3591432571411133,17.115175247192383,54.91789245605469,1.081974983215332,0.40824341773986816,1.4902300834655762,1342.0750732421875,0.6875110268592834,0.2900046706199646,0.392132967710495,0.042312681674957275,0.5272727012634277,2.0,1.636648416519165,0.042211346328258514,-0.20154567062854767,0.042312681674957275,-0.004918983206152916,0.23877599835395813,1.4545221328735352,0.0,3.0
26.671445846557617,27.079999923706055,55.13999938964844,37.0,1.1738786697387695,0.0004058301274199039,10.0,0.9966728091239929,0.9966728091239929,0.9966728091239929,0.002352665178477764,0.0,0.7826607823371887,76000.0,-0.021999184042215347,-0.003803478553891182,4.410743770222325e-09,4.429932594299316,0.7368128299713135,8.742141723632812,3.4755287170410156,-0.8172469139099121,17.668149948120117,56.39740753173828,1.060786485671997,0.41048574447631836,1.4712817668914795,1359.359619140625,0.9705859422683716,0.25080108642578125,0.29380136728286743,0.021230578422546387,0.2875574827194214,1.0,1.4842449426651,0.018857315182685852,-18.414974212646484,0.021230578422546387,-0.02360016107559204,0.23468433320522308,0.0,0.2919261157512665,0.0
27.067529678344727,27.18000030517578,54.9900016784668,38.0,1.1710561513900757,0.0003920131130144,10.0,0.9976875185966492,0.9976875185966492,0.9976875185966492,0.0016351572703570127,0.0,0.7804520130157471,78000.0,-0.0198263768106699,0.0021728072315454483,-7.1525572131747595e-09,8.186683654785156,3.75675106048584,9.346752166748047,5.228490352630615,1.7529616355895996,17.5836238861084,57.876712799072266,1.0673489570617676,0.4021432399749756,1.4695005416870117,1361.007080078125,1.255914330482483,0.2824488580226898,0.17239117622375488,0.012679718434810638,0.29935622215270996,1.0,1.4499695301055908,0.008946051821112633,-31.683834075927734,0.012679718434810638,-0.023657478392124176,0.14989988505840302,0.0,0.3652702867984772,0.0
27.021589279174805,24.760000228881836,53.11000061035156,39.0,1.1669973134994507,0.00040068451198749244,10.0,1.0021251440048218,1.0021251440048218,1.0021251440048218,0.001502731814980507,0.0,0.7772930264472961,80000.0,-0.01127848494797945,0.008547891862690449,-4.76837147544984e-09,12.06067180633545,3.873988151550293,10.042011260986328,8.951192855834961,3.7227025032043457,17.616056442260742,59.324581146240234,1.0492641925811768,0.390120267868042,1.4393932819366455,1389.4747314453125,0.8843240737915039,0.32480311393737793,0.26580268144607544,0.025574488565325737,0.3672896921634674,1.0,1.2604100704193115,0.025166742503643036,-0.29507455229759216,0.025574488565325737,-0.008633744902908802,0.18281351029872894,1.1308071613311768,0.0,3.0
26.660852432250977,21.90999984741211,50.29999923706055,40.0,1.1542295217514038,0.0002678380988072604,10.0,0.9968521595001221,0.9968521595001221,0.9968521595001221,0.001860337215475738,0.0,0.7674453258514404,82000.0,-0.010669570416212082,0.0006089145317673683,6.675720420901143e-09,14.393824577331543,2.3331527709960938,10.024979591369629,7.283152103424072,-1.6680407524108887,17.1796875,60.771080017089844,1.050492763519287,0.38717198371887207,1.4376742839813232,1391.1363525390625,1.2367663383483887,0.2734014391899109,0.17091014981269836,0.013075381517410278,0.2763269245624542,2.0,2.032710552215576,0.012836710549890995,-35.64558029174805,0.013075381517410278,0.00799343828111887,0.26771190762519836,0.8085601925849915,0.0,3.0
29.731481552124023,22.040000915527344,53.84000015258789,41.0,1.1737775802612305,0.00038333647535182536,10.0,0.998844563961029,0.998844563961029,0.998844563961029,0.000817030668258667,0.0,0.7826735377311707,84000.0,-0.013784651644527912,-0.0031150812283158302,8.82148754044465e-09,8.642024993896484,-5.751799583435059,11.111899375915527,3.691007614135742,-3.59214448928833,17.160144805908203,62.21239471435547,1.0310370922088623,0.401522159576416,1.4325683116912842,1396.094482421875,1.2399088144302368,0.270591139793396,0.3037042021751404,0.013009185902774334,0.21823470294475555,1.0,1.7508867979049683,0.012415326200425625,-56.65986251831055,0.013009185902774334,-0.009581182152032852,0.15458036959171295,0.8065109252929688,0.0,3.0
33.40327453613281,23.100000381469727,59.130001068115234,42.0,1.1568727493286133,0.0002848415751941502,10.0,0.9978492259979248,0.9978492259979248,0.9978492259979248,0.001269137253984809,0.0,0.769565761089325,86000.0,-0.01869828999042511,-0.004913638345897198,-3.2424928519958485e-08,9.15912914276123,0.5171041488647461,11.953300476074219,2.392423391342163,-1.298584222793579,17.198453903198242,63.64603805541992,1.0324721336364746,0.3929424285888672,1.4254238605499268,1403.0919189453125,0.7849277257919312,0.20114798843860626,0.4511181712150574,0.03246164321899414,0.32032883167266846,2.0,1.2527803182601929,0.029799126088619232,-36.565101623535156,0.03246164321899414,-0.016208674758672714,0.0986739993095398,1.2740026712417603,0.0,3.0
36.06114196777344,23.459999084472656,62.66999816894531,43.0,1.1441524028778076,0.0003978913591708988,10.0,1.0015581846237183,1.0015581846237183,1.0015581846237183,0.0011017747456207871,0.0,0.7597420811653137,88000.0,-0.015438630245625973,0.003259659744799137,-1.19209286886246e-09,16.628662109375,7.4695329666137695,12.82715892791748,4.934466361999512,2.5420429706573486,16.97818946838379,65.10269165039062,1.0593814849853516,0.3891923427581787,1.4485833644866943,1380.65966796875,0.931524395942688,0.4307384788990021,0.22576317191123962,0.02304842881858349,0.4624016582965851,1.0,2.0455782413482666,0.020057380199432373,-11.05261516571045,0.02304842881858349,0.025310903787612915,0.21418629586696625,1.0735092163085938,0.0,3.0
36.06536102294922,23.309999465942383,63.25,44.0,1.1269755363464355,0.0003943068441003561,10.0,0.9984961152076721,0.9984961152076721,0.9984961152076721,0.001063393079675734,0.0,0.7468331456184387,90000.0,-0.01903771236538887,-0.0035990821197628975,-1.4305114870438729e-09,7.474478244781494,-9.154183864593506,12.658252716064453,2.2349693775177,-2.6994969844818115,16.67621421813965,66.52397918701172,1.0233800411224365,0.3899540901184082,1.4133434295654297,1415.084716796875,0.862663984298706,0.36170169711112976,0.5070013999938965,0.026874877512454987,0.4192846119403839,1.0,1.8977653980255127,0.02661851979792118,-17.854854583740234,0.026874877512454987,-0.006400119513273239,0.15978318452835083,1.1591999530792236,0.0,3.0
35.768898010253906,22.3700008392334,62.77000045776367,45.0,1.1317386627197266,0.00032599447877146304,10.0,1.0009231567382812,1.0009231567382812,1.0009231567382812,0.0006528265657834709,0.0,0.7503878474235535,92000.0,-0.014183580875396729,0.004854131489992142,-6.1988831845383174e-09,12.797314643859863,5.322836399078369,14.646280288696289,3.4282374382019043,1.193268060684204,16.50408935546875,67.98696899414062,1.0306270122528076,0.42454981803894043,1.4551873207092285,1374.3939208984375,1.0042989253997803,0.30193445086479187,0.507278561592102,0.01982913538813591,0.3006419837474823,1.0,2.06998348236084,0.018590429797768593,-49.12199783325195,0.01982913538813591,-0.013204235583543777,0.14075322449207306,0.9957194924354553,0.0,3.0
38.081172943115234,23.100000381469727,66.55999755859375,46.0,1.12833833694458,0.000287605362245813,10.0,0.9995207190513611,0.9995207190513611,0.9995207190513611,0.00028021371690556407,0.0,0.7478256821632385,94000.0,-0.021620754152536392,-0.007437173277139664,-1.287460360543946e-08,6.600050449371338,-6.197264194488525,13.9750337600708,1.6498470306396484,-1.7783904075622559,16.46472930908203,69.43145751953125,1.0322461128234863,0.4038550853729248,1.4361121654510498,1392.6497802734375,0.8003541827201843,0.1884813904762268,0.912606954574585,0.03122233785688877,0.2943718731403351,2.0,1.4808685779571533,0.013997668400406837,-45.534812927246094,0.03122233785688877,-0.03694552183151245,0.07924515008926392,1.2494468688964844,0.0,3.0
42.98041915893555,24.010000228881836,74.2699966430664,47.0,1.112321138381958,0.0002701432094909251,10.0,0.998863160610199,0.998863160610199,0.998863160610199,0.0006573944701813161,0.0,0.7359569072723389,96000.0,-0.026100415736436844,-0.004479661583900452,-3.5762786065873797e-09,8.247743606567383,1.647693157196045,16.599397659301758,2.1547317504882812,0.5048847198486328,16.50973129272461,71.00180053710938,1.1435084342956543,0.41582512855529785,1.5593435764312744,1282.591796875,0.5832387804985046,0.164261594414711,1.0947134494781494,0.05879456177353859,0.3520461320877075,2.0,2.1506497859954834,0.026876036077737808,-6.997680187225342,0.05879456177353859,-0.06676667183637619,0.13966146111488342,1.7145636081695557,0.0,3.0
47.51173400878906,23.389999389648438,80.62999725341797,48.0,1.1054285764694214,0.0004021390341222286,10.0,1.0048131942749023,1.0048131942749023,1.0048131942749023,0.003403386101126671,0.0,0.7308797240257263,98000.0,-0.03091408684849739,-0.004813671112060547,6.43730180271973e-09,19.07306671142578,10.825323104858398,18.67809295654297,2.748305082321167,0.5935733318328857,16.346797943115234,72.51927185058594,1.1158440113067627,0.39244818687438965,1.508302927017212,1325.9942626953125,0.6651021838188171,0.2469949722290039,0.3197688162326813,0.04521194472908974,0.37136396765708923,1.0,1.386141061782837,0.022507334128022194,-18.98224639892578,0.04521194472908974,-0.05565197765827179,0.13641028106212616,1.503528356552124,0.0,3.0
55.76417922973633,23.190000534057617,91.81999969482422,49.0,1.0895907878875732,0.0002714570437092334,10.0,0.9941246509552002,0.9941246509552002,0.9941246509552002,0.003467256436124444,0.0,0.7194173336029053,100000.0,-0.024316241964697838,0.006597844883799553,3.695488004495928e-08,17.72320556640625,-1.3498611450195312,25.804676055908203,3.2294583320617676,0.4811532497406006,14.888607025146484,73.9122314453125,0.9920690059661865,0.39244699478149414,1.3845250606536865,1444.5394287109375,0.7573578357696533,0.14566335082054138,0.6284117698669434,0.03486804664134979,0.24041372537612915,2.0,1.1919200420379639,0.013664081692695618,-17.179895401000977,0.03486804664134979,-0.06355124711990356,0.19047194719314575,1.3203798532485962,0.0,3.0
66.04083251953125,22.920000076293945,105.30000305175781,50.0,1.0712260007858276,0.0003515679854899645,10.0,0.9978254437446594,0.9978254437446594,0.9978254437446594,0.0015376013470813632,0.0,0.7063423991203308,102000.0,-0.030508041381835938,-0.0061917994171381,1.4996528818755905e-07,8.152704238891602,-9.570501327514648,31.901025772094727,1.1955162286758423,-2.0339421033859253,13.204676628112793,75.32874298095703,1.0157279968261719,0.39188313484191895,1.4076201915740967,1420.8382568359375,0.6030372977256775,0.24030183255672455,0.964530885219574,0.054997317492961884,0.39848577976226807,1.0,1.5616064071655273,0.00861068069934845,-53.2666015625,0.054997317492961884,-0.061369240283966064,0.08119112998247147,1.6582722663879395,0.0,3.0
76.93082427978516,20.920000076293945,117.51000213623047,51.0,1.0489107370376587,0.00027315664920024574,10.0,0.9972892999649048,0.9972892999649048,0.9972892999649048,0.0015921021113172174,0.0,0.6907414197921753,104000.0,-0.024973323568701744,0.005534717813134193,5.51939010051683e-08,9.132001876831055,0.9792976379394531,41.964717864990234,0.8645106554031372,-0.3310055732727051,10.496209144592285,76.814453125,1.0851879119873047,0.39167213439941406,1.476869821548462,1354.2161865234375,0.560563862323761,0.18471285700798035,0.7198859453201294,0.06364727020263672,0.41189080476760864,2.0,0.9064198136329651,0.024387072771787643,-428.6642150878906,0.06364727020263672,-0.03904519975185394,0.03883136808872223,1.783918023109436,0.0,3.0
87.09515380859375,18.459999084472656,127.56999969482422,52.0,1.0375707149505615,0.000311785057419911,10.0,0.9998278617858887,0.9998278617858887,0.9998278617858887,0.00013921040226705372,0.0,0.6829342246055603,106000.0,-0.009323800913989544,0.0156495226547122,8.201599399626502e-08,31.993404388427734,22.86140251159668,48.8634033203125,0.9486846923828125,0.08417403697967529,8.559551239013672,78.211669921875,0.9985466003417969,0.3898661136627197,1.3884222507476807,1440.4847412109375,1.3288851976394653,0.2018275409936905,0.4385038912296295,0.011325429193675518,0.1898466795682907,2.0,0.7318031787872314,0.01042469497770071,-3445.143798828125,0.011325429193675518,0.0033440375700592995,0.012414961121976376,0.7525104284286499,0.0,3.0
98.53033447265625,16.5,139.66000366210938,53.0,1.0047391653060913,0.00031751321512274444,10.0,0.9975348711013794,0.9975348711013794,0.9975348711013794,0.0014738930622115731,0.0,0.6609808206558228,108000.0,-0.011771291494369507,-0.002447490580379963,5.149841442175784e-08,10.059002876281738,-21.934401512145996,53.330657958984375,0.43558281660079956,-0.5131018757820129,7.109809875488281,79.60728454589844,0.9877979755401611,0.3993098735809326,1.3871190547943115,1441.8380126953125,1.1796499490737915,0.13123978674411774,0.381820946931839,0.014372204430401325,0.1390664428472519,2.0,0.4040839374065399,0.010904031805694103,-16077.28125,0.014372204430401325,-0.0039478689432144165,0.004493903834372759,0.8477091193199158,0.0,3.0
110.13232421875,14.279999732971191,150.74000549316406,54.0,0.9878497123718262,0.0004116481577511877,10.0,0.9993101954460144,0.9993101954460144,0.9993101954460144,0.0004877514438703656,0.0,0.6498166918754578,110000.0,-0.01392495259642601,-0.0021536611020565033,4.339218051541138e-08,24.726566314697266,14.667563438415527,57.77617645263672,0.47130709886550903,0.03572428226470947,5.96977424621582,80.9977035522461,0.9979147911071777,0.3838810920715332,1.381805419921875,1447.38232421875,0.889517605304718,0.321765661239624,0.5996392369270325,0.02527672052383423,0.36173051595687866,1.0,0.30833372473716736,0.005104128271341324,-27230.900390625,0.02527672052383423,0.009226659312844276,0.004220134112983942,1.1242048740386963,0.0,3.0
124.82813262939453,12.579999923706055,165.72999572753906,55.0,0.9402744770050049,0.0002766522520687431,10.0,0.9994192123413086,0.9994192123413086,0.9994192123413086,0.00035282623139210045,0.0,0.6198095679283142,112000.0,-0.017789429053664207,-0.0038644764572381973,7.063150508912486e-09,5.361191272735596,-19.36537504196167,61.800907135009766,0.2959693372249603,-0.1753377616405487,4.96300745010376,82.36935424804688,0.9774923324584961,0.38616394996643066,1.3636674880981445,1466.6336669921875,0.7323145270347595,0.08439796417951584,0.6633425951004028,0.03729362040758133,0.14406029880046844,2.0,0.08166631311178207,0.029860546812415123,-482575.46875,0.03729362040758133,-0.0015414278022944927,0.0003196423640474677,1.365533471107483,0.0,3.0
134.98216247558594,10.0,173.5399932861328,56.0,0.9203398823738098,0.0003256744530517608,10.0,0.9950324892997742,0.9950324892997742,0.9950324892997742,0.0035126025322824717,0.0,0.6073966026306152,114000.0,-0.014323897659778595,0.0034655313938856125,7.3909758313561724e-09,17.882482528686523,12.521291255950928,65.66510772705078,0.3061075210571289,0.010138183832168579,4.156492710113525,83.74411010742188,0.9795234203338623,0.3869307041168213,1.3664636611938477,1463.6328125,0.8303184509277344,0.4049098789691925,0.44115543365478516,0.029009515419602394,0.4876560866832733,1.0,0.10633228719234467,0.011838249862194061,-198026.421875,0.029009515419602394,0.004417034797370434,0.001136201899498701,1.2043571472167969,0.0,3.0
148.44857788085938,8.0600004196167,186.22999572753906,57.0,0.863811731338501,0.00029027025448158383,10.0,0.9997460842132568,0.9997460842132568,0.9997460842132568,0.00015956359857227653,0.0,0.5742678642272949,116000.0,-0.018136385828256607,-0.003812488168478012,2.0551681245706277e-07,3.5908329486846924,-14.291649580001831,69.1180419921875,0.25380247831344604,-0.05230504274368286,3.495364189147949,85.12297058105469,0.9839122295379639,0.38733386993408203,1.3712553977966309,1458.51806640625,0.7508115172386169,0.11694169044494629,0.5267298817634583,0.03547872230410576,0.19469214975833893,2.0,0.09132413566112518,0.027776161208748817,-1636247.25,0.03547872230410576,-0.001162268570624292,0.0001753691176418215,1.3318922519683838,0.0,3.0
162.93850708007812,6.690000057220459,200.0800018310547,58.0,0.809765100479126,0.00028372067026793957,10.0,0.9995731115341187,0.9995731115341187,0.9995731115341187,0.00024822255363687873,0.0,0.5439703464508057,118000.0,-0.014782138168811798,0.003354247659444809,-1.103878020103366e-07,3.0240535736083984,-0.566779375076294,72.19225311279297,0.23974943161010742,-0.014053046703338623,2.929628372192383,86.49365997314453,0.9770634174346924,0.38576579093933105,1.3628389835357666,1467.5252685546875,0.8866860270500183,0.13309630751609802,0.816798746585846,0.025438418611884117,0.18763169646263123,2.0,0.02116861380636692,0.02031080797314644,-3714520.0,0.025438418611884117,-0.0006802906282246113,9.024556493386626e-05,1.1277949810028076,0.0,3.0
176.92481994628906,4.769999980926514,212.22999572753906,59.0,0.7707793712615967,0.000277064653346315,10.0,0.9996064901351929,0.9996064901351929,0.9996064901351929,0.00023781044001225382,0.0,0.5230862498283386,120000.0,-0.013301961123943329,0.0014801770448684692,1.5056133406687877e-07,2.6992831230163574,-0.324770450592041,74.99791717529297,0.2267928123474121,-0.012956619262695312,2.4602465629577637,87.92548370361328,1.0322463512420654,0.39147448539733887,1.4237308502197266,1404.7603759765625,0.9702547192573547,0.14246273040771484,0.5479379892349243,0.021245073527097702,0.18353772163391113,2.0,0.0802299752831459,0.01814068853855133,-12547414.0,0.021245073527097702,-0.000318204693030566,3.2606512831989676e-05,1.030657172203064,0.0,3.0
177.8962860107422,1.9800000190734863,206.69000244140625,60.0,0.7604284286499023,0.0004009285767097026,10.0,0.9992296695709229,0.9992296695709229,0.9992296695709229,0.0005447058938443661,0.0,0.5176236033439636,122000.0,-0.024703506380319595,-0.011401545256376266,1.7166136956348055e-08,72.78022766113281,70.08094453811646,77.67304229736328,0.24909523129463196,0.02230241894721985,2.063366651535034,89.30014038085938,0.9824860095977783,0.3841993808746338,1.3666956424713135,1463.3841552734375,0.46465086936950684,0.28889864683151245,0.9814143776893616,0.09263528138399124,0.6217542290687561,1.0,0.198328897356987,0.0032826364040374756,-185401.765625,0.09263528138399124,0.015980930998921394,0.0028582171071320772,2.152153491973877,0.0,3.0
184.95370483398438,0.550000011920929,210.82000732421875,61.0,0.7817853093147278,0.00039458126411773264,10.0,0.9983857274055481,0.9983857274055481,0.9983857274055481,0.0011414209147915244,0.0,0.5288662314414978,124000.0,-0.005442784633487463,0.019260721746832132,3.767013723177115e-08,10.160551071166992,-62.61967658996582,78.99363708496094,0.21387536823749542,-0.035219863057136536,1.7158191204071045,90.66207122802734,0.9686830043792725,0.38535094261169434,1.3540446758270264,1477.056640625,4.669849872589111,0.2914976179599762,0.10560567677021027,0.0009171056444756687,0.06242118030786514,1.0,0.03669866546988487,0.0008565728785470128,-26122868.0,0.0009171056444756687,3.721891334862448e-05,2.2874257410876453e-05,0.2141396403312683,0.0,3.0
190.63197326660156,0.0,213.72999572753906,62.0,0.7445371747016907,0.00026788239483721554,10.0,0.9969378709793091,0.9969378709793091,0.9969378709793091,0.0017975140362977982,0.0,0.5096754431724548,126000.0,-0.01757855713367462,-0.012135772500187159,-1.0907650249691869e-07,1.5209102630615234,-8.639640808105469,81.09569549560547,0.205699160695076,-0.008176207542419434,1.4524563550949097,92.04535675048828,0.9909121990203857,0.38434481620788574,1.3752672672271729,1454.2633056640625,0.6257082223892212,0.16044561564922333,0.44688934087753296,0.05108414962887764,0.3205280900001526,2.0,0.06409455090761185,0.04234649986028671,-14079084.0,0.05108414962887764,-0.0006228021229617298,4.438208998180926e-05,1.5981889963150024,0.0,3.0
195.3899383544922,0.0,216.16000366210938,63.0,0.6906901001930237,0.00027364277048036456,10.0,0.9979942440986633,0.9979942440986633,0.9979942440986633,0.0011706267250701785,0.0,0.48290786147117615,128000.0,-0.010968700982630253,0.006609856151044369,2.4724005243115244e-07,1.3031237125396729,-0.21778655052185059,82.96775817871094,0.20012494921684265,-0.005574211478233337,1.2238261699676514,93.43061065673828,0.989016056060791,0.38783931732177734,1.376863718032837,1452.5771484375,1.0951935052871704,0.1754571944475174,0.3495153486728668,0.01667431741952896,0.20025821030139923,2.0,0.043615054339170456,0.016430223360657692,-49133720.0,0.01667431741952896,-5.5722335673635826e-05,1.2710388546111062e-05,0.913080632686615,0.0,3.0
195.3243408203125,0.0,213.42999267578125,64.0,0.6770426630973816,0.0003657305205706507,10.0,0.9994251132011414,0.9994251132011414,0.9994251132011414,0.00033208055538125336,0.0,0.47621145844459534,130000.0,-0.02594197727739811,-0.014973276294767857,1.907348723406699e-09,68.34919738769531,67.04607367515564,84.72187805175781,0.20087048411369324,0.0007455348968505859,1.0252870321273804,94.81383514404297,0.9873332977294922,0.38799476623535156,1.375338077545166,1454.1883544921875,0.5734595656394958,0.221944198012352,1.2488949298858643,0.06081689894199371,0.4837833642959595,2.0,0.1361377090215683,0.009766209870576859,-1753682.5,0.06081689894199371,0.004265454597771168,0.00035638289409689605,1.7438020706176758,0.0,3.0
199.16482543945312,0.0,215.89999389648438,65.0,0.6402037739753723,0.00040455113048665226,10.0,0.9991424679756165,0.9991424679756165,0.9991424679756165,0.0006063807522878051,0.0,0.45913562178611755,132000.0,-0.01759893260896206,0.00834304466843605,-1.1169910152375451e-07,1.0607917308807373,-67.28840565681458,85.40628051757812,0.19029958546161652,-0.010570898652076721,0.8611094951629639,96.18988037109375,0.9874296188354492,0.3804349899291992,1.3678748607635498,1462.12255859375,0.6923534274101257,0.2337176501750946,0.5775967836380005,0.041722871363162994,0.3375698924064636,1.0,0.05185004323720932,0.04128153622150421,-47998504.0,0.041722871363162994,-7.580731471534818e-05,1.3011238479521126e-05,1.4443490505218506,0.0,3.0
202.7944793701172,0.0,218.2100067138672,66.0,0.576165497303009,0.0002827208663802594,10.0,1.0009238719940186,1.0009238719940186,1.0009238719940186,0.0005393453175202012,0.0,0.4306759238243103,134000.0,-0.013142081908881664,0.004456850700080395,-4.123449457438255e-07,0.9038675427436829,-0.15692418813705444,86.89576721191406,0.18502433598041534,-0.005275249481201172,0.7238374352455139,97.56439971923828,0.9764125347137451,0.3895120620727539,1.3659343719482422,1464.19970703125,1.0329499244689941,0.1347120702266693,0.9335255026817322,0.018744386732578278,0.16301867365837097,2.0,0.01327344961464405,0.018543744459748268,-337636960.0,0.018744386732578278,1.927199264173396e-05,1.8411006976748467e-06,0.9681011438369751,0.0,3.0
200.4831085205078,0.36000001430511475,214.66000366210938,67.0,0.565032958984375,0.0003739485109690577,10.0,1.0050019025802612,1.0050019025802612,1.0050019025802612,0.0035368511453270912,0.0,0.42574891448020935,136000.0,-0.02020668238401413,-0.007064600475132465,-5.2452087118126656e-09,34.741844177246094,33.83797663450241,86.0108413696289,0.3222135603427887,0.13718922436237335,0.8730493783950806,98.95036315917969,0.9894046783447266,0.3886854648590088,1.3780994415283203,1451.2750244140625,0.9204257130622864,0.2559547424316406,0.5194375514984131,0.02360762655735016,0.27808302640914917,1.0,0.5878283977508545,0.019370824098587036,-12360.240234375,0.02360762655735016,-0.014426004141569138,0.04911947250366211,1.0864537954330444,0.0,3.0
192.25753784179688,0.6899999976158142,204.52999877929688,68.0,0.5736318826675415,0.00027660230989567935,10.0,0.9946765899658203,0.9946765899658203,0.9946765899658203,0.0031831851229071617,0.0,0.4294315576553345,138000.0,-0.013009995222091675,0.007196687161922455,1.19209286886246e-09,66.49044036865234,31.74859619140625,85.8793716430664,0.4455769658088684,0.12336340546607971,1.120237112045288,100.45182800292969,0.9912335872650146,0.5022377967834473,1.4934813976287842,1339.1533203125,1.415567398071289,0.20424123108386993,0.37903881072998047,0.00998087227344513,0.18035274744033813,2.0,0.5253265500068665,0.007243802770972252,-40082.04296875,0.00998087227344513,-0.006352619268000126,0.014744143933057785,0.7064304947853088,0.0,3.0
185.1342315673828,1.059999942779541,196.4199981689453,69.0,0.5755174160003662,0.00039488603943027556,10.0,0.9970533847808838,0.9970533847808838,0.9970533847808838,0.0020835716277360916,0.0,0.4302361011505127,140000.0,-0.01781277172267437,-0.004802776500582695,-8.82148754044465e-09,75.95303344726562,9.462593078613281,85.88401794433594,0.5286259055137634,0.08304893970489502,1.0787608623504639,101.96525573730469,1.1091556549072266,0.3920881748199463,1.5012538433074951,1332.22021484375,0.7071923613548279,0.29159072041511536,0.7890849709510803,0.03999030590057373,0.41232162714004517,1.0,0.2377147525548935,0.03972893953323364,-16854.60546875,0.03999030590057373,-0.002981188241392374,0.03400392457842827,1.4140424728393555,0.0,3.0
188.87989807128906,1.059999942779541,199.86000061035156,70.0,0.5602018237113953,0.000344681553542614,10.0,0.9984469413757324,0.9984469413757324,0.9984469413757324,0.0010981783270835876,0.0,0.42372164130210876,142000.0,-0.007082512602210045,0.010730259120464325,6.675720420901143e-09,89.49822998046875,13.545196533203125,88.60299682617188,0.19808875024318695,-0.3305371552705765,0.33465734124183655,103.34427642822266,0.9836246967315674,0.38742971420288086,1.371063470840454,1458.72265625,1.4040954113006592,0.3985682725906372,0.2772061824798584,0.010144631378352642,0.28386127948760986,1.0,0.2091255486011505,0.010143735446035862,-715408.875,0.010144631378352642,2.679359749890864e-05,0.0008011033060029149,0.7122023105621338,0.0,3.0
144.29225158691406,1.3700000047683716,152.1699981689453,71.0,0.5648090243339539,0.00041154015343636274,10.0,0.9981498718261719,0.9981498718261719,0.9981498718261719,0.0013082381337881088,0.0,0.42566946148872375,144000.0,-0.011804074048995972,-0.004721561446785927,-2.074241578498004e-08,440.7344665527344,351.2362365722656,85.12488555908203,0.3830578923225403,0.18496914207935333,0.8663473129272461,104.7618408203125,1.0226352214813232,0.3863062858581543,1.4089505672454834,1419.4967041015625,1.1316429376602173,0.1847202628850937,1.0278311967849731,0.015617476776242256,0.16323193907737732,1.0,0.26144587993621826,0.01475162897258997,-37554.73828125,0.015617476776242256,0.003587996354326606,0.014868329279124737,0.8836709856987,0.0,3.0
115.38238525390625,1.3700000047683716,121.5,72.0,0.549697756767273,0.0003848256601486355,10.0,1.0023064613342285,1.0023064613342285,1.0023064613342285,0.001376418978907168,0.0,0.41930291056632996,146000.0,-0.007762156426906586,0.004041917622089386,3.4809112037237355e-08,386.7174072265625,-54.017059326171875,78.87495422363281,0.19315460324287415,-0.18990328907966614,0.15347246825695038,106.17041015625,1.012765884399414,0.38655877113342285,1.3993337154388428,1429.2520751953125,1.8897215127944946,0.2005554884672165,0.1942228078842163,0.005600587464869022,0.13266204297542572,2.0,0.14698314666748047,0.005458984989672899,-4612325.0,0.005600587464869022,-0.0001309299550484866,0.00012105191126465797,0.5291785001754761,0.0,3.0
88.81818389892578,1.600000023841858,94.1500015258789,73.0,0.543914794921875,0.00041418804903514683,10.0,1.0004819631576538,1.0004819631576538,1.0004819631576538,0.00034071513800881803,0.0,0.416852205991745,148000.0,-0.008618203923106194,-0.0008560474961996078,3.3378602104505717e-09,259.6476745605469,-127.06973266601562,63.000404357910156,0.5591762661933899,0.36602166295051575,1.8734253644943237,107.56781005859375,1.006044626235962,0.3827176094055176,1.3887715339660645,1440.1224365234375,1.7704739570617676,0.17824171483516693,0.48879721760749817,0.006380434613674879,0.100674569606781,1.0,0.2783700227737427,0.00624583987519145,-35645.7890625,0.006380434613674879,-0.0014378894120454788,0.015361121855676174,0.5648205280303955,0.0,3.0
63.7075309753418,1.8600000143051147,68.45999908447266,74.0,0.5488401055335999,0.00026762133347801864,10.0,1.0010583400726318,1.0010583400726318,1.0010583400726318,0.0006180335767567158,0.0,0.418912410736084,150000.0,-0.008923619985580444,-0.0003054160624742508,1.907348723406699e-09,247.5928955078125,-12.054779052734375,55.26999282836914,0.5932201147079468,0.034043848514556885,2.66347074508667,108.97904968261719,1.0192644596099854,0.38387465476989746,1.403148889541626,1425.365966796875,1.609844446182251,0.15250281989574432,0.4629291296005249,0.0077172331511974335,0.1184142455458641,2.0,0.1147095337510109,0.007648460101336241,-76439.484375,0.0077172331511974335,-0.0006940864259377122,0.007005001418292522,0.6211780309677124,0.0,3.0
52.74065399169922,2.490000009536743,58.08000183105469,75.0,0.5503414273262024,0.00040282003465108573,10.0,0.999584972858429,0.999584972858429,0.999584972858429,0.0002934263611678034,0.0,0.4195396900177002,152000.0,-0.010924043133854866,-0.0020004231482744217,4.792213559312586e-08,246.5592803955078,-1.0336151123046875,50.33788299560547,0.3501414358615875,-0.24307867884635925,1.594165563583374,110.4719009399414,1.0816586017608643,0.4032731056213379,1.4849414825439453,1346.8548583984375,1.3319368362426758,0.17025043070316315,0.8937296271324158,0.011273592710494995,0.127821683883667,1.0,0.25346270203590393,0.011271816678345203,-104412.6796875,0.011273592710494995,-9.282596874982119e-05,0.004852849058806896,0.7507863640785217,0.0,3.0
52.597713470458984,1.8700000047683716,57.5099983215332,76.0,0.5508531332015991,0.0002747787511907518,10.0,1.0027835369110107,1.0027835369110107,1.0027835369110107,0.00165438128169626,0.0,0.4197544455528259,154000.0,-0.008566091768443584,0.0023579513654112816,5.9604645663569045e-09,151.8414764404297,-94.71780395507812,45.54269027709961,0.3775145709514618,0.027373135089874268,0.986777663230896,111.88410186767578,1.0175697803497314,0.38668370246887207,1.4042630195617676,1424.235107421875,1.5920056104660034,0.1359107941389084,0.384577214717865,0.007891148328781128,0.10671351850032806,2.0,0.1719069927930832,0.007638856768608093,-381209.75,0.007891148328781128,0.000595038291066885,0.0014034085907042027,0.6281384825706482,0.0,3.0
56.206546783447266,2.0299999713897705,61.84000015258789,77.0,0.5281311273574829,0.0002681491896510124,10.0,0.9951557517051697,0.9951557517051697,0.9951557517051697,0.0028540720231831074,0.0,0.41036176681518555,156000.0,-0.0107717989012599,-0.0022057071328163147,1.120567283408036e-08,115.07929992675781,-36.762176513671875,39.12300491333008,0.7289420962333679,0.35142752528190613,1.962593913078308,113.29928588867188,1.0144100189208984,0.39299798011779785,1.4074180126190186,1421.0423583984375,1.2184902429580688,0.09058722108602524,0.5323881506919861,0.013470557518303394,0.09292975813150406,2.0,0.6095250248908997,0.013403800316154957,-5658.19091796875,0.013470557518303394,0.002495002467185259,0.09324870258569717,0.8206877112388611,0.0,3.0
62.24229431152344,2.609999895095825,68.81999969482422,78.0,0.5024983286857605,0.00028998684138059616,10.0,1.0048772096633911,1.0048772096633911,1.0048772096633911,0.0028938292525708675,0.0,0.39996927976608276,158000.0,-0.011598995886743069,-0.0008271969854831696,-4.0531160649948106e-09,146.17318725585938,31.093887329101562,40.8465461730957,0.5154065489768982,-0.21353554725646973,2.911778211593628,114.7381362915039,1.0310256481170654,0.40010786056518555,1.4311532974243164,1397.4752197265625,1.1388559341430664,0.11429072916507721,0.768805980682373,0.015420276671648026,0.12544465065002441,2.0,0.41745421290397644,0.01476292870938778,-64721.59375,0.015420276671648026,0.0022564565297216177,0.007745657581835985,0.8780741691589355,0.0,3.0
66.45431518554688,4.199999809265137,74.94999694824219,79.0,0.48858240246772766,0.0002680870529729873,10.0,0.9979476928710938,0.9979476928710938,0.9979476928710938,0.0012052403762936592,0.0,0.3944190740585327,160000.0,-0.011578304693102837,2.0691193640232086e-05,4.768371808516747e-10,110.4408950805664,-35.73229217529297,37.7999267578125,1.1335186958312988,0.6181121468544006,5.5317702293396,116.14579010009766,1.0128819942474365,0.3865363597869873,1.3994276523590088,1429.1563720703125,1.063734531402588,0.16159552335739136,0.7614340782165527,0.017675155773758888,0.1898917555809021,2.0,0.6788784861564636,0.01654338464140892,-38916.59375,0.017675155773758888,0.0035471152514219284,0.01111709326505661,0.9400841593742371,0.0,3.0
66.58263397216797,5.820000171661377,76.62999725341797,80.0,0.4737113118171692,0.0002772582811303437,10.0,1.0017567873001099,1.0017567873001099,1.0017567873001099,0.0010484043741598725,0.0,0.3886023163795471,162000.0,-0.013272801414132118,-0.0016944967210292816,-9.536743617033494e-10,118.72159576416016,8.28070068359375,37.494930267333984,0.6608552932739258,-0.47266340255737305,6.774243354797363,117.55492401123047,1.017791986465454,0.38329029083251953,1.4010915756225586,1427.458984375,0.9829772710800171,0.10634371638298035,0.903338611125946,0.02069868892431259,0.13523167371749878,2.0,0.25519660115242004,0.018421592190861702,-68354.109375,0.02069868892431259,-0.003500716295093298,0.005381850525736809,1.017317533493042,0.0,3.0
61.895206451416016,7.480000019073486,73.12000274658203,81.0,0.44760075211524963,0.0002808869176078588,10.0,1.0030403137207031,1.0030403137207031,1.0030403137207031,0.0018063889583572745,0.0,0.37861189246177673,164000.0,-0.012395231053233147,0.0008775703608989716,-1.287460360543946e-08,104.03993225097656,-14.681663513183594,36.14326095581055,1.6227023601531982,0.9618470668792725,7.863518714904785,118.95938110351562,1.0118772983551025,0.38463425636291504,1.3965208530426025,1432.131103515625,0.9252983927726746,0.11030798405408859,1.2644747495651245,0.023359643295407295,0.14901676774024963,2.0,1.6165049076080322,0.02225322276353836,-6296.3681640625,0.023359643295407295,0.007344270125031471,0.048750221729278564,1.0807324647903442,0.0,3.0
64.1697998046875,9.720000267028809,77.83999633789062,82.0,0.4721381664276123,0.00038055016193538904,10.0,1.0007833242416382,1.0007833242416382,1.0007833242416382,0.0005538658006116748,0.0,0.3880666494369507,166000.0,-0.007230340503156185,0.0051648905500769615,-3.0994415922691587e-09,83.36628723144531,-20.67364501953125,32.5807991027832,2.4802639484405518,0.8575615882873535,9.97859001159668,120.35482025146484,1.0041968822479248,0.38311123847961426,1.3873176574707031,1441.63134765625,1.7227165699005127,0.09537901729345322,0.6805258989334106,0.006739096716046333,0.05536548048257828,1.0,1.9953726530075073,0.0062419637106359005,-2845.620361328125,0.006739096716046333,0.006386598572134972,0.08204774558544159,0.5804785490036011,0.0,3.0
68.7624740600586,12.239999771118164,85.22000122070312,83.0,0.5021670460700989,0.0004035536840092391,10.0,1.0024299621582031,1.0024299621582031,1.0024299621582031,0.0017182988813146949,0.0,0.3998304605484009,168000.0,-0.010050103068351746,-0.0028197625651955605,-1.2397766369076635e-08,74.35948181152344,-9.006805419921875,32.43777847290039,2.3320584297180176,-0.14820551872253418,10.119599342346191,121.7481460571289,1.0006704330444336,0.3844730854034424,1.385157823562622,1443.8795166015625,1.4708536863327026,0.16729603707790375,0.40517136454582214,0.009244652464985847,0.11374077200889587,1.0,1.8406567573547363,0.009185087867081165,-2463.51416015625,0.009244652464985847,-0.00198411475867033,0.06609106063842773,0.6798772811889648,0.0,3.0
66.67997741699219,14.319999694824219,85.47000122070312,84.0,0.5149912238121033,0.00038060746737755835,10.0,1.0040092468261719,1.0040092468261719,1.0040092468261719,0.002834965707734227,0.0,0.40497079491615295,170000.0,-0.009810534305870533,0.00023956876248121262,2.3841859042583735e-10,41.72477722167969,-32.63470458984375,28.082460403442383,1.9310619831085205,-0.40099644660949707,13.174975395202637,123.1400375366211,0.9998359680175781,0.38431501388549805,1.384160041809082,1444.920166015625,1.9263668060302734,0.17890812456607819,0.398165225982666,0.0053895339369773865,0.09287335723638535,1.0,1.8225622177124023,0.005151695106178522,-1473.478515625,0.0053895339369773865,-0.004290797282010317,0.07740923762321472,0.5191119313240051,0.0,3.0
63.89744567871094,16.81999969482422,85.37000274658203,85.0,0.5165002346038818,0.0003600067284423858,10.0,0.9988512992858887,0.9988512992858887,0.9988512992858887,0.000812254031188786,0.0,0.40557965636253357,172000.0,-0.01017305813729763,-0.0003625238314270973,4.76837147544984e-09,37.73851776123047,-3.9862594604492188,24.955778121948242,1.4782987833023071,-0.4527631998062134,14.818812370300293,124.54403686523438,1.0123014450073242,0.3840489387512207,1.396360158920288,1432.2957763671875,1.1963472366333008,0.22263628244400024,0.9115586876869202,0.013973820954561234,0.18609672784805298,1.0,1.1878060102462769,0.013973161578178406,-2468.18310546875,0.013973820954561234,0.00013374455738812685,0.02710975706577301,0.8358777165412903,0.0,3.0
62.805633544921875,19.280000686645508,87.06999969482422,86.0,0.5212333798408508,0.00038315742858685553,10.0,1.003053069114685,1.003053069114685,1.003053069114685,0.002158817835152149,0.0,0.40750667452812195,174000.0,-0.010300058871507645,-0.00012700073421001434,-9.536743617033494e-10,40.44995880126953,2.7114410400390625,24.37664031982422,1.6938807964324951,0.215582013130188,14.620403289794922,125.94464874267578,1.0092542171478271,0.38256263732910156,1.3918259143829346,1436.9617919921875,1.381496548652649,0.16217106580734253,0.9046841859817505,0.010479244403541088,0.11738796532154083,1.0,1.4571571350097656,0.01040664967149496,-539.40966796875,0.010479244403541088,0.002098369412124157,0.06065366417169571,0.7238526940345764,0.0,3.0
58.91069412231445,21.200000762939453,85.1500015258789,87.0,0.5235586166381836,0.0003851259534712881,10.0,0.9970621466636658,0.9970621466636658,0.9970621466636658,0.0020773899741470814,0.0,0.40845251083374023,176000.0,-0.00908048264682293,0.0012195762246847153,9.417534307942788e-09,25.32956314086914,-15.12039566040039,22.812583923339844,1.2811132669448853,-0.41276752948760986,15.674782752990723,127.34203338623047,1.0046799182891846,0.38269782066345215,1.3873865604400635,1441.56005859375,0.7609283328056335,0.143354594707489,0.6221737861633301,0.03454159200191498,0.18839435279369354,1.0,1.435746192932129,0.012385223060846329,-274.5598449707031,0.03454159200191498,0.0341348871588707,0.052589405328035355,1.3141841888427734,0.0,3.0
57.79728698730469,23.149999618530273,86.41000366210938,88.0,0.5029177665710449,0.00027206316008232534,10.0,0.9994574785232544,0.9994574785232544,0.9994574785232544,0.0003210374852642417,0.0,0.40013742446899414,178000.0,-0.008761633187532425,0.00031884945929050446,1.7881394143159923e-08,4.62070894241333,-20.70885419845581,18.56189727783203,1.0512784719467163,-0.22983479499816895,16.932205200195312,128.7332000732422,0.9944479465484619,0.38832902908325195,1.3827855587005615,1446.3563232421875,1.3013910055160522,0.11541125178337097,0.5283821225166321,0.011809024028480053,0.11085374653339386,2.0,1.2133461236953735,0.011560057289898396,-72.73152923583984,0.011809024028480053,0.003422327572479844,0.04704369604587555,0.7684085965156555,0.0,3.0
57.745880126953125,25.700000762939453,89.47000122070312,89.0,0.49397578835487366,0.00026860283105634153,10.0,1.0019243955612183,1.0019243955612183,1.0019243955612183,0.001152403187006712,0.0,0.39654743671417236,180000.0,-0.006868541240692139,0.0018930919468402863,-1.0967254659988157e-08,2.3609275817871094,-2.2597813606262207,17.93480110168457,0.6394280195236206,-0.4118504524230957,17.74321746826172,130.1572265625,1.0251586437225342,0.39008188247680664,1.4152510166168213,1413.1773681640625,1.1442060470581055,0.11261134594678879,0.810766339302063,0.015276405028998852,0.14316536486148834,2.0,0.7941394448280334,0.013272883370518684,-28.12815284729004,0.015276405028998852,-0.005905688740313053,0.017407920211553574,0.0,1.0718683004379272,0.0
57.969329833984375,27.8799991607666,92.19000244140625,90.0,0.48960399627685547,0.00038336540455929935,10.0,1.0001291036605835,1.0001291036605835,1.0001291036605835,9.126198710873723e-05,0.0,0.39481744170188904,182000.0,-0.001259912271052599,0.00560862896963954,-2.3841859042583735e-10,8.475622177124023,6.114694595336914,18.654987335205078,0.9612787961959839,0.3218507766723633,17.446182250976562,131.60194396972656,1.0366013050079346,0.39911937713623047,1.435729742050171,1393.020263671875,1.5665864944458008,0.1715315878391266,0.6583220362663269,0.00814930722117424,0.08356902748346329,1.0,0.5210348963737488,0.007936804555356503,-662.463134765625,0.00814930722117424,0.001631125109270215,0.01252015121281147,0.0,1.2638921737670898,0.0
55.889400482177734,29.170000076293945,91.97000122070312,91.0,0.47900447249412537,0.00040951036498881876,10.0,0.998507022857666,0.998507022857666,0.998507022857666,0.0010556943016126752,0.0,0.3906613290309906,184000.0,-0.008906280621886253,-0.007646368350833654,1.4305114870438729e-09,2.439195394515991,-6.036426782608032,16.461782455444336,0.5527153611183167,-0.40856343507766724,17.871089935302734,133.0114288330078,1.0128960609436035,0.38767147064208984,1.4005780220031738,1427.9822998046875,1.2836509943008423,0.1689729541540146,0.7006659507751465,0.012137679383158684,0.1364845186471939,1.0,0.3580014407634735,0.00907091610133648,-2054.39306640625,0.012137679383158684,-0.005094860680401325,0.008464159443974495,0.0,1.5371731519699097,0.0
52.79310607910156,29.709999084472656,90.29000091552734,92.0,0.46284210681915283,0.0002835719205904752,10.0,0.9981953501701355,0.9981953501701355,0.9981953501701355,0.0010504149831831455,0.0,0.3843996524810791,186000.0,-0.008752669207751751,0.0001536114141345024,2.956390332542469e-08,1.1828480958938599,-1.2563472986221313,16.076919555664062,0.4745810031890869,-0.07813435792922974,17.848066329956055,134.4089813232422,1.0030570030212402,0.3862130641937256,1.3892788887023926,1439.5963134765625,1.0600229501724243,0.11902477592229843,1.1164034605026245,0.017799146473407745,0.10863786190748215,2.0,0.24447429180145264,0.013705272227525711,-2993.975830078125,0.017799146473407745,-0.005507601425051689,0.0074095167219638824,0.0,1.642932653427124,0.0
51.134368896484375,29.5,88.98999786376953,93.0,0.4733220934867859,0.0002676639414858073,10.0,0.9966596961021423,0.9966596961021423,0.9966596961021423,0.001993550918996334,0.0,0.38845181465148926,188000.0,-0.004839465953409672,0.003913203254342079,-3.3378602104505717e-09,1.4333171844482422,0.2504690885543823,15.731025695800781,0.41749873757362366,-0.05708226561546326,17.694622039794922,135.8433380126953,1.0285871028900146,0.3977477550506592,1.426344633102417,1402.1861572265625,1.1520860195159912,0.10637449473142624,0.8921573162078857,0.015068147331476212,0.10360178351402283,2.0,0.37713003158569336,0.013486655429005623,-4345.775390625,0.015068147331476212,-0.0027146341744810343,0.004659666679799557,0.0,2.071748971939087,0.0
49.171287536621094,29.299999237060547,87.37999725341797,94.0,0.4797084629535675,0.00040157928015105426,10.0,0.9976157546043396,0.9976157546043396,0.9976157546043396,0.001685930066742003,0.0,0.39092984795570374,190000.0,-0.00755018787458539,-0.0027107219211757183,-2.479553273815327e-08,1.4005872011184692,-0.03272998332977295,14.747262001037598,0.3755095601081848,-0.04198917746543884,17.592763900756836,137.26763916015625,1.0137042999267578,0.4022517204284668,1.4159646034240723,1412.4652099609375,1.0576322078704834,0.12169129401445389,0.9112852811813354,0.017879709601402283,0.15451042354106903,1.0,0.3846685290336609,0.01501370407640934,-4920.70751953125,0.017879709601402283,-0.003281650133430958,0.0037575634196400642,0.0,2.307072639465332,0.0
46.866703033447266,29.040000915527344,85.69000244140625,95.0,0.48647788166999817,0.0003940627502743155,10.0,0.9991334080696106,0.9991334080696106,0.9991334080696106,0.0006127309170551598,0.0,0.393586665391922,192000.0,-0.010696782730519772,-0.0031465948559343815,1.907348723406699e-09,1.1243765354156494,-0.2762106657028198,13.46202564239502,0.42722511291503906,0.05171555280685425,17.419408798217773,138.69094848632812,1.018549919128418,0.39650440216064453,1.415064811706543,1413.363525390625,1.0162341594696045,0.12052491307258606,1.195959210395813,0.019366102293133736,0.14527465403079987,1.0,0.3674926161766052,0.015239334665238857,-1650.6546630859375,0.019366102293133736,-0.006387864705175161,0.009887829422950745,0.0,1.4222118854522705,0.0
44.83985900878906,28.459999084472656,83.75,96.0,0.49227744340896606,0.00027841731207445264,10.0,1.0029898881912231,1.0029898881912231,1.0029898881912231,0.001762069296091795,0.0,0.3958740234375,194000.0,-0.013022175058722496,-0.0023253923282027245,-2.2888183792701966e-08,1.0681241750717163,-0.056252360343933105,12.673317909240723,0.4460451006889343,0.018819987773895264,17.377437591552734,140.0946807861328,1.0134382247924805,0.3815195560455322,1.3949666023254395,1433.7265625,0.7166755795478821,0.12338653206825256,1.2877370119094849,0.0389389842748642,0.1750786006450653,2.0,0.2889309227466583,0.02690083533525467,-1309.846923828125,0.0389389842748642,-0.010489197447896004,0.009139539673924446,0.0,1.4792875051498413,0.0
42.7353630065918,27.75,81.7300033569336,97.0,0.4960310459136963,0.00041297238203696907,10.0,0.9998111724853516,0.9998111724853516,0.9998111724853516,0.0001334931148448959,0.0,0.39736294746398926,196000.0,-0.010144252330064774,0.0028779227286577225,2.5033950024067053e-08,0.9321902394294739,-0.13593393564224243,12.166603088378906,0.4548805356025696,0.008835434913635254,17.090608596801758,141.56338500976562,1.0591909885406494,0.40148353576660156,1.4606833457946777,1369.222412109375,0.8901892304420471,0.11833181232213974,1.1892026662826538,0.02523859217762947,0.15402591228485107,1.0,0.4662083685398102,0.020748674869537354,-952.0234985351562,0.02523859217762947,-0.005972050130367279,0.007943429052829742,0.0,1.586758017539978,0.0
40.866336822509766,26.809999465942383,80.13999938964844,98.0,0.5103545188903809,0.00027634555590339005,10.0,1.001654863357544,1.001654863357544,1.001654863357544,0.000995488022454083,0.0,0.403106153011322,198000.0,-0.013728208839893341,-0.0035839565098285675,2.002716037452501e-08,0.8945406079292297,-0.03764963150024414,11.825834274291992,0.4476705491542816,-0.007209986448287964,16.822261810302734,142.95628356933594,0.998201847076416,0.3865330219268799,1.3847441673278809,1444.310546875,0.661406397819519,0.10728390514850616,1.7008740901947021,0.04571861773729324,0.17261464893817902,2.0,0.32189199328422546,0.03208145871758461,-406.8908386230469,0.04571861773729324,-0.010478299111127853,0.008051134645938873,0.0,1.576108694076538,0.0
39.705718994140625,25.950000762939453,79.27999877929688,99.0,0.5175862312316895,0.00027847004821524024,10.0,1.0014451742172241,1.0014451742172241,1.0014451742172241,0.0008715607109479606,0.0,0.40602147579193115,200000.0,-0.011939953081309795,0.0017882557585835457,2.884864791496966e-08,0.9135524034500122,0.01901179552078247,11.52957820892334,0.46084079146385193,0.013170242309570312,16.32195472717285,144.34671020507812,0.9904375076293945,0.39225196838378906,1.3826980590820312,1446.4478759765625,0.8083575367927551,0.08008281141519547,1.45103919506073,0.030607149004936218,0.16407351195812225,2.0,0.5534011125564575,0.020660918205976486,-82.81690979003906,0.030607149004936218,-0.010409774258732796,0.010894909501075745,0.0,1.3548866510391235,0.0
38.5383415222168,25.059999465942383,78.61000061035156,100.0,0.514433741569519,0.00039276527240872383,10.0,1.0002670288085938,1.0002670288085938,1.0002670288085938,0.00018881788128055632,0.0,0.40474405884742737,202000.0,-0.01310246717184782,-0.001162514090538025,9.059905714536853e-09,0.8215954899787903,-0.09195691347122192,10.743592262268066,0.5850011110305786,0.12416031956672668,16.081348419189453,145.7189178466797,0.99118971824646,0.37294602394104004,1.3641445636749268,1466.1207275390625,0.7399189472198486,0.18029949069023132,1.4265764951705933,0.036531001329422,0.21461747586727142,1.0,0.4967421293258667,0.02878729999065399,-0.2228838950395584,0.036531001329422,-0.010713277384638786,0.01482162345200777,0.0,1.1616277694702148,0.0
37.49287414550781,24.260000228881836,78.94999694824219,101.0,0.509577214717865,0.00039856546209193766,10.0,0.9970214366912842,0.9970214366912842,0.9970214366912842,0.002106162253767252,0.0,0.4027822017669678,204000.0,-0.016058754175901413,-0.0029562870040535927,-1.0967254659988157e-08,0.7478426098823547,-0.07375288009643555,10.147799491882324,0.8444504737854004,0.2594493627548218,15.683149337768555,147.09173583984375,0.9864132404327393,0.37852978706359863,1.3649520874023438,1465.25341796875,0.9669734835624695,0.10976952314376831,1.0520843267440796,0.02138950116932392,0.11351867020130157,1.0,0.722187876701355,0.019655417650938034,-26.998136520385742,0.02138950116932392,-0.005928419530391693,0.020267844200134277,1.0341545343399048,0.0,3.0
36.56368637084961,24.209999084472656,80.1500015258789,102.0,0.4995744824409485,0.0002742836659308523,10.0,0.9993574619293213,0.9993574619293213,0.9993574619293213,0.00037280641845427454,0.0,0.3987777829170227,206000.0,-0.02540772594511509,-0.009348971769213676,-5.006790093631253e-09,0.7462957501411438,-0.0015468597412109375,9.835101127624512,2.2789597511291504,1.43450927734375,15.294912338256836,148.48638916015625,1.0017180442810059,0.3838768005371094,1.3856050968170166,1443.4132080078125,0.5940410494804382,0.15238358080387115,1.7775554656982422,0.056675709784030914,0.3206503093242645,2.0,1.1898151636123657,0.056646957993507385,-12.96373176574707,0.056675709784030914,-0.0011756005696952343,0.04806794226169586,1.6833853721618652,0.0,3.0
35.854103088378906,24.790000915527344,82.02999877929688,103.0,0.47430023550987244,0.00041499341023154557,10.0,1.0003684759140015,1.0003684759140015,1.0003684759140015,0.0002604675537440926,0.0,0.3888731002807617,208000.0,-0.016320547088980675,0.009087178856134415,3.52859501617786e-08,0.645366370677948,-0.1009293794631958,9.094982147216797,11.07978630065918,8.80082654953003,16.212345123291016,149.8756103515625,1.011279582977295,0.36920714378356934,1.3804950714111328,1448.75634765625,0.7172492146492004,0.0884459838271141,1.6224210262298584,0.0388767272233963,0.12331278622150421,1.0,5.020881652832031,0.037094082683324814,-0.11213600635528564,0.0388767272233963,0.024391528218984604,0.3337441086769104,1.3942155838012695,0.0,3.0
35.522464752197266,26.719999313354492,85.23999786376953,104.0,0.47671273350715637,0.000310933159198612,10.0,1.0011111497879028,1.0011111497879028,1.0011111497879028,0.0006524663185700774,0.0,0.3897727429866791,210000.0,-0.00932442955672741,0.006996117532253265,1.358985901589449e-08,0.6469926238059998,0.0016262531280517578,8.824758529663086,12.837237358093262,1.757451057434082,16.520401000976562,151.316162109375,1.0203969478607178,0.41175270080566406,1.4321606159210205,1396.4918212890625,0.8857582211494446,0.1723719835281372,1.1499040126800537,0.025491738691926003,0.1766648143529892,2.0,2.1548829078674316,0.025128277018666267,-15.356609344482422,0.025491738691926003,-0.008362321183085442,0.19239595532417297,0.0,0.3224163055419922,0.0
35.011226654052734,27.579999923706055,86.37000274658203,105.0,0.45404306054115295,0.0002901288971770555,10.0,0.9985863566398621,0.9985863566398621,0.9985863566398621,0.0008262484916485846,0.0,0.3810679316520691,212000.0,-0.009530434384942055,-0.00020600482821464539,2.813339250451463e-08,0.6154065728187561,-0.03158605098724365,9.237875938415527,3.809964656829834,-9.027272701263428,16.607608795166016,152.7811737060547,1.0842652320861816,0.3724489212036133,1.4567229747772217,1372.9453125,0.8082798719406128,0.0749557763338089,1.1765755414962769,0.03061303310096264,0.13700534403324127,2.0,1.785839319229126,0.029252922162413597,-93.17610931396484,0.03061303310096264,-0.009856164455413818,0.07142357528209686,0.0,0.5291687250137329,0.0
34.489166259765625,27.729999542236328,86.69000244140625,106.0,0.44434115290641785,0.0003940447058994323,10.0,1.0015226602554321,1.0015226602554321,1.0015226602554321,0.001076767686754465,0.0,0.37734556198120117,214000.0,-0.009157302789390087,0.0003731315955519676,-3.933906711495183e-08,0.6060594320297241,-0.009347140789031982,9.339571952819824,1.7465680837631226,-2.0633965730667114,16.20088005065918,154.17823791503906,0.9905171394348145,0.39884495735168457,1.3893709182739258,1439.5008544921875,0.6285682320594788,0.11314913630485535,1.8264477252960205,0.05062033608555794,0.1486344337463379,1.0,0.8639256954193115,0.05038285627961159,-167.97723388671875,0.05062033608555794,-0.0032458200585097075,0.044363200664520264,0.0,0.6714342832565308,0.0
33.89023971557617,27.239999771118164,85.87999725341797,107.0,0.417905330657959,0.00041047282866202295,10.0,0.9970333576202393,0.9970333576202393,0.9970333576202393,0.002097733085975051,0.0,0.36755526065826416,216000.0,-0.0022346549667418003,0.006922647822648287,2.3841858265427618e-08,0.5862382054328918,-0.019821226596832275,9.285179138183594,0.6568751335144043,-1.0896929502487183,15.836505889892578,155.97889709472656,1.27370285987854,0.519202470779419,1.792917251586914,1115.5008544921875,1.0552581548690796,0.10432536900043488,1.467813491821289,0.01796024665236473,0.07912971824407578,1.0,0.47655338048934937,0.01789226569235325,-386.5481262207031,0.01796024665236473,0.0009393501095473766,0.012979847379028797,0.0,1.241309404373169,0.0
32.840816497802734,24.75,82.44999694824219,108.0,0.38568031787872314,0.000272427307209,10.0,0.9983645677566528,0.9983645677566528,0.9983645677566528,0.0009599107434041798,0.0,0.35587045550346375,218000.0,-0.015823084861040115,-0.013588429894298315,1.275539407430415e-08,0.5658353567123413,-0.020402848720550537,8.823383331298828,0.6930661201477051,0.03619098663330078,15.471891403198242,158.00485229492188,1.4845325946807861,0.5306727886199951,2.0152175426483154,992.4491577148438,0.8296533823013306,0.06015407294034958,1.6325799226760864,0.029056042432785034,0.09063135832548141,2.0,1.0851939916610718,0.028841324150562286,-3.110612392425537,0.029056042432785034,-0.002070426009595394,0.01996413618326187,1.2053226232528687,0.0,3.0
32.13264846801758,24.260000228881836,81.13999938964844,109.0,0.35825905203819275,0.00028630817541852593,10.0,1.0001453161239624,1.0001453161239624,1.0001453161239624,0.00013604044215753675,0.0,0.34625205397605896,220000.0,-0.01936454139649868,-0.0035414565354585648,-5.4836274188119205e-08,0.5549070239067078,-0.010928332805633545,8.431943893432617,0.9950858950614929,0.30201977491378784,15.049585342407227,159.943115234375,1.4059278964996338,0.5215864181518555,1.9275267124176025,1037.5994873046875,0.6443598866462708,0.05747191980481148,2.077202081680298,0.0481695830821991,0.11149033159017563,2.0,0.7674694657325745,0.04525476694107056,-18.247039794921875,0.0481695830821991,0.009347666054964066,0.02997746132314205,1.5519278049468994,0.0,3.0
31.593599319458008,23.979999542236328,80.7699966430664,110.0,0.33543866872787476,0.0002666108775883913,10.0,1.0005005598068237,1.0005005598068237,1.0005005598068237,0.0002984532620757818,0.0,0.3384273648262024,222000.0,-0.017872214317321777,0.0014923270791769028,1.4305114426349519e-08,0.5249372720718384,-0.029969751834869385,8.161681175231934,0.7852811813354492,-0.2098047137260437,15.100231170654297,162.37191772460938,1.721505880355835,0.6965196132659912,2.418039321899414,827.1166381835938,0.743055522441864,0.06797321885824203,1.7981672286987305,0.03622324392199516,0.11434746533632278,2.0,0.8883165717124939,0.036222755908966064,-43.841373443603516,0.03622324392199516,0.00010774517431855202,0.02372020110487938,1.345794439315796,0.0,3.0
31.025127410888672,24.34000015258789,79.91999816894531,111.0,0.3165695071220398,0.00027068480267189443,10.0,0.9991049766540527,0.9991049766540527,0.9991049766540527,0.0005422584363259375,0.0,0.3320962190628052,224000.0,-0.02028992399573326,-0.0024177096784114838,-4.148483156996008e-08,0.5165225863456726,-0.008414685726165771,8.13953685760498,0.678636372089386,-0.10664480924606323,14.989983558654785,164.45755004882812,1.567751169204712,0.5047805309295654,2.072543144226074,964.9983520507812,0.6560811400413513,0.07236022502183914,2.5140717029571533,0.04646380618214607,0.13786445558071136,2.0,0.6789153218269348,0.04644156992435455,-34.01604080200195,0.04646380618214607,-0.0005334541201591492,0.012798182666301727,1.52420175075531,0.0,3.0
30.8293399810791,25.1299991607666,79.91999816894531,112.0,0.29889151453971863,0.00038908488932065666,10.0,0.9989871978759766,0.9989871978759766,0.9989871978759766,0.0007161592366173863,0.0,0.3262810707092285,226000.0,-0.006450486369431019,0.013839437626302242,3.743171816950053e-08,0.5130289793014526,-0.0034936070442199707,8.038854598999023,1.009787917137146,0.33115154504776,15.295378684997559,166.30043029785156,1.3295719623565674,0.5026006698608398,1.8321833610534668,1091.5941162109375,0.582849383354187,0.07716282457113266,2.6227896213531494,0.058873146772384644,0.1604999303817749,1.0,1.5166926383972168,0.058873068541288376,-0.3712756931781769,0.058873146772384644,5.804398097097874e-05,0.04319148138165474,0.0,0.6804808378219604,0.0
30.30508041381836,24.979999542236328,79.2300033569336,113.0,0.4592371881008148,6.980352191021666e-05,10.0,0.9723571538925171,0.9723571538925171,0.9723571538925171,0.06056264042854309,0.0,0.39201557636260986,228000.0,0.08481018990278244,0.09126067627221346,3.695488004495928e-08,0.5116247534751892,-0.0014042258262634277,7.865272521972656,0.5781548023223877,-0.4316331148147583,15.679210662841797,168.20135498046875,1.3332757949829102,0.5572185516357422,1.890507698059082,1057.9176025390625,0.7456005215644836,0.0,2.393068313598633,0.03597638010978699,0.10374844074249268,0.0,1.1945081949234009,0.03593604266643524,0.001453520730137825,0.03597638010978699,0.0009327258449047804,0.021568411961197853,-0.04663524776697159,2.1589956489265205e-08,2.0
29.885272979736328,25.3799991607666,78.58000183105469,114.0,0.3143123686313629,0.0003657732158899307,10.0,1.0029572248458862,1.0029572248458862,1.0029572248458862,0.0020910457242280245,0.0,0.33137670159339905,230000.0,-0.004268083721399307,-0.08907827362418175,-1.0538101236079456e-07,0.4960423409938812,-0.015582412481307983,7.850052356719971,0.6285988092422485,0.05044400691986084,15.538399696350098,170.0824737548828,1.3229987621307373,0.5476107597351074,1.8706281185150146,1069.160400390625,0.945680558681488,0.08010920882225037,2.040677785873413,0.022363558411598206,0.09504850208759308,1.0,1.4377878904342651,0.02226117067039013,-6.91892147064209,0.022363558411598206,0.0014596935361623764,0.020810049027204514,0.0,0.9803436398506165,0.0
29.183069229125977,25.34000015258789,78.16999816894531,115.0,0.31439274549484253,0.00038021596265025437,10.0,0.9971372485160828,0.9971372485160828,0.9971372485160828,0.002024285029619932,0.0,0.3313717544078827,232000.0,-0.0010980351362377405,0.0031700485851615667,-1.27553946072112e-07,0.4912700057029724,-0.0047723352909088135,7.2830491065979,0.7580248117446899,0.1294260025024414,15.62147045135498,172.0560302734375,1.4527511596679688,0.5061852931976318,1.9589478969573975,1020.9564208984375,0.8383128046989441,0.08869963884353638,1.9548125267028809,0.028458869084715843,0.08798909187316895,1.0,1.1494351625442505,0.025829199701547623,-4.0376458168029785,0.028458869084715843,0.008655508980154991,0.02848944067955017,0.0,0.8378629088401794,0.0
28.361177444458008,24.889999389648438,77.62000274658203,116.0,0.2873178720474243,0.0003071822284255177,10.0,1.001076340675354,1.001076340675354,1.001076340675354,0.0006478513241745532,0.0,0.3225362300872803,234000.0,-0.016827167943120003,-0.015729132806882262,4.0292739811320644e-08,0.4829646646976471,-0.008305341005325317,6.966472148895264,1.0680586099624634,0.31003379821777344,15.663314819335938,173.90184020996094,1.3345255851745605,0.500812292098999,1.8353500366210938,1089.710693359375,0.8774101734161377,0.11397463083267212,1.8998242616653442,0.025979124009609222,0.16237366199493408,2.0,2.0550453662872314,0.02519453689455986,-0.3759421110153198,0.025979124009609222,0.004896658472716808,0.03056035190820694,1.1397178173065186,0.0,3.0
27.87576675415039,24.790000915527344,77.44999694824219,117.0,0.29342886805534363,0.00039665898657403886,10.0,0.9975845217704773,0.9975845217704773,0.9975845217704773,0.0017080431571230292,0.0,0.32449695467948914,236000.0,-0.017631832510232925,-0.0008046645671129227,1.4781951662712345e-08,0.4747183918952942,-0.008246272802352905,7.013403415679932,0.5379446744918823,-0.530113935470581,15.511786460876465,175.79544067382812,1.3282387256622314,0.55470871925354,1.8829598426818848,1062.157958984375,0.832653284072876,0.08385540544986725,2.07889986038208,0.028847049921751022,0.10070864856243134,1.0,2.0265860557556152,0.028727293014526367,-1.8333027362823486,0.028847049921751022,0.0016880815383046865,0.02379514090716839,1.2009800672531128,0.0,3.0
27.36200523376465,25.459999084472656,77.37999725341797,118.0,0.30451226234436035,0.0003561499761417508,10.0,0.9995400309562683,0.9995400309562683,0.9995400309562683,0.0003252331807743758,0.0,0.32810595631599426,238000.0,-0.010619557462632656,0.007012275047600269,4.065036662836974e-08,0.480706125497818,0.005987733602523804,6.993010997772217,1.9326448440551758,1.3947001695632935,15.40532398223877,177.68089294433594,1.373704433441162,0.5009500980377197,1.8746657371520996,1066.857177734375,0.6149204969406128,0.07007177174091339,2.35129976272583,0.052892234176397324,0.09923327714204788,1.0,2.722306966781616,0.052809011191129684,-2.4904706478118896,0.052892234176397324,-0.0026484974659979343,0.0842866450548172,0.0,0.48711958527565,0.0
27.0983943939209,25.81999969482422,77.45999908447266,119.0,0.30937567353248596,0.0003628765989560634,10.0,0.9994432330131531,0.9994432330131531,0.9994432330131531,0.00039370774175040424,0.0,0.3297034204006195,240000.0,-0.010891209356486797,-0.00027165189385414124,-4.649162121950212e-08,0.4700070023536682,-0.01069912314414978,6.806976795196533,1.3695142269134521,-0.5631306171417236,15.953962326049805,179.53622436523438,1.3425867557525635,0.5021693706512451,1.8447678089141846,1084.147705078125,0.693317711353302,0.08208007365465164,2.2597484588623047,0.04160689190030098,0.16001808643341064,1.0,3.5889945030212402,0.041196297854185104,-8.115267753601074,0.04160689190030098,-0.005825517699122429,0.08265240490436554,0.0,0.49191179871559143,0.0
26.931005477905273,25.899999618530273,77.66000366210938,120.0,0.305825799703598,0.00037898754817433655,10.0,1.0039020776748657,1.0039020776748657,1.0039020776748657,0.002759157447144389,0.0,0.3285364508628845,242000.0,-0.009642785415053368,0.0012484239414334297,5.10215762972166e-08,0.46070605516433716,-0.009300947189331055,6.78285026550293,1.2698302268981934,-0.09968400001525879,16.130231857299805,181.3900146484375,1.341853141784668,0.5015246868133545,1.8433895111083984,1084.95849609375,0.7664677500724792,0.06391198188066483,2.6100573539733887,0.034044116735458374,0.0754833072423935,1.0,3.466909885406494,0.033859387040138245,-11.958138465881348,0.034044116735458374,-0.0035343868657946587,0.06762312352657318,0.0,0.5438352227210999,0.0
26.506797790527344,26.110000610351562,77.77999877929688,121.0,0.30019456148147583,0.00039499823469668627,10.0,0.9996525645256042,0.9996525645256042,0.9996525645256042,0.0002456880174577236,0.0,0.32669076323509216,244000.0,-0.005943136289715767,0.0036996491253376007,-4.863738922722405e-08,0.4487513601779938,-0.011954694986343384,6.3611931800842285,1.381256341934204,0.11142611503601074,15.796073913574219,183.23519897460938,1.325866460800171,0.5089528560638428,1.8348312377929688,1090.01904296875,0.8721247911453247,0.08470185101032257,2.1962950229644775,0.02629496157169342,0.07452460378408432,1.0,3.224489688873291,0.026052042841911316,-23.590085983276367,0.02629496157169342,0.003560451790690422,0.05218537151813507,0.0,0.6190711259841919,0.0
25.99505615234375,25.1299991607666,78.04000091552734,122.0,0.2738603353500366,0.00026448850985616446,10.0,1.002456545829773,1.002456545829773,1.002456545829773,0.0014474246418103576,0.0,0.3182329833507538,246000.0,-0.014214304275810719,-0.008271167986094952,-5.7220459481754915e-09,0.45669737458229065,0.007946014404296875,6.158543109893799,1.9985252618789673,0.6172689199447632,15.469852447509766,185.0904083251953,1.3375403881072998,0.5072283744812012,1.8447802066802979,1084.140380859375,0.553288996219635,0.056841667741537094,3.5024209022521973,0.06533198058605194,0.0933588445186615,2.0,4.545677185058594,0.05773348733782768,-0.1613856852054596,0.06533198058605194,-0.026607420295476913,0.0931704118847847,0.0,0.46331456303596497,0.0
25.481760025024414,24.709999084472656,78.3499984741211,123.0,0.23853272199630737,0.00027800656971521676,10.0,1.0043247938156128,1.0043247938156128,1.0043247938156128,0.002552462974563241,0.0,0.30720141530036926,248000.0,-0.0166194885969162,-0.00240518432110548,1.907348590179936e-08,0.4403141140937805,-0.016383260488510132,5.9824419021606445,1.8357880115509033,-0.16273725032806396,14.948561668395996,186.95314025878906,1.3247427940368652,0.527456521987915,1.8522109985351562,1079.791015625,0.8353406190872192,0.06413023918867111,2.297945737838745,0.02866174653172493,0.0959642082452774,2.0,3.863739490509033,0.028512246906757355,-0.8357730507850647,0.02866174653172493,-0.0038330117240548134,0.0982743352651596,1.197116494178772,0.0,3.0
25.004863739013672,25.860000610351562,78.7699966430664,124.0,0.21236437559127808,0.0002756793110165745,10.0,1.0013444423675537,1.0013444423675537,1.0013444423675537,0.0008074190118350089,0.0,0.29924020171165466,250000.0,-0.016607079654932022,1.2408941984176636e-05,-7.903575749423908e-08,0.43367981910705566,-0.0066342949867248535,5.87383508682251,4.598854064941406,2.763066053390503,14.880687713623047,188.80137634277344,1.333625078201294,0.5041449069976807,1.8377814292907715,1088.2691650390625,0.718338668346405,0.047189246863126755,2.797250509262085,0.03875889629125595,0.08151623606681824,2.0,9.612020492553711,0.03536156192421913,-2.6843230724334717,0.03875889629125595,-0.03048166073858738,0.27348843216896057,0.0,0.27042415738105774,0.0
24.761938095092773,27.639999389648438,79.47000122070312,125.0,0.1886490434408188,0.00026786341913975775,10.0,1.0008395910263062,1.0008395910263062,1.0008395910263062,0.0005119783454574645,0.0,0.29222697019577026,252000.0,-0.010235538706183434,0.0063715409487485886,-5.125999535948722e-08,0.4279640316963196,-0.005715787410736084,5.779738426208496,2.898597240447998,-1.7002568244934082,15.69313907623291,190.85858154296875,1.3689260482788086,0.6778745651245117,2.046816110610962,977.127685546875,0.883813202381134,0.04648568481206894,2.511549949645996,0.025604061782360077,0.056478213518857956,2.0,7.437901496887207,0.02473260462284088,-40.1523323059082,0.025604061782360077,-0.012295981869101524,0.1734924465417862,0.0,0.33952730894088745,0.0
24.494033813476562,29.809999465942383,79.79000091552734,126.0,0.1642301082611084,0.00027467930340208113,10.0,1.0015239715576172,1.0015239715576172,1.0015239715576172,0.0009107906953431666,0.0,0.28517892956733704,254000.0,-0.0160963274538517,-0.005860788747668266,2.1934509319976314e-08,0.42202678322792053,-0.005937248468399048,5.638327121734619,4.409799098968506,1.5112018585205078,16.38636589050293,193.1660614013672,1.7549822330474854,0.5387639999389648,2.2937612533569336,871.9306640625,0.8708475232124329,0.0405186265707016,2.4816014766693115,0.02637215331196785,0.06626459211111069,2.0,11.047823905944824,0.02404595911502838,-77.57272338867188,0.02637215331196785,-0.026336468756198883,0.29817354679107666,0.0,0.25898846983909607,0.0
24.20122528076172,33.13999938964844,80.02999877929688,127.0,0.13250833749771118,0.0002767526311799884,10.0,0.9986702799797058,0.9986702799797058,0.9986702799797058,0.0007857716991566122,0.0,0.2762908637523651,256000.0,-0.014386678114533424,0.0017096493393182755,9.739398620922657e-08,0.41322818398475647,-0.008798599243164062,5.486525535583496,4.500277996063232,0.09047889709472656,17.16729736328125,195.00411987304688,1.3260164260864258,0.5015807151794434,1.8276090621948242,1094.326416015625,0.7834714651107788,0.04723653197288513,2.886965274810791,0.03258243203163147,0.08188879489898682,2.0,10.149622917175293,0.030693577602505684,-269.7293701171875,0.03258243203163147,-0.021539881825447083,0.24563390016555786,0.0,0.2853453755378723,0.0
23.728107452392578,36.220001220703125,79.9000015258789,128.0,0.10739746689796448,0.0002734096779022366,10.0,0.997461199760437,0.997461199760437,0.997461199760437,0.0014944905415177345,0.0,0.2694213390350342,258000.0,-0.01329290121793747,0.001093776896595955,-3.194809039541724e-08,0.40616631507873535,-0.007061868906021118,5.207435607910156,3.6913905143737793,-0.8088874816894531,18.146570205688477,196.83645629882812,1.310962200164795,0.5114095211029053,1.8223838806152344,1097.4638671875,0.7863783836364746,0.04235665127635002,3.0917768478393555,0.03234199061989784,0.07199252396821976,2.0,9.500821113586426,0.03055126965045929,-672.843505859375,0.03234199061989784,-0.01830388978123665,0.18709354102611542,0.0,0.3269532024860382,0.0
23.289634704589844,39.54999923706055,79.69000244140625,129.0,0.08496826887130737,0.00028532487340271473,10.0,0.9996423125267029,0.9996423125267029,0.9996423125267029,0.00021940190345048904,0.0,0.26344436407089233,260000.0,-0.012505101040005684,0.0007878001779317856,7.1525572131747595e-09,0.4046802520751953,-0.001486063003540039,5.12498140335083,3.5353598594665527,-0.15603065490722656,19.493581771850586,198.39630126953125,1.1930983066558838,0.3560972213745117,1.5492041110992432,1290.986083984375,0.6369713544845581,0.060874711722135544,3.9305520057678223,0.04929354786872864,0.07072430104017258,2.0,10.151948928833008,0.04847812280058861,-1121.869873046875,0.04929354786872864,-0.012404527515172958,0.18870164453983307,0.0,0.32555705308914185,0.0
22.831876754760742,43.11000061035156,79.5199966430664,130.0,0.06657439470291138,0.0002819655346684158,10.0,0.9961040019989014,0.9961040019989014,0.9961040019989014,0.002288293791934848,0.0,0.2586372494697571,262000.0,-0.0076922886073589325,0.004812812432646751,1.806020755168447e-08,0.3952626585960388,-0.009417593479156494,4.983239650726318,2.5794968605041504,-0.9558629989624023,20.849821090698242,199.78793334960938,1.0159082412719727,0.3684213161468506,1.38433837890625,1444.7340087890625,0.7707915306091309,0.05623700097203255,3.295182228088379,0.03366324305534363,0.06509343534708023,2.0,5.937116622924805,0.03344341367483139,-3261.2646484375,0.03366324305534363,-0.004701824858784676,0.10056529939174652,0.0,0.4459548592567444,0.0
22.423725128173828,46.11000061035156,79.56999969482422,131.0,0.04667705297470093,0.00027643496287055314,10.0,1.0025362968444824,1.0025362968444824,1.0025362968444824,0.0015000355197116733,0.0,0.25354522466659546,264000.0,-0.012068016454577446,-0.0043757278472185135,5.936622571312e-08,0.39151597023010254,-0.0037466883659362793,4.928900241851807,1.7724254131317139,-0.8070714473724365,22.257431030273438,201.17889404296875,0.9968070983886719,0.3834877014160156,1.3803036212921143,1448.95703125,0.6580095887184143,0.0548207126557827,3.1076292991638184,0.046191856265068054,0.13240426778793335,2.0,4.630630016326904,0.041673898696899414,-6298.11083984375,0.046191856265068054,-0.017879420891404152,0.07075624167919159,0.0,0.5316582918167114,0.0
22.165498733520508,49.25,79.83999633789062,132.0,0.03638286888599396,0.00040810121572576463,10.0,0.9966756701469421,0.9966756701469421,0.9966756701469421,0.00235069845803082,0.0,0.2509390413761139,266000.0,-0.01389080286026001,-0.0018227864056825638,-4.792213559312586e-08,0.3830980658531189,-0.008417904376983643,4.792306423187256,1.5387609004974365,-0.23366451263427734,22.844484329223633,202.5740509033203,1.0017282962799072,0.3857460021972656,1.3874828815460205,1441.459716796875,0.7044270634651184,0.05960904806852341,2.6766207218170166,0.04030489921569824,0.08068446069955826,1.0,4.012753009796143,0.03801664710044861,-8346.0546875,0.04030489921569824,-0.01269762497395277,0.0704597681760788,0.0,0.5327756404876709,0.0
21.858970642089844,51.16999816894531,79.87999725341797,133.0,0.01377203967422247,0.00029691329109482467,10.0,0.9982868432998657,0.9982868432998657,0.9982868432998657,0.0009900404838845134,0.0,0.24534237384796143,268000.0,-0.015474761836230755,-0.001583958975970745,-6.628036430811335e-08,0.37795138359069824,-0.005146682262420654,4.798733711242676,0.9955782890319824,-0.5431826114654541,24.25542449951172,203.9420928955078,0.9883778095245361,0.3719451427459717,1.3603324890136719,1470.2293701171875,0.7321470379829407,0.06687988340854645,3.303196668624878,0.03731068596243858,0.08498010784387589,2.0,2.9786198139190674,0.018479252234101295,-13681.1884765625,0.03731068596243858,-0.030703166499733925,0.05005907639861107,0.0,0.6320821642875671,0.0
21.621984481811523,52.9900016784668,79.95999908447266,134.0,0.0036965010222047567,0.00027099778526462615,10.0,0.9981913566589355,0.9981913566589355,0.9981913566589355,0.0010853708954527974,0.0,0.24286815524101257,270000.0,-0.014384659007191658,0.0010901028290390968,2.8610229740877458e-09,0.3730146288871765,-0.0049367547035217285,4.697002410888672,1.1809217929840088,0.18534350395202637,24.84613609313965,205.2914581298828,0.9677796363830566,0.37381887435913086,1.3416073322296143,1490.7496337890625,0.5974029302597046,0.050689779222011566,3.6471962928771973,0.05603962391614914,0.11116822063922882,2.0,4.519267559051514,0.045845311135053635,-13190.4755859375,0.05603962391614914,-0.024606583639979362,0.05939428135752678,0.0,0.5802866816520691,0.0
21.329862594604492,54.72999954223633,79.91999816894531,135.0,-0.0035599868278950453,0.0004153694026172161,10.0,0.9969270825386047,0.9969270825386047,0.9969270825386047,0.00217286660335958,0.0,0.24111299216747284,272000.0,-0.00981881283223629,0.004565846174955368,8.320808575490446e-08,0.3664979338645935,-0.006516695022583008,4.5395379066467285,1.3859819173812866,0.20506012439727783,25.171207427978516,206.65835571289062,0.9875824451446533,0.371596097946167,1.3591876029968262,1471.46826171875,0.6261947751045227,0.05685088038444519,3.7758021354675293,0.0510047972202301,0.09797564893960953,1.0,6.705772399902344,0.05100443959236145,-10545.037109375,0.0510047972202301,0.00017268676310777664,0.08381868898868561,0.0,0.4884774684906006,0.0
21.155296325683594,56.130001068115234,80.25,136.0,-0.017233550548553467,0.0002713870781008154,10.0,0.9961522221565247,0.9961522221565247,0.9961522221565247,0.0022824944462627172,0.0,0.2378411889076233,274000.0,-0.01144099049270153,-0.0016221776604652405,4.4345856764493874e-08,0.36028924584388733,-0.006208688020706177,4.583278656005859,0.6880542039871216,-0.697927713394165,26.190780639648438,208.02908325195312,0.9668619632720947,0.3961338996887207,1.3630053997039795,1467.346435546875,0.6534430384635925,0.04263214394450188,4.200575351715088,0.04683973640203476,0.08459372818470001,2.0,2.1931710243225098,0.037817467004060745,-57935.21875,0.04683973640203476,-0.01228472962975502,0.016726890578866005,0.0,1.0934709310531616,0.0
20.863466262817383,57.29999923706055,80.05999755859375,137.0,-0.01619080640375614,0.00031509995460510254,10.0,1.001442551612854,1.001442551612854,1.001442551612854,0.0010200660908594728,0.0,0.2380853146314621,276000.0,-0.01386574748903513,-0.002424756996333599,2.086162531611535e-08,0.35620734095573425,-0.004081904888153076,4.366065979003906,0.6310185194015503,-0.05703568458557129,26.320219039916992,209.38880920410156,0.9735159873962402,0.3785519599914551,1.3520784378051758,1479.20458984375,0.48401498794555664,0.08754807710647583,3.884310483932495,0.08537138998508453,0.16687357425689697,1.0,1.7090734243392944,0.0694415271282196,-83427.078125,0.08537138998508453,-0.014114156365394592,0.012505397200584412,0.0,1.2646375894546509,0.0
20.651660919189453,58.349998474121094,80.01000213623047,138.0,-0.023304620757699013,0.00038703251630067825,10.0,0.9997530579566956,0.9997530579566956,0.9997530579566956,0.00017460033996030688,0.0,0.2364015430212021,278000.0,-0.007250902242958546,0.006614845246076584,-1.1920929132713809e-08,0.3453310430049896,-0.010876297950744629,4.423944473266602,0.7834784388542175,0.15245991945266724,26.9309139251709,210.75421142578125,0.982980489730835,0.3746762275695801,1.3576655387878418,1473.117431640625,0.7406309843063354,0.052226219326257706,3.7247443199157715,0.036460790783166885,0.04942712560296059,1.0,3.4636130332946777,0.035904452204704285,-42494.66796875,0.036460790783166885,-0.003815913572907448,0.026173202320933342,0.0,0.8741510510444641,0.0
20.499950408935547,59.560001373291016,80.18000030517578,139.0,-0.018415767699480057,0.0003814668161794543,10.0,0.9962685704231262,0.9962685704231262,0.9962685704231262,0.002638476900756359,0.0,0.23756058514118195,280000.0,-0.0019580344669520855,0.00529286777600646,-1.3947486721122004e-08,0.3437960743904114,-0.001534968614578247,4.379830360412598,0.8344732522964478,0.050994813442230225,27.515790939331055,212.1165771484375,0.9829854965209961,0.3717944622039795,1.3547887802124023,1476.2451171875,0.6456208229064941,0.05044328048825264,4.822070598602295,0.047981612384319305,0.05594358593225479,1.0,4.057676792144775,0.04675869643688202,-45939.02734375,0.047981612384319305,0.005638725124299526,0.02599952183663845,0.0,0.877065896987915,0.0
20.24456024169922,60.150001525878906,79.80000305175781,140.0,-0.029262706637382507,0.00040813107625581324,10.0,0.9988395571708679,0.9988395571708679,0.9988395571708679,0.0008205429767258465,0.0,0.23500676453113556,282000.0,-0.007943861186504364,-0.0059858267195522785,4.017353205654217e-08,0.3356185853481293,-0.008177489042282104,4.328425407409668,0.8152494430541992,-0.019223809242248535,27.826026916503906,213.48666381835938,0.9819622039794922,0.3800344467163086,1.3620059490203857,1468.423095703125,0.8318275809288025,0.06884238123893738,3.222543239593506,0.028904350474476814,0.08146851509809494,1.0,2.5486698150634766,0.028088519349694252,-56792.08203125,0.028904350474476814,-0.004212902393192053,0.021755173802375793,0.0,0.9588123559951782,0.0
20.081619262695312,60.849998474121094,79.72000122070312,141.0,-0.04941563308238983,0.00039282534271478653,10.0,1.0001131296157837,1.0001131296157837,1.0001131296157837,8.010717283468693e-05,0.0,0.23031310737133026,284000.0,-0.009967811405658722,-0.002023950219154358,-2.55107881486083e-08,0.3299979567527771,-0.005620628595352173,4.286673545837402,0.524407148361206,-0.29084229469299316,28.106565475463867,214.8558349609375,0.9811527729034424,0.380023717880249,1.3611860275268555,1469.3076171875,0.6966941952705383,0.054991960525512695,3.9566924571990967,0.041204579174518585,0.06352091580629349,1.0,1.7091052532196045,0.038461215794086456,-105795.4921875,0.041204579174518585,-0.005772942677140236,0.012148164212703705,0.0,1.2830970287322998,0.0
19.84250259399414,61.34000015258789,79.51000213623047,142.0,-0.06896067410707474,0.0003881599986925721,10.0,0.9997455477714539,0.9997455477714539,0.9997455477714539,0.00017996705719269812,0.0,0.2258567065000534,286000.0,-0.009032391011714935,0.0009354203939437866,-2.574920721087892e-08,0.3229409456253052,-0.007057011127471924,4.2164177894592285,0.6012546420097351,0.07684749364852905,28.203327178955078,216.23764038085938,0.9831485748291016,0.390974760055542,1.3741328716278076,1455.4638671875,0.6134751439094543,0.05020838975906372,4.442645072937012,0.0531417652964592,0.11232167482376099,1.0,2.9953818321228027,0.05134337767958641,-58020.26171875,0.0531417652964592,-0.00639788992702961,0.022760920226573944,0.0,0.9373893141746521,0.0
19.5551700592041,61.33000183105469,79.05999755859375,143.0,-0.08609452843666077,0.00026900501688942313,10.0,0.9953465461730957,0.9953465461730957,0.9953465461730957,0.002732109045609832,0.0,0.22201420366764069,288000.0,-0.01552794873714447,-0.006495557725429535,1.8596649553614952e-08,0.3197474181652069,-0.0031935274600982666,4.183363437652588,0.5259280204772949,-0.07532662153244019,28.473569869995117,217.614501953125,0.9875345230102539,0.38136720657348633,1.3689112663269043,1461.015869140625,0.5449314713478088,0.04326564446091652,4.584939479827881,0.0673513263463974,0.09113164246082306,2.0,1.4783812761306763,0.045483462512493134,-97678.0390625,0.0673513263463974,-0.017189770936965942,0.01351243071258068,0.0,1.216600775718689,0.0
19.2957763671875,61.63999938964844,78.7699966430664,144.0,-0.09840162843465805,0.00035933408071286976,10.0,1.000789999961853,1.000789999961853,1.000789999961853,0.0005585300386883318,0.0,0.2192997932434082,290000.0,-0.005517212208360434,0.010010736528784037,-3.862380992813996e-08,0.3121180832386017,-0.007629334926605225,3.998137950897217,0.4729854464530945,-0.05294257402420044,28.32378578186035,218.98529052734375,0.9869351387023926,0.37566304206848145,1.3626072406768799,1467.77490234375,0.662738025188446,0.04504093527793884,4.02288818359375,0.04553507640957832,0.06836847215890884,1.0,1.8020188808441162,0.04447561874985695,-183143.75,0.04553507640957832,-0.0027867706958204508,0.007330239750444889,0.0,1.6517930030822754,0.0
19.146160125732422,62.20000076293945,78.77999877929688,145.0,-0.11132904887199402,0.00035533332265913486,10.0,1.0000566244125366,1.0000566244125366,1.0000566244125366,4.0067625377560034e-05,0.0,0.21648119390010834,292000.0,-0.00747466366738081,-0.001957451459020376,-1.0728836485895954e-08,0.3066435754299164,-0.005474507808685303,4.131069183349609,0.48770013451576233,0.014714688062667847,28.74533462524414,220.38473510742188,0.9911859035491943,0.40030670166015625,1.3915014266967773,1437.296875,0.672330915927887,0.04937070980668068,3.984527111053467,0.044244952499866486,0.11119774729013443,1.0,1.8111917972564697,0.04255369305610657,-141690.921875,0.044244952499866486,-0.004064216744154692,0.009766599163413048,0.0,1.431011438369751,0.0
18.969070434570312,62.630001068115234,78.66999816894531,146.0,-0.12388896942138672,0.0003078336303588003,10.0,0.9991393089294434,0.9991393089294434,0.9991393089294434,0.0006086005014367402,0.0,0.2137797325849533,294000.0,-0.005940962582826614,0.0015337010845541954,6.103515914901436e-08,0.30185168981552124,-0.004791885614395142,4.013408660888672,0.45644527673721313,-0.031254857778549194,28.81741714477539,221.75875854492188,0.9924285411834717,0.37343835830688477,1.3658766746520996,1464.2615966796875,0.6686090230941772,0.05091209337115288,4.703869342803955,0.04473891481757164,0.07128383964300156,1.0,2.217700719833374,0.04421300068497658,-111346.0234375,0.04473891481757164,-0.0025861570611596107,0.012717252597212791,0.0,1.2540595531463623,0.0
18.809545516967773,63.09000015258789,78.47000122070312,147.0,-0.13109083473682404,0.0003939743328373879,10.0,0.996178150177002,0.996178150177002,0.996178150177002,0.0027024559676647186,0.0,0.21224220097064972,296000.0,-0.01028260588645935,-0.004341643303632736,2.5272369086337676e-08,0.2959987223148346,-0.0058529675006866455,3.968959331512451,0.4052700102329254,-0.05117526650428772,29.058917999267578,223.11891174316406,0.9792449474334717,0.37291598320007324,1.3521699905395508,1479.1044921875,0.6610679626464844,0.04702970013022423,4.975377559661865,0.04576544463634491,0.0541849359869957,1.0,0.9502747058868408,0.041167471557855606,-208377.34375,0.04576544463634491,-0.005658078473061323,0.006962589919567108,0.0,1.6948422193527222,0.0
18.730783462524414,63.41999816894531,78.37000274658203,148.0,-0.13378824293613434,0.0002844657574314624,10.0,1.001731514930725,1.001731514930725,1.001731514930725,0.0012243378441780806,0.0,0.21167008578777313,298000.0,-0.007454358972609043,0.0028282469138503075,3.933906533859499e-09,0.29123109579086304,-0.004767626523971558,3.941791534423828,0.39968013763427734,-0.005589872598648071,29.165203094482422,224.52227783203125,0.9808335304260254,0.4146435260772705,1.3954854011535645,1433.193359375,0.6911265850067139,0.06736984848976135,4.005100250244141,0.04187112674117088,0.05794081464409828,1.0,1.1955845355987549,0.03954851254820824,-236974.9375,0.04187112674117088,-0.0038035977631807327,0.00622890330851078,0.0,1.7918797731399536,0.0
18.507408142089844,63.5,77.97000122070312,149.0,-0.12031051516532898,0.0003617921902332455,10.0,0.9980812668800354,0.9980812668800354,0.9980812668800354,0.0013567351270467043,0.0,0.21455280482769012,300000.0,-0.00011553277727216482,0.007338826195336878,-4.6730040281772744e-08,0.2855622172355652,-0.0056688785552978516,3.945855140686035,0.3773439824581146,-0.02233615517616272,29.369726181030273,225.8865509033203,0.9809634685516357,0.375246524810791,1.3562188148498535,1474.6885986328125,0.7294643521308899,0.049260951578617096,3.824129819869995,0.03758561611175537,0.08328219503164291,1.0,0.6584564447402954,0.03709983825683594,-519670.0,0.03758561611175537,0.0011771069839596748,0.0028522806242108345,0.0,2.648000717163086,0.0
18.320430755615234,63.54999923706055,77.72000122070312,150.0,-0.10958687216043472,0.0003791341732721776,10.0,1.00188148021698,1.00188148021698,1.00188148021698,0.0013304074527695775,0.0,0.2168559432029724,302000.0,-0.007479284889996052,-0.007363752112723887,-5.984306028494757e-08,0.2798546850681305,-0.005707532167434692,3.802110433578491,0.4393094480037689,0.0619654655456543,29.29784393310547,227.24842834472656,0.9785089492797852,0.3754758834838867,1.353994369506836,1477.111572265625,0.6814483404159546,0.04239027574658394,4.289821624755859,0.04306891933083534,0.054456956684589386,1.0,1.8023459911346436,0.04180868715047836,-114821.5390625,0.04306891933083534,-0.0040386635810136795,0.012942701578140259,0.0,1.2430893182754517,0.0
18.177942276000977,63.709999084472656,77.58999633789062,151.0,-0.10426840931177139,0.00037710240576416254,10.0,1.0042304992675781,1.0042304992675781,1.0042304992675781,0.0029913585167378187,0.0,0.21801228821277618,304000.0,-0.01044875755906105,-0.0029694726690649986,4.0292739811320644e-08,0.2743998169898987,-0.0054548680782318115,3.817770481109619,0.4287542700767517,-0.010555177927017212,29.421297073364258,228.63287353515625,0.9818408489227295,0.3949611186981201,1.3768107891082764,1452.6329345703125,0.718805730342865,0.03871138021349907,3.434983730316162,0.03870854154229164,0.07414484024047852,1.0,2.028743028640747,0.03468529134988785,-133036.765625,0.03870854154229164,-0.006731715053319931,0.011263521388173103,0.0,1.3325321674346924,0.0
18.001243591308594,63.91999816894531,77.47000122070312,152.0,-0.08838187903165817,0.0003173209843225777,10.0,1.0003894567489624,1.0003894567489624,1.0003894567489624,0.00027541560120880604,0.0,0.2215137928724289,306000.0,-0.0032264040783047676,0.007222353480756283,1.692771967043427e-08,0.27037525177001953,-0.00402456521987915,3.8175785541534424,0.32681804895401,-0.1019362211227417,29.556987762451172,230.02914428710938,0.9913394451141357,0.39661407470703125,1.387962818145752,1440.9613037109375,0.7139185667037964,0.0540633462369442,3.381181240081787,0.039240315556526184,0.07072963565587997,1.0,1.1172066926956177,0.03905625641345978,-465920.90625,0.039240315556526184,-0.0007735590916126966,0.003251112997531891,0.0,2.4802663326263428,0.0
17.756059646606445,63.91999816894531,77.08000183105469,153.0,-0.0812329426407814,0.00035983617999590933,10.0,1.00296151638031,1.00296151638031,1.00296151638031,0.002094023860991001,0.0,0.22309190034866333,308000.0,-0.007881405763328075,-0.004655001685023308,4.529952857268427e-09,0.2654576599597931,-0.00491759181022644,3.6781411170959473,0.3890763223171234,0.0622582733631134,29.229476928710938,231.4028778076172,0.989609956741333,0.3751640319824219,1.3647823333740234,1465.4356689453125,0.509781539440155,0.07613836973905563,5.225165367126465,0.07695941627025604,0.15976649522781372,1.0,0.8773829340934753,0.07486718893051147,-247590.25,0.07695941627025604,-0.003577752970159054,0.006118026562035084,0.0,1.8080438375473022,0.0
17.575664520263672,64.0199966430664,76.93000030517578,154.0,-0.08852843195199966,0.0003812873037531972,10.0,0.9992048144340515,0.9992048144340515,0.9992048144340515,0.0005622108583338559,0.0,0.22147326171398163,310000.0,-0.005240743979811668,0.002640661783516407,-7.867813067718998e-09,0.2610064446926117,-0.0044512152671813965,3.67484450340271,0.3523900508880615,-0.03668627142906189,29.276020050048828,232.8064727783203,0.9866077899932861,0.40876007080078125,1.3953766822814941,1433.30517578125,0.697158932685852,0.055937573313713074,4.0839948654174805,0.04114966094493866,0.07760617882013321,1.0,0.6183071136474609,0.0397074930369854,-299721.75,0.04114966094493866,-0.002706675324589014,0.005079902242869139,0.0,1.9842066764831543,0.0
17.42098045349121,64.12000274658203,76.87000274658203,155.0,-0.09974619746208191,0.0003474286349955946,10.0,0.9985413551330566,0.9985413551330566,0.9985413551330566,0.001031389576382935,0.0,0.2190028876066208,312000.0,-0.007019261829555035,-0.0017785178497433662,0.0,0.25707677006721497,-0.0039296746253967285,3.7298033237457275,0.3390558362007141,-0.013334214687347412,29.50912857055664,234.22547912597656,1.0157411098480225,0.39461779594421387,1.4103679656982422,1418.070068359375,0.6067713499069214,0.06828684359788895,4.610741138458252,0.054322499781847,0.09441705793142319,1.0,0.653908908367157,0.05177828669548035,-409270.8125,0.054322499781847,-0.0030843967106193304,0.003739261068403721,0.0,2.312711715698242,0.0
17.261550903320312,64.12999725341797,76.5999984741211,156.0,-0.09634029865264893,0.0003411325451452285,10.0,1.0002199411392212,1.0002199411392212,1.0002199411392212,0.00015560620522592217,0.0,0.21974974870681763,314000.0,-0.0036521859001368284,0.003367075929418206,1.9550324026340604e-08,0.2531527876853943,-0.003923982381820679,3.705490827560425,0.2981110215187073,-0.040944814682006836,29.507369995117188,235.59873962402344,0.986973762512207,0.37758398056030273,1.3645665645599365,1465.6676025390625,0.6777401566505432,0.058665450662374496,3.926448106765747,0.04354150593280792,0.09443382918834686,1.0,0.5443879961967468,0.04330093413591385,-582492.9375,0.04354150593280792,-0.0007952202577143908,0.002628616988658905,0.0,2.758357286453247,0.0
17.115480422973633,64.1500015258789,76.36000061035156,157.0,-0.08943208307027817,0.0003502170729916543,10.0,0.9991555213928223,0.9991555213928223,0.9991555213928223,0.0005971927312202752,0.0,0.2212708443403244,316000.0,0.00011353183072060347,0.003765717730857432,3.0994415922691587e-09,0.2485225647687912,-0.004630222916603088,3.674410104751587,0.3177042603492737,0.019593238830566406,29.5396671295166,236.98406982421875,0.9999544620513916,0.37684106826782227,1.3768057823181152,1452.63818359375,0.6993131637573242,0.06249888986349106,4.116488456726074,0.04089652746915817,0.07153448462486267,1.0,0.5424777269363403,0.040713950991630554,-405604.1875,0.04089652746915817,0.0008306240197271109,0.0037788525223731995,0.0,2.300564765930176,0.0
17.014345169067383,64.3499984741211,76.45999908447266,158.0,-0.08587407320737839,0.0003951778926420957,10.0,0.9983482956886292,0.9983482956886292,0.9983482956886292,0.0011680015595629811,0.0,0.22205911576747894,318000.0,-0.014121072366833687,-0.01423460419755429,-3.433227391269611e-08,0.24414339661598206,-0.004379168152809143,3.642305374145508,0.327523410320282,0.0098191499710083,29.545604705810547,238.35813903808594,0.9907329082489014,0.3753175735473633,1.3660593032836914,1464.0657958984375,0.6326368451118469,0.04074373468756676,5.419644832611084,0.0499713271856308,0.04413285851478577,1.0,0.9118651747703552,0.037766147404909134,-261639.4375,0.0499713271856308,-0.008498948067426682,0.005918143317103386,0.0,1.8383233547210693,0.0
16.847394943237305,64.5,76.37999725341797,159.0,-0.09028959274291992,0.00040967189124785364,10.0,0.997506320476532,0.997506320476532,0.997506320476532,0.0017632836243137717,0.0,0.2210821509361267,320000.0,-0.011132339015603065,0.0029887333512306213,-7.1525572131747595e-09,0.2388799637556076,-0.005263432860374451,3.5807645320892334,0.2949049174785614,-0.03261849284172058,29.514667510986328,239.75515747070312,0.9877872467041016,0.401414155960083,1.3892102241516113,1439.6673583984375,0.49671825766563416,0.06843911111354828,5.509837627410889,0.08106058090925217,0.11148622632026672,1.0,0.6410704851150513,0.0739690437912941,-774500.8125,0.08106058090925217,-0.0037796914111822844,0.002014513360336423,0.0,3.150857925415039,0.0
16.722261428833008,64.58000183105469,76.30999755859375,160.0,-0.09675395488739014,0.0004060430219396949,10.0,0.9988980293273926,0.9988980293273926,0.9988980293273926,0.0007792108808644116,0.0,0.2196568101644516,322000.0,-0.00743336696177721,0.0036989720538258553,-1.0490417423625331e-08,0.23517528176307678,-0.0037046819925308228,3.6153383255004883,0.3001073896884918,0.00520247220993042,29.747314453125,241.15692138671875,0.9950673580169678,0.3988790512084961,1.3939542770385742,1434.767578125,0.5900024771690369,0.053001098334789276,4.945855140686035,0.05745425820350647,0.0868956670165062,1.0,0.8312131762504578,0.054482944309711456,-428677.375,0.05745425820350647,-0.003295223694294691,0.00365443155169487,0.0,2.339400053024292,0.0
16.628633499145508,64.41999816894531,76.08000183105469,161.0,-0.11111843585968018,0.0004151810135226697,10.0,0.9990137219429016,0.9990137219429016,0.9990137219429016,0.0006973898271098733,0.0,0.21653176844120026,324000.0,-0.006282731890678406,0.0011506350710988045,1.907348590179936e-08,0.23195579648017883,-0.0032194852828979492,3.5473086833953857,0.2693728506565094,-0.030734539031982422,29.728199005126953,242.53114318847656,0.9917285442352295,0.37465500831604004,1.3663935661315918,1463.7076416015625,0.5580065846443176,0.06027793139219284,5.05645227432251,0.0642319768667221,0.07332132011651993,1.0,0.6583939790725708,0.06230594590306282,-1032396.6875,0.0642319768667221,-0.001702648587524891,0.0015051636146381497,0.0,3.645202875137329,0.0
16.529462814331055,64.19999694824219,75.66000366210938,162.0,-0.1256570816040039,0.000266790360910818,10.0,0.9984332323074341,0.9984332323074341,0.9984332323074341,0.000916152901481837,0.0,0.2134007215499878,326000.0,0.0010178079828619957,0.0073005398735404015,-3.039836826701503e-08,0.22739553451538086,-0.004560261964797974,3.5593104362487793,0.2644408643245697,-0.004931986331939697,29.958803176879883,243.91676330566406,0.9872910976409912,0.39033079147338867,1.3776299953460693,1451.7691650390625,0.6065462231636047,0.03199310228228569,5.271817684173584,0.054362837225198746,0.0626964196562767,2.0,0.791595458984375,0.05407269671559334,-439743.9375,0.054362837225198746,0.0010069061536341906,0.003494386561214924,0.0,2.3923730850219727,0.0
16.370641708374023,63.79999923706055,74.9800033569336,163.0,-0.13926272094249725,0.0004073550517205149,10.0,0.9997132420539856,0.9997132420539856,0.9997132420539856,0.000202754425117746,0.0,0.2105216234922409,328000.0,-0.006989659275859594,-0.00800746725872159,-3.0040741449965935e-08,0.22281047701835632,-0.004585057497024536,3.4608938694000244,0.25497913360595703,-0.009461730718612671,29.557485580444336,245.29042053222656,0.9887802600860596,0.37678003311157227,1.3655688762664795,1464.591552734375,0.64118891954422,0.053093958646059036,4.637919902801514,0.0486472025513649,0.07733339816331863,1.0,1.1108319759368896,0.045842431485652924,-598305.8125,0.0486472025513649,-0.002656555036082864,0.002516161184757948,0.0,2.8193235397338867,0.0
16.234867095947266,63.349998474121094,74.33999633789062,164.0,-0.14109599590301514,0.0003851592482533306,10.0,1.0028367042541504,1.0028367042541504,1.0028367042541504,0.00200585275888443,0.0,0.21012966334819794,330000.0,-0.0061791082844138145,0.0008105509914457798,1.76429750808893e-08,0.2200310230255127,-0.002779453992843628,3.5540778636932373,0.25038591027259827,-0.004593223333358765,29.59453773498535,246.66273498535156,0.9855692386627197,0.37865686416625977,1.3642354011535645,1466.02294921875,0.5329353213310242,0.04621683806180954,5.491311550140381,0.07041755318641663,0.10930405557155609,1.0,1.0191231966018677,0.06881235539913177,-499648.25,0.07041755318641663,-0.002173686632886529,0.00294350553303957,0.0,2.606644630432129,0.0
16.060455322265625,62.97999954223633,73.80000305175781,165.0,-0.13939879834651947,0.0004046247631777078,10.0,0.9994816184043884,0.9994816184043884,0.9994816184043884,0.00036656518932431936,0.0,0.21048575639724731,332000.0,-0.004416351206600666,0.0017627570778131485,2.169609025770569e-08,0.21446259319782257,-0.0055684298276901245,3.49277925491333,0.2635480463504791,0.01316213607788086,29.40904998779297,248.03909301757812,0.9900364875793457,0.37850475311279297,1.3685503005981445,1461.4012451171875,0.6631847620010376,0.032150596380233765,4.131259441375732,0.04547375440597534,0.08745993673801422,1.0,1.175181269645691,0.0446506142616272,-479376.28125,0.04547375440597534,-0.001573813147842884,0.0030090673826634884,0.0,2.5780913829803467,0.0
15.883825302124023,62.40999984741211,73.18000030517578,166.0,-0.1417694091796875,0.00041308102663606405,10.0,1.0001554489135742,1.0001554489135742,1.0001554489135742,0.00010991898307111114,0.0,0.20998764038085938,334000.0,-0.008225450292229652,-0.0038090990856289864,-7.295608384083607e-08,0.21018359065055847,-0.004279002547264099,3.486727237701416,0.25157493352890015,-0.01197311282157898,29.287158966064453,249.47512817382812,0.9918766021728516,0.43636465072631836,1.4282505512237549,1400.315185546875,0.7156192064285278,0.025579849258065224,4.305597305297852,0.039054036140441895,0.05368735268712044,1.0,1.348433256149292,0.03527884930372238,-505957.25,0.039054036140441895,-0.003231469076126814,0.002766049699857831,0.0,2.6889591217041016,0.0
15.700124740600586,61.70000076293945,72.22000122070312,167.0,-0.1400994509458542,0.00041079436778090894,10.0,0.9976111054420471,0.9976111054420471,0.9976111054420471,0.0016891895793378353,0.0,0.21033872663974762,336000.0,-0.006270989775657654,0.0019544605165719986,1.3470649484759178e-08,0.20907263457775116,-0.001110956072807312,3.4013781547546387,0.24495446681976318,-0.006620466709136963,28.742454528808594,250.87440490722656,0.9975368976593018,0.3937675952911377,1.3913147449493408,1437.48974609375,0.4947393238544464,0.0391860157251358,6.992450714111328,0.0817103460431099,0.06917310506105423,1.0,0.9679642915725708,0.07981065660715103,-446726.90625,0.0817103460431099,-0.0023932396434247494,0.003015008522197604,0.0,2.575550079345703,0.0
15.573349952697754,61.34000015258789,71.83999633789062,168.0,-0.15197551250457764,0.00026652062661014497,10.0,0.9972906112670898,0.9972906112670898,0.9972906112670898,0.0015915415715426207,0.0,0.2078614979982376,338000.0,-0.010497171431779861,-0.004226181656122208,-2.241134566816072e-08,0.20498211681842804,-0.00409051775932312,3.4514122009277344,0.23714783787727356,-0.007806628942489624,28.826108932495117,252.2955322265625,0.9962582588195801,0.4169597625732422,1.4132280349731445,1415.200439453125,0.5547850131988525,0.032027289271354675,6.279168128967285,0.06498011946678162,0.0739143118262291,2.0,1.269734263420105,0.05346057936549187,-427175.8125,0.06498011946678162,-0.005967592354863882,0.003091446589678526,0.0,2.5435097217559814,0.0
15.43204116821289,60.84000015258789,71.33000183105469,169.0,-0.15617705881595612,0.00040870977682061493,10.0,1.0001276731491089,1.0001276731491089,1.0001276731491089,9.025046165334061e-05,0.0,0.20698370039463043,340000.0,-0.0038811012636870146,0.006616070168092847,2.646446262133395e-08,0.20101895928382874,-0.003963157534599304,3.484034538269043,0.23048973083496094,-0.006658107042312622,28.668834686279297,253.6963348388672,1.0153298377990723,0.3754606246948242,1.3907990455627441,1438.022705078125,0.8579272627830505,0.04279927909374237,3.733879804611206,0.027172457426786423,0.06388569623231888,1.0,1.0889643430709839,0.02670762687921524,-491393.1875,0.027172457426786423,-0.0011023016413673759,0.0026139975525438786,0.0,2.7660598754882812,0.0
15.309416770935059,60.5099983215332,70.87000274658203,170.0,-0.15277907252311707,0.00039991739322431386,10.0,0.9974374771118164,0.9974374771118164,0.9974374771118164,0.0018119772430509329,0.0,0.20768897235393524,342000.0,-0.012777956202626228,-0.008896854938939214,-3.2305717212466334e-08,0.19724106788635254,-0.0037778913974761963,3.4310903549194336,0.24415715038776398,0.01366741955280304,28.686918258666992,255.12631225585938,1.0439457893371582,0.37839317321777344,1.4223477840423584,1406.1265869140625,0.5383703112602234,0.03349592536687851,5.770854949951172,0.06900297105312347,0.11426828801631927,1.0,1.4595770835876465,0.056765466928482056,-349560.71875,0.06900297105312347,-0.006644093431532383,0.003607260063290596,0.0,2.3546462059020996,0.0
15.173410415649414,59.93000030517578,70.22000122070312,171.0,-0.1548745483160019,0.0004033931763842702,10.0,1.001242756843567,1.001242756843567,1.001242756843567,0.0008787898696027696,0.0,0.20725427567958832,344000.0,0.00040002819150686264,0.013177984394133091,2.0503998499066256e-08,0.1937800943851471,-0.0034609735012054443,3.3102989196777344,0.23177841305732727,-0.012378737330436707,28.030109405517578,256.5190124511719,1.0077905654907227,0.37708067893981934,1.3848803043365479,1444.1685791015625,0.6729428768157959,0.036170557141304016,4.250096321105957,0.044164516031742096,0.08508545905351639,1.0,0.814184844493866,0.04382169619202614,-599011.375,0.044164516031742096,0.0008356294711120427,0.0020368543919175863,0.0,3.133530616760254,0.0
15.040857315063477,59.40999984741211,69.58999633789062,172.0,-0.160361647605896,0.0004129818407818675,10.0,1.001177430152893,1.001177430152893,1.001177430152893,0.0008325969101861119,0.0,0.20611989498138428,346000.0,-0.004300637170672417,-0.004700665362179279,1.3351440841802287e-08,0.19038978219032288,-0.0033903121948242188,3.3605780601501465,0.22446954250335693,-0.007308870553970337,28.019386291503906,257.93975830078125,1.0041804313659668,0.4086878299713135,1.4128777980804443,1415.55126953125,0.6445648670196533,0.026221735402941704,5.313215255737305,0.048138946294784546,0.07156068086624146,1.0,1.2074123620986938,0.0475388765335083,-461619.09375,0.048138946294784546,-0.0012406350579112768,0.002564979251474142,0.0,2.792365074157715,0.0
14.873373031616211,58.689998626708984,68.62999725341797,173.0,-0.157221719622612,0.0003899945004377514,10.0,1.0029798746109009,1.0029798746109009,1.0029798746109009,0.0021071736700832844,0.0,0.20676873624324799,348000.0,0.0013313052477315068,0.0056319424184039235,1.6570091077028337e-08,0.18720625340938568,-0.003183528780937195,3.318171501159668,0.22505506873130798,0.0005855262279510498,27.81002426147461,259.3553771972656,1.0288026332855225,0.37801194190979004,1.4068236351013184,1421.642822265625,0.5301474332809448,0.030076811090111732,4.7915215492248535,0.07116010785102844,0.10708793997764587,1.0,1.2809464931488037,0.07032474875450134,-440928.09375,0.07116010785102844,0.0014664051122963428,0.0025741420686244965,0.0,2.787390947341919,0.0
14.709107398986816,58.459999084472656,68.3499984741211,174.0,-0.1547601968050003,0.0004007223469670862,10.0,1.000050663948059,1.000050663948059,1.000050663948059,3.585294325603172e-05,0.0,0.2072771042585373,350000.0,0.0030808723531663418,0.001749567105434835,-3.385543934086854e-08,0.18332315981388092,-0.0038830935955047607,3.3082289695739746,0.22154000401496887,-0.0035150647163391113,27.77617835998535,260.75933837890625,1.019932746887207,0.37600278854370117,1.395944356918335,1432.72265625,0.7467454671859741,0.04878225922584534,4.440264701843262,0.0358661450445652,0.04638976603746414,1.0,1.0664136409759521,0.03379543870687485,-452682.0625,0.0358661450445652,0.002263020258396864,0.0024731860030442476,0.0,2.84371280670166,0.0
14.525081634521484,58.150001525878906,68.01000213623047,175.0,-0.15025997161865234,0.0004044498491566628,10.0,0.9978578686714172,0.9978578686714172,0.9978578686714172,0.0015147016383707523,0.0,0.20821304619312286,352000.0,-0.004997716285288334,-0.008078588638454676,-6.1988831845383174e-09,0.1807345300912857,-0.002588629722595215,3.338759183883667,0.22349786758422852,0.0019578635692596436,27.77617645263672,262.1484680175781,1.0058445930480957,0.37540125846862793,1.3812546730041504,1447.9595947265625,0.6633971333503723,0.031064625829458237,5.106157302856445,0.04544464126229286,0.10662581771612167,1.0,1.0928524732589722,0.04431110620498657,-379016.3125,0.04544464126229286,-0.0018128928495571017,0.002899396698921919,0.0,2.6263973712921143,0.0
14.336848258972168,57.65999984741211,67.37000274658203,176.0,-0.14614832401275635,0.0004124748520553112,10.0,1.0006736516952515,1.0006736516952515,1.0006736516952515,0.0004762593889608979,0.0,0.20907004177570343,354000.0,-0.0006496337009593844,0.0043480825843289495,2.38418573772492e-09,0.17737480998039246,-0.0033597201108932495,3.234072685241699,0.21688909828662872,-0.0066087692975997925,27.215293884277344,263.57269287109375,1.040212631225586,0.3763728141784668,1.4165940284729004,1411.8375244140625,0.8147286176681519,0.04460090398788452,3.869560956954956,0.030130330473184586,0.05853370949625969,1.0,1.0363821983337402,0.03006460703909397,-647304.4375,0.030130330473184586,0.0003290971217211336,0.00164786318782717,0.0,3.4837989807128906,0.0
14.186988830566406,57.209999084472656,66.94000244140625,177.0,-0.1491355150938034,0.00041321502067148685,10.0,1.0013866424560547,1.0013866424560547,1.0013866424560547,0.0009804480941966176,0.0,0.20844705402851105,356000.0,-0.006122041027992964,-0.005472407327033579,9.298324776807476e-09,0.17527510225772858,-0.0020997077226638794,3.28464674949646,0.21576336026191711,-0.0011257380247116089,27.236942291259766,264.960693359375,1.0051956176757812,0.3748297691345215,1.3800406455993652,1449.233154296875,0.725098729133606,0.04038161784410477,4.553166389465332,0.038039568811655045,0.06622760742902756,1.0,1.1339010000228882,0.03640735521912575,-401246.1875,0.038039568811655045,-0.002054347423836589,0.002585644368082285,0.0,2.781184196472168,0.0
14.039758682250977,56.79999923706055,66.30999755859375,178.0,-0.14384955167770386,0.0002672939153853804,10.0,0.995288610458374,0.995288610458374,0.995288610458374,0.00277144112624228,0.0,0.20955292880535126,358000.0,-0.0021970863454043865,0.003924954682588577,1.8835068615885575e-08,0.17272496223449707,-0.0025501400232315063,3.2738113403320312,0.2087111473083496,-0.007052212953567505,27.15683937072754,266.38531494140625,1.0331122875213623,0.3837296962738037,1.4168503284454346,1411.5821533203125,0.5080581903457642,0.036753859370946884,5.62626314163208,0.07748240232467651,0.10118908435106277,2.0,0.5128164291381836,0.07557297497987747,-474374.125,0.07748240232467651,-0.002017519436776638,0.0021317247301340103,0.0,3.0630099773406982,0.0
13.890295028686523,56.439998626708984,65.95999908447266,179.0,-0.1432449370622635,0.0004103515238966793,10.0,0.9987522959709167,0.9987522959709167,0.9987522959709167,0.000882274005562067,0.0,0.2096778005361557,360000.0,0.0022870837710797787,0.004484170116484165,1.4305114870438729e-09,0.16937781870365143,-0.003347143530845642,3.245650291442871,0.20776483416557312,-0.0009463131427764893,27.033443450927734,267.7927551269531,1.0186467170715332,0.38103199005126953,1.3996872901916504,1428.890869140625,0.6809804439544678,0.032504767179489136,4.4091925621032715,0.0431281253695488,0.066505566239357,1.0,0.5683082342147827,0.0418710820376873,-637743.3125,0.0431281253695488,0.0013958369381725788,0.0015499450964853168,0.0,3.592158079147339,0.0
13.72398567199707,56.209999084472656,65.72000122070312,180.0,-0.14111018180847168,0.00038613041397184134,10.0,1.0005286931991577,1.0005286931991577,1.0005286931991577,0.000373758259229362,0.0,0.21012620627880096,362000.0,-0.003027747618034482,-0.005314831389114261,-1.0013580187262505e-08,0.16756878793239594,-0.0018090307712554932,3.2522664070129395,0.20490531623363495,-0.0028595179319381714,26.853548049926758,269.1981201171875,1.0043060779571533,0.39299821853637695,1.3973126411437988,1431.3193359375,0.6488146185874939,0.04330067336559296,5.559468746185303,0.04751039296388626,0.06414896249771118,1.0,0.8291833400726318,0.047244615852832794,-497289.53125,0.04751039296388626,-0.0007215177174657583,0.0019587362185120583,0.0,3.1954050064086914,0.0
13.594450950622559,55.900001525878906,65.5199966430664,181.0,-0.14679977297782898,0.00026838676421903074,10.0,1.0015430450439453,1.0015430450439453,1.0015430450439453,0.0009045384940691292,0.0,0.20893549919128418,364000.0,-0.0017758745234459639,0.0012518730945885181,9.059905714536853e-09,0.16436834633350372,-0.003200441598892212,3.215071439743042,0.20081178843975067,-0.004093527793884277,26.87368392944336,270.6205139160156,1.0248839855194092,0.3896453380584717,1.4145379066467285,1413.8897705078125,0.9693096280097961,0.03586690500378609,2.7560739517211914,0.021286524832248688,0.06177453324198723,2.0,0.9516834020614624,0.021239420399069786,-463958.84375,0.021286524832248688,-0.0003113521379418671,0.002057952806353569,0.0,3.117426633834839,0.0
13.408683776855469,55.58000183105469,65.25,182.0,-0.1426452398300171,0.0003916278656106442,10.0,0.997910737991333,0.997910737991333,0.997910737991333,0.0014773312723264098,0.0,0.20980529487133026,366000.0,0.0035457885824143887,0.0053216631058603525,-1.6212464259979242e-08,0.1644441783428192,7.583200931549072e-05,3.135758876800537,0.2034572809934616,0.0026454925537109375,26.509735107421875,272.01617431640625,1.007969617843628,0.3801255226135254,1.3881056308746338,1440.813232421875,0.6217544674873352,0.037444159388542175,5.236867427825928,0.051735907793045044,0.06558255851268768,1.0,0.5175022482872009,0.050387658178806305,-685793.1875,0.051735907793045044,0.001355895772576332,0.0013635738287121058,0.0,3.829782247543335,0.0
13.240212440490723,55.11000061035156,64.68000030517578,183.0,-0.1451978236436844,0.0003978486929554492,10.0,1.002515196800232,1.002515196800232,1.002515196800232,0.0017784846713766456,0.0,0.20927022397518158,368000.0,0.00042616110295057297,-0.0031196274794638157,7.867813422990366e-08,0.15974751114845276,-0.004696667194366455,3.1750600337982178,0.19407767057418823,-0.009379610419273376,26.433937072753906,273.4336242675781,1.0265882015228271,0.3832821846008301,1.4098811149597168,1418.5595703125,0.854184627532959,0.04291745275259018,2.267707109451294,0.027411092072725296,0.07403154671192169,1.0,0.4073318839073181,0.027190454304218292,-912498.125,0.027411092072725296,0.00046820397255942225,0.0009935395792126656,0.0,4.486629962921143,0.0
13.049781799316406,54.77000045776367,64.26000213623047,184.0,-0.14124377071857452,0.0003811776405200362,10.0,0.997677743434906,0.997677743434906,0.997677743434906,0.0016420973697677255,0.0,0.21010009944438934,370000.0,-0.0034552467986941338,-0.0038814079016447067,-1.1444091896350983e-08,0.15750236809253693,-0.0022451430559158325,3.134218215942383,0.18838779628276825,-0.005689874291419983,26.325862884521484,274.896728515625,1.0719778537750244,0.383162260055542,1.4551489353179932,1374.430419921875,0.5594451427459717,0.033992309123277664,5.935928821563721,0.06390206515789032,0.08837199956178665,1.0,0.5876342058181763,0.06295044720172882,-688419.125,0.06390206515789032,-0.0011068371823057532,0.0012873640516772866,0.0,3.941509962081909,0.0
12.887399673461914,54.529998779296875,63.95000076293945,185.0,-0.13013756275177002,0.00038694028626196086,10.0,1.001076579093933,1.001076579093933,1.001076579093933,0.0007612282643094659,0.0,0.2124473601579666,372000.0,0.004811402410268784,0.008266649208962917,-2.3841858265427618e-08,0.15513937175273895,-0.0023629963397979736,3.123180627822876,0.19715698063373566,0.008769184350967407,26.167856216430664,276.30841064453125,1.019864797592163,0.38381528854370117,1.4036891460418701,1424.8173828125,0.5821935534477234,0.05104759708046913,5.303454875946045,0.05900585278868675,0.10634449124336243,1.0,0.9224579930305481,0.055388446897268295,-503465.6875,0.05900585278868675,0.002503093332052231,0.0017320261104032397,0.0,3.3981027603149414,0.0
12.782794952392578,54.27000045776367,63.540000915527344,186.0,-0.12240365892648697,0.00038433808367699385,10.0,0.999880313873291,0.999880313873291,0.999880313873291,8.463086851406842e-05,0.0,0.2140943557024002,374000.0,0.004352514632046223,-0.0004588877782225609,-7.915496524901755e-08,0.15257497131824493,-0.0025644004344940186,3.0430216789245605,0.19206851720809937,-0.0050884634256362915,25.983694076538086,277.7261962890625,1.0362439155578613,0.3734464645385742,1.4096994400024414,1418.742431640625,0.8131955862045288,0.03326030448079109,2.2280564308166504,0.030244041234254837,0.10232163220643997,1.0,0.606892466545105,0.027870189398527145,-941124.6875,0.030244041234254837,0.0014700288884341717,0.0009103188058361411,0.0,4.687225341796875,0.0
12.587235450744629,53.95000076293945,63.029998779296875,187.0,-0.125019833445549,0.00038287093047983944,10.0,1.0001144409179688,1.0001144409179688,1.0001144409179688,8.092194912023842e-05,0.0,0.21353526413440704,376000.0,0.0024662665091454983,-0.0018862481229007244,9.536743617033494e-10,0.15121084451675415,-0.0013641268014907837,2.9819321632385254,0.19352030754089355,0.0014517903327941895,25.793445587158203,279.1712646484375,1.0196385383605957,0.41720151901245117,1.436849594116211,1391.934814453125,0.8284758925437927,0.04743558168411255,3.8607003688812256,0.02913869172334671,0.07802265137434006,1.0,0.7683486938476562,0.028102077543735504,-523710.6875,0.02913869172334671,0.0012879862915724516,0.0016003057826310396,0.0,3.5351850986480713,0.0
12.442373275756836,53.56999969482422,62.56999969482422,188.0,-0.12882399559020996,0.00038240663707256317,10.0,1.0025399923324585,1.0025399923324585,1.0025399923324585,0.0017960177501663566,0.0,0.2127235382795334,378000.0,-0.0008118507103063166,-0.003278117219451815,-3.266334402951543e-08,0.1480262577533722,-0.003184586763381958,2.990156650543213,0.186876118183136,-0.006644189357757568,25.799253463745117,280.705078125,1.047184705734253,0.47852635383605957,1.525724172592163,1310.853515625,0.7454119324684143,0.042864203453063965,4.982876300811768,0.03599458187818527,0.07605493068695068,1.0,0.6386350989341736,0.03598650544881821,-648998.25,0.03599458187818527,0.0001007942482829094,0.0012576895533129573,0.0,3.9877371788024902,0.0
12.273398399353027,53.189998626708984,62.25,189.0,-0.12264319509267807,0.00037620277726091444,10.0,0.9985385537147522,0.9985385537147522,0.9985385537147522,0.0010333844693377614,0.0,0.21404486894607544,380000.0,0.0044363318011164665,0.005248182511422783,7.1525572131747595e-09,0.14760538935661316,-0.0004208683967590332,3.0067851543426514,0.18275144696235657,-0.004124671220779419,25.746675491333008,282.18994140625,1.092581033706665,0.37668752670288086,1.4692785739898682,1361.213134765625,0.574865996837616,0.031210849061608315,5.07708740234375,0.06051969528198242,0.14114822447299957,1.0,0.7895587682723999,0.05801630765199661,-831273.25,0.06051969528198242,0.001546988496556878,0.0009559645550325513,0.0,4.5739545822143555,0.0
12.115754127502441,52.900001525878906,62.0,190.0,-0.10929596424102783,0.00036238113534636796,10.0,1.0024141073226929,1.0024141073226929,1.0024141073226929,0.0017070035682991147,0.0,0.21692359447479248,382000.0,-0.0009976947912946343,-0.005434026592411101,-4.577636758540393e-08,0.14474642276763916,-0.002858966588973999,2.9494049549102783,0.1907680481672287,0.008016601204872131,25.624296188354492,283.615478515625,1.0381014347076416,0.3788743019104004,1.4169843196868896,1411.448974609375,0.731833279132843,0.04376005381345749,4.847467422485352,0.03734268248081207,0.07201194018125534,1.0,0.8191609382629395,0.03734110668301582,-538644.25,0.03734268248081207,4.772120155394077e-05,0.0014451183378696442,0.0,3.7201614379882812,0.0
11.969143867492676,52.5099983215332,61.439998626708984,191.0,-0.10947366803884506,0.00039932181243784726,10.0,1.0024652481079102,1.0024652481079102,1.0024652481079102,0.0017432498279958963,0.0,0.2168811708688736,384000.0,-0.0027815888170152903,-0.001783894025720656,2.1815299788841003e-08,0.14286896586418152,-0.0018774569034576416,2.855833053588867,0.17908863723278046,-0.011679410934448242,25.338878631591797,285.0122375488281,1.0064010620117188,0.38202643394470215,1.3884358406066895,1440.4703369140625,0.8778495788574219,0.033648714423179626,3.8330395221710205,0.025953121483325958,0.052754394710063934,1.0,0.7061768770217896,0.025588439777493477,-674578.0625,0.025953121483325958,-0.0006396342068910599,0.0011218764120712876,0.0,4.222217082977295,0.0
11.83444595336914,52.279998779296875,61.15999984741211,192.0,-0.11096656322479248,0.0003850278735626489,10.0,1.000575065612793,1.000575065612793,1.000575065612793,0.0004065765824634582,0.0,0.21655626595020294,386000.0,0.0029749213717877865,0.005756510188803077,-5.960464477539063e-08,0.14196649193763733,-0.0009024739265441895,2.8820998668670654,0.1833607703447342,0.004272133111953735,25.308822631835938,286.4120788574219,1.0061769485473633,0.3850085735321045,1.3911943435668945,1437.6141357421875,0.7411774396896362,0.04483848437666893,3.6444928646087646,0.036407046020030975,0.09803418815135956,1.0,0.7996355295181274,0.034495096653699875,-560998.0,0.036407046020030975,0.0015925816260278225,0.001326551428064704,0.0,3.8828561305999756,0.0
11.695744514465332,52.09000015258789,60.869998931884766,193.0,-0.103371262550354,0.0003969368990510702,10.0,1.0012904405593872,1.0012904405593872,1.0012904405593872,0.0009123949566856027,0.0,0.21821002662181854,388000.0,-0.0041191838681697845,-0.007094105239957571,4.816055465539648e-08,0.1394883245229721,-0.002478167414665222,2.8026835918426514,0.18007870018482208,-0.0032820701599121094,25.197763442993164,287.83013916015625,1.001587152481079,0.4086787700653076,1.4102749824523926,1418.1640625,0.9081826210021973,0.030801190063357353,3.2605783939361572,0.02424842119216919,0.0717245563864708,1.0,0.7356647253036499,0.02308671921491623,-638495.6875,0.02424842119216919,-0.0011555197415873408,0.0011493605561554432,0.0,4.1714301109313965,0.0
11.563133239746094,51.7599983215332,60.59000015258789,194.0,-0.10655292868614197,0.0004003307258244604,10.0,1.0019346475601196,1.0019346475601196,1.0019346475601196,0.0013679743278771639,0.0,0.21751658618450165,390000.0,0.002279908861964941,0.006399092730134726,-3.910064805268121e-08,0.13828830420970917,-0.0012000203132629395,2.850435733795166,0.17386852204799652,-0.0062101781368255615,25.177398681640625,289.2577819824219,1.0115628242492676,0.40853166580200195,1.4201035499572754,1408.3485107421875,0.6114187836647034,0.032274432480335236,6.2404584884643555,0.05349982529878616,0.06302569061517715,1.0,0.6291147470474243,0.05240204930305481,-705442.8125,0.05349982529878616,0.0010556308552622795,0.0010150936432182789,0.0,4.4387407302856445,0.0
11.41324234008789,51.56999969482422,60.40999984741211,195.0,-0.10940337181091309,0.0003916680288966745,10.0,0.9986319541931152,0.9986319541931152,0.9986319541931152,0.0009673544554971159,0.0,0.21689502894878387,392000.0,-0.0021939612925052643,-0.004473870154470205,3.468990428245888e-08,0.13704946637153625,-0.0012388378381729126,2.8149118423461914,0.1728706657886505,-0.0009978562593460083,24.98128318786621,290.6641845703125,1.000908613204956,0.3971128463745117,1.3980295658111572,1430.585205078125,0.8176685571670532,0.02705824375152588,3.3071913719177246,0.02991405501961708,0.07085604965686798,1.0,0.7841136455535889,0.02986939251422882,-577296.0625,0.02991405501961708,-0.00023370314738713205,0.0012228719424456358,0.0,4.044107913970947,0.0
11.300610542297363,51.29999923706055,60.220001220703125,196.0,-0.11385420709848404,0.00039125498733483255,10.0,0.9976897835731506,0.9976897835731506,0.9976897835731506,0.0016336399130523205,0.0,0.21593298017978668,394000.0,-0.0010344383772462606,0.0011595229152590036,-2.312660285497259e-08,0.1341620832681656,-0.0028873831033706665,2.8305766582489014,0.16893145442008972,-0.003939211368560791,25.000062942504883,292.0726013183594,1.022564172744751,0.3773155212402344,1.3998887538909912,1428.6854248046875,0.7814290523529053,0.03873942792415619,3.557363986968994,0.032752975821495056,0.07398424297571182,1.0,0.6476377844810486,0.03274834156036377,-741428.0625,0.032752975821495056,-6.576153100468218e-05,0.0009329058229923248,0.0,4.630136489868164,0.0
11.140655517578125,51.11000061035156,59.93000030517578,197.0,-0.11327648162841797,0.0003877030685544014,10.0,1.0016072988510132,1.0016072988510132,1.0016072988510132,0.0011365319369360805,0.0,0.21605701744556427,396000.0,0.00042277888860553503,0.0014572172658517957,5.29289252426679e-08,0.13208463788032532,-0.002077445387840271,2.7490127086639404,0.17255862057209015,0.0036271661520004272,24.786195755004883,293.47076416015625,1.0045349597930908,0.3850879669189453,1.389631986618042,1439.230712890625,0.6312609910964966,0.03958003595471382,3.3435065746307373,0.05018939822912216,0.09656763076782227,1.0,0.5783823132514954,0.05002621188759804,-938915.5,0.05018939822912216,0.00034422060707584023,0.000726074620615691,0.0,5.248332500457764,0.0
11.00384521484375,50.83000183105469,59.560001373291016,198.0,-0.10367846488952637,0.0004062024818267673,10.0,0.9993270039558411,0.9993270039558411,0.9993270039558411,0.00047580982209183276,0.0,0.21814386546611786,398000.0,0.007311980240046978,0.006889201351441443,-3.504753109950798e-08,0.1305023580789566,-0.0015822798013687134,2.71775484085083,0.1658293455839157,-0.0067292749881744385,24.74694061279297,294.9030456542969,1.032874584197998,0.3906726837158203,1.423555612564087,1404.93310546875,0.8500524163246155,0.04492352157831192,3.322889804840088,0.0276782363653183,0.08517134189605713,1.0,0.455152302980423,0.02339067868888378,-970887.0625,0.0276782363653183,0.0017165050376206636,0.0006871852092444897,0.0,5.394794940948486,0.0
10.836662292480469,50.560001373291016,59.18000030517578,199.0,-0.09778519719839096,0.0004126338753849268,10.0,1.0010093450546265,1.0010093450546265,1.0010093450546265,0.0007136304047890007,0.0,0.21942980587482452,400000.0,0.006702003069221973,-0.0006099771708250046,3.814697446813398e-09,0.1302558332681656,-0.0002465248107910156,2.6600029468536377,0.16612781584262848,0.00029847025871276855,24.623249053955078,296.3096618652344,1.019469976425171,0.3790397644042969,1.3985183238983154,1430.08544921875,0.636664092540741,0.0264607984572649,3.710066318511963,0.04934114217758179,0.09684216976165771,1.0,0.748834490776062,0.04471474885940552,-644358.9375,0.04934114217758179,0.002165799494832754,0.0010138871148228645,0.0,4.441380977630615,0.0
10.672686576843262,50.38999938964844,59.029998779296875,200.0,-0.0984409749507904,0.000404524733312428,10.0,0.9980465769767761,0.9980465769767761,0.9980465769767761,0.0013812927063554525,0.0,0.21928592026233673,402000.0,0.0064934794791042805,-0.00020852359011769295,4.339218051541138e-08,0.12870097160339355,-0.0015548616647720337,2.6281981468200684,0.16474804282188416,-0.0013797730207443237,24.503629684448242,297.72320556640625,1.025989294052124,0.37948155403137207,1.405480146408081,1423.001953125,0.7013986110687256,0.037123531103134155,3.3804070949554443,0.04065369814634323,0.0691683292388916,1.0,0.5317820310592651,0.03597082197666168,-583081.9375,0.04065369814634323,0.002275381237268448,0.00110558420419693,0.0,4.253212928771973,0.0
10.526442527770996,50.099998474121094,58.7599983215332,201.0,-0.08665641397237778,0.0003879844443872571,10.0,1.0005182027816772,1.0005182027816772,1.0005182027816772,0.00036634039133787155,0.0,0.22189398109912872,404000.0,-0.002104551997035742,-0.008598031476140022,-1.907348723406699e-09,0.12640777230262756,-0.002293199300765991,2.656912088394165,0.16160762310028076,-0.0031404197216033936,24.35364532470703,299.11639404296875,1.013385534286499,0.37209463119506836,1.385488748550415,1443.53466796875,0.8083584308624268,0.05659148842096329,3.490790605545044,0.030607081949710846,0.06773804128170013,1.0,0.3445492386817932,0.03048454038798809,-1193063.875,0.030607081949710846,-0.0002543796435929835,0.0005280505283735693,0.0,6.154221534729004,0.0
10.408910751342773,49.86000061035156,58.470001220703125,202.0,-0.08004602789878845,0.0004055952886119485,10.0,1.0036749839782715,1.0036749839782715,1.0036749839782715,0.0025984938256442547,0.0,0.22335685789585114,406000.0,0.011332668364048004,0.013437220361083746,-1.9788741312254388e-08,0.12600013613700867,-0.0004076361656188965,2.6073052883148193,0.15738043189048767,-0.004227191209793091,24.237926483154297,300.5311584472656,1.0304388999938965,0.37654829025268555,1.4069955348968506,1421.4691162109375,0.7089420557022095,0.03856590762734413,4.650374889373779,0.03979315608739853,0.06671695411205292,1.0,0.3848859965801239,0.028709929436445236,-1124777.875,0.03979315608739853,0.002467748476192355,0.0005494492943398654,0.0,6.033193111419678,0.0
10.285467147827148,49.52000045776367,58.0099983215332,203.0,-0.07595381140708923,0.00040292119956575334,10.0,1.0003074407577515,1.0003074407577515,1.0003074407577515,0.00021744963305536658,0.0,0.22427362203598022,408000.0,-0.0033083457965403795,-0.014641014160588384,4.291534239087014e-09,0.12457013130187988,-0.0014300048351287842,2.4961040019989014,0.1647055447101593,0.007325112819671631,24.189672470092773,302.02655029296875,1.0455574989318848,0.4416036605834961,1.487170934677124,1344.835693359375,0.6614711284637451,0.04203086718916893,4.298036575317383,0.045709673315286636,0.08492393046617508,1.0,0.7502524852752686,0.045367177575826645,-461459.3125,0.045709673315286636,-0.0006680076476186514,0.0013028791872784495,0.0,3.91797137260437,0.0
10.16171646118164,49.310001373291016,57.7400016784668,204.0,-0.07326006144285202,0.0004071981238666922,10.0,0.9991655945777893,0.9991655945777893,0.9991655945777893,0.0005900840042158961,0.0,0.2248777151107788,410000.0,0.0016447610687464476,0.004953106865286827,-1.4305114426349519e-08,0.12270651012659073,-0.001863621175289154,2.508586883544922,0.15957240760326385,-0.005133137106895447,24.04961585998535,303.4184265136719,1.0092370510101318,0.3746793270111084,1.383924961090088,1445.16552734375,0.6996233463287354,0.04381586238741875,3.4947073459625244,0.04086027294397354,0.0853099673986435,1.0,0.6164489388465881,0.040239349007606506,-624899.1875,0.04086027294397354,0.0007662996067665517,0.0009457044070586562,0.0,4.59869909286499,0.0
10.040809631347656,49.119998931884766,57.540000915527344,205.0,-0.07533556967973709,0.0004038657061755657,10.0,0.998407781124115,0.998407781124115,0.998407781124115,0.0011258266167715192,0.0,0.22441178560256958,412000.0,0.0004362560575827956,-0.001208505011163652,2.4557113675882647e-08,0.12313179671764374,0.00042528659105300903,2.5161831378936768,0.16293516755104065,0.0033627599477767944,23.987060546875,304.8075866699219,1.009023666381836,0.3722236156463623,1.3812553882598877,1447.9586181640625,0.7288367748260498,0.03023272380232811,3.516062021255493,0.03765037655830383,0.11674530059099197,1.0,0.6252831816673279,0.037504103034734726,-608620.8125,0.03765037655830383,0.00037392519880086184,0.0009558795718476176,0.0,4.574157238006592,0.0
9.946208953857422,49.029998779296875,57.54999923706055,206.0,-0.06981726735830307,0.00038838942418806255,10.0,1.0002632141113281,1.0002632141113281,1.0002632141113281,0.00018606430967338383,0.0,0.22565579414367676,414000.0,-0.0033039231784641743,-0.00374017923604697,-3.3378602104505717e-09,0.12098667770624161,-0.00214511901140213,2.471942901611328,0.15681907534599304,-0.006116092205047607,23.974275588989258,306.1949462890625,1.001234531402588,0.37830519676208496,1.3795480728149414,1449.7506103515625,0.648302435874939,0.04272858798503876,4.032130718231201,0.04758549481630325,0.13986638188362122,1.0,0.561957836151123,0.04749510437250137,-760660.1875,0.04758549481630325,-0.00026195007376372814,0.0007591211469843984,0.0,5.132826328277588,0.0
9.856586456298828,48.81999969482422,57.34000015258789,207.0,-0.06704827398061752,0.0004110776644665748,10.0,0.9974330067634583,0.9974330067634583,0.9974330067634583,0.0018151242984458804,0.0,0.22627894580364227,416000.0,0.0016777361743152142,0.004981659352779388,1.907348590179936e-08,0.12068003416061401,-0.000306643545627594,2.4493491649627686,0.1466190367937088,-0.01020003855228424,23.846948623657227,307.5809020996094,1.0078699588775635,0.37026309967041016,1.3781425952911377,1451.2293701171875,0.6782524585723877,0.036534927785396576,2.5991241931915283,0.04347575083374977,0.1008802279829979,1.0,0.44391027092933655,0.04308389127254486,-1028013.0625,0.04347575083374977,0.0004650594783015549,0.0005519210826605558,0.0,6.019668102264404,0.0
9.739391326904297,48.529998779296875,56.9900016784668,208.0,-0.05086640641093254,0.000412630703067407,10.0,0.9994799494743347,0.9994799494743347,0.9994799494743347,0.000367745291441679,0.0,0.22998590767383575,418000.0,0.002385513624176383,0.0007077774498611689,-6.9141385949933465e-09,0.11865063011646271,-0.002029404044151306,2.4267795085906982,0.148696631193161,0.0020775943994522095,23.831375122070312,308.96661376953125,1.0039641857147217,0.37343382835388184,1.3774073123931885,1452.0040283203125,0.45408904552459717,0.06396883726119995,4.419990539550781,0.09699466824531555,0.15855921804904938,1.0,0.345508873462677,0.09601639211177826,-1524152.375,0.09699466824531555,0.0005961253773421049,0.0003632481675595045,0.0,7.420057773590088,0.0
9.716926574707031,48.25,56.720001220703125,209.0,-0.04180090129375458,0.0003977319865953177,10.0,1.0028929710388184,1.0028929710388184,1.0028929710388184,0.0020456393249332905,0.0,0.23206466436386108,420000.0,-0.04302649572491646,-0.04541200934909284,-1.668930060816365e-08,0.12784500420093536,0.009194374084472656,2.4503180980682373,0.14913780987262726,0.00044117867946624756,23.779335021972656,310.4698791503906,1.0222578048706055,0.4731755256652832,1.4954440593719482,1337.396240234375,0.27050819993019104,0.04927801340818405,3.718276262283325,0.2733185589313507,0.3092578947544098,1.0,0.4642449617385864,0.18559587001800537,-759569.5,0.2733185589313507,-0.007901238277554512,0.0007116595515981317,0.0,5.301219463348389,0.0
9.665404319763184,48.0,56.45000076293945,210.0,-0.039643093943595886,0.0004008654796052724,10.0,1.0005296468734741,1.0005296468734741,1.0005296468734741,0.000374432624084875,0.0,0.23256607353687286,422000.0,-0.007942155934870243,0.035084339790046215,2.8610229740877458e-09,0.12264688313007355,-0.005198121070861816,2.4544546604156494,0.15018773078918457,0.001049920916557312,23.580507278442383,311.98602294921875,1.1161458492279053,0.39074087142944336,1.5068962574005127,1327.2315673828125,0.38684913516044617,0.044332463294267654,3.762913942337036,0.13364315032958984,0.16950230300426483,1.0,0.6610913872718811,0.12973344326019287,-520744.0,0.13364315032958984,-0.001992909237742424,0.0010158441727980971,0.0,4.437100887298584,0.0
9.635923385620117,47.81999969482422,56.36000061035156,211.0,-0.03849788382649422,0.00041489454451948404,10.0,0.9992945790290833,0.9992945790290833,0.9992945790290833,0.0004987658467143774,0.0,0.2328323870897293,424000.0,0.00317525677382946,0.011117412708699703,2.1934509319976314e-08,0.12660060822963715,0.003953725099563599,2.3690249919891357,0.1523546278476715,0.0021668970584869385,23.693294525146484,313.3951416015625,1.0239055156707764,0.3773159980773926,1.4012303352355957,1427.317626953125,0.5492194294929504,0.04539474844932556,3.5918402671813965,0.06630375981330872,0.1270509660243988,1.0,0.42230749130249023,0.06522106379270554,-944411.125,0.06630375981330872,0.0007726591429673135,0.000551394303329289,0.0,6.022542953491211,0.0
9.512417793273926,47.63999938964844,56.15999984741211,212.0,-0.03924095630645752,0.0004133932525292039,10.0,1.0020198822021484,1.0020198822021484,1.0020198822021484,0.0014282724587246776,0.0,0.2326595038175583,426000.0,-0.00728070642799139,-0.01045596320182085,1.3351440841802287e-08,0.11907146126031876,-0.00752914696931839,2.332479953765869,0.14568059146404266,-0.006674036383628845,23.523435592651367,314.7856750488281,1.0042412281036377,0.3783752918243408,1.3826251029968262,1446.5244140625,0.4658634066581726,0.04655677452683449,3.7489771842956543,0.09215369820594788,0.12124545872211456,1.0,0.23828783631324768,0.08862129598855972,-1506411.75,0.09215369820594788,-0.0010963253444060683,0.0003402486036065966,0.0,7.666734218597412,0.0
9.462139129638672,47.5,56.09000015258789,213.0,-0.04073750972747803,0.00036734307650476694,10.0,0.9988470077514648,0.9988470077514648,0.9988470077514648,0.0008152605732902884,0.0,0.23231159150600433,428000.0,-0.01546184066683054,-0.00818113423883915,1.6689301052252858e-09,0.12228109687566757,0.003209635615348816,2.325917959213257,0.15276466310024261,0.007084071636199951,23.573593139648438,316.22674560546875,1.0032074451446533,0.42994213104248047,1.4331598281860352,1395.5186767578125,0.5073540806770325,0.05198720097541809,3.346703290939331,0.07769760489463806,0.12493760883808136,1.0,0.524121880531311,0.06396400183439255,-584055.5,0.07769760489463806,-0.0034502274356782436,0.0008667741203680634,0.0,4.803519248962402,0.0
9.227012634277344,45.31999969482422,53.790000915527344,214.0,-0.028061946853995323,0.00038553433842025697,10.0,1.0019601583480835,1.0019601583480835,1.0019601583480835,0.001386013114824891,0.0,0.23528516292572021,430000.0,-0.014993967488408089,0.000467873178422451,-7.629394893626795e-09,0.4122418761253357,0.2899607792496681,2.4913721084594727,4.719780921936035,4.5670162588357925,23.67902183532715,317.66961669921875,1.0338964462280273,0.4006173610687256,1.4345226287841797,1394.1925048828125,0.7696746587753296,0.07996907085180283,0.6777833700180054,0.03376100957393646,0.11516400426626205,1.0,4.887837886810303,0.03127958998084068,-1482.76025390625,0.03376100957393646,0.026286663487553596,0.2784649729728699,0.0,0.2679968476295471,0.0
9.2194185256958,43.41999816894531,51.970001220703125,215.0,-0.02123868651688099,0.0004052394942846149,10.0,0.9976158142089844,0.9976158142089844,0.9976158142089844,0.0016858739545568824,0.0,0.23688578605651855,432000.0,-0.007564956322312355,0.007429011166095734,5.2452087118126656e-09,0.5472429990768433,0.13500112295150757,2.5566303730010986,2.1874310970306396,-2.5323498249053955,23.39613151550293,319.0848693847656,1.017157793045044,0.39030885696411133,1.4074749946594238,1420.985107421875,2.3401455879211426,0.06502580642700195,0.6070868968963623,0.0036521032452583313,0.03841958940029144,1.0,2.1606574058532715,0.0023558747489005327,-9797.7744140625,0.0036521032452583313,-0.00669986754655838,0.034629859030246735,0.0,0.7599579095840454,0.0
9.406479835510254,42.619998931884766,51.400001525878906,216.0,-0.030225321650505066,0.0003937874280381948,10.0,0.998887836933136,0.998887836933136,0.998887836933136,0.0007864039507694542,0.0,0.23477137088775635,434000.0,-0.010010252706706524,-0.002445296384394169,-6.9141385949933465e-09,0.5420544147491455,-0.005188584327697754,2.659031629562378,1.7728359699249268,-0.4145951271057129,23.026443481445312,320.4727478027344,1.0073270797729492,0.3729236125946045,1.3802595138549805,1449.003662109375,1.3172422647476196,0.08286375552415848,0.46299201250076294,0.011526522226631641,0.06524243950843811,1.0,1.265818476676941,0.00840863399207592,-37135.46484375,0.011526522226631641,-0.005105538759380579,0.008360304869711399,0.0,1.5466914176940918,0.0
9.856254577636719,40.06999969482422,49.41999816894531,217.0,-0.0216215867549181,0.0003799057158175856,10.0,1.0025006532669067,1.0025006532669067,1.0025006532669067,0.0017682570032775402,0.0,0.23680530488491058,436000.0,-0.0217876099050045,-0.011777357198297977,9.536743617033494e-10,1.3388054370880127,0.7967510223388672,2.7820208072662354,8.216228485107422,6.443392515182495,22.92494010925293,321.93927001953125,1.01947021484375,0.4392268657684326,1.4587056636810303,1371.0789794921875,1.9087940454483032,0.05318014323711395,0.7585132718086243,0.005489225499331951,0.04145292937755585,1.0,6.316987037658691,0.005099118687212467,-816.834716796875,0.005489225499331951,0.010414359159767628,0.2780236005783081,0.0,0.2682095170021057,0.0
10.328226089477539,38.400001525878906,48.290000915527344,218.0,-0.022427638992667198,0.00041132711339741945,10.0,0.9972345232963562,0.9972345232963562,0.9972345232963562,0.001955473329871893,0.0,0.23660750687122345,438000.0,-0.015137682668864727,0.006649927236139774,6.675720420901143e-09,0.8849598169326782,-0.4538456201553345,2.9281928539276123,2.6234123706817627,-5.592816114425659,22.711212158203125,323.3557434082031,1.015683650970459,0.3929331302642822,1.4086263179779053,1419.823486328125,1.62761652469635,0.04090200737118721,0.897115170955658,0.007549622096121311,0.03305555880069733,1.0,3.304814577102661,0.0018371972255408764,-3068.1015625,0.007549622096121311,-0.018284320831298828,0.05852441489696503,0.0,0.5845833420753479,0.0
10.478858947753906,37.150001525878906,47.150001525878906,219.0,-0.020019134506583214,0.00037846367922611535,10.0,0.9995512962341309,0.9995512962341309,0.9995512962341309,0.0003172533761244267,0.0,0.2371770590543747,440000.0,-0.012392853386700153,0.0027448292821645737,7.3909758313561724e-09,1.1073272228240967,0.22236740589141846,3.039743423461914,4.287665367126465,1.6642529964447021,21.782960891723633,324.7605895996094,1.0202443599700928,0.37656402587890625,1.3968169689178467,1431.8272705078125,1.3980426788330078,0.06099319830536842,1.1449975967407227,0.010232663713395596,0.04481824114918709,1.0,3.866234064102173,0.009959250688552856,-1519.2244873046875,0.010232663713395596,-0.005154331214725971,0.09716838598251343,0.0,0.4536829888820648,0.0
11.067615509033203,36.09000015258789,46.7400016784668,220.0,-0.02470298670232296,0.0004018129257019609,10.0,0.9981428980827332,0.9981428980827332,0.9981428980827332,0.0013132115127518773,0.0,0.23607008159160614,442000.0,-0.016061225906014442,-0.003668372519314289,-6.1988831845383174e-09,1.8291676044464111,0.7218403816223145,3.270867347717285,5.422045707702637,1.1343803405761719,22.13176155090332,326.1558532714844,1.0169570446014404,0.3707413673400879,1.3877065181732178,1441.2276611328125,1.2681941986083984,0.049529097974300385,0.7950806021690369,0.012435352429747581,0.05371551215648651,1.0,4.235565185546875,0.01025962270796299,-1068.8243408203125,0.012435352429747581,-0.01582256145775318,0.11506642401218414,0.0,0.4169084131717682,0.0
11.078943252563477,34.880001068115234,45.310001373291016,221.0,-0.05430353805422783,0.0004003698704764247,10.0,0.996891438961029,0.996891438961029,0.996891438961029,0.0021980986930429935,0.0,0.22921937704086304,444000.0,-0.0189837459474802,-0.0029225200414657593,8.583068478174027e-09,1.5486105680465698,-0.2805570363998413,3.308183431625366,5.433838844299316,0.011793136596679688,21.176258087158203,327.55401611328125,1.0209300518035889,0.3696019649505615,1.3905408382415771,1438.289794921875,1.0469615459442139,0.08338304609060287,0.961986780166626,0.01824602484703064,0.059514548629522324,1.0,2.744952917098999,0.00250999815762043,-1234.7412109375,0.01824602484703064,-0.03527061641216278,0.0790552943944931,0.0,0.5029785633087158,0.0
11.840117454528809,35.47999954223633,47.18000030517578,222.0,-0.06651393324136734,0.00036767625715583563,10.0,0.9997665286064148,0.9997665286064148,0.9997665286064148,0.00016510325076524168,0.0,0.22639991343021393,446000.0,-0.016967320814728737,0.002016425132751465,1.287460360543946e-08,1.6615781784057617,0.1129676103591919,3.5832767486572266,3.6990113258361816,-1.7348275184631348,20.992094039916992,328.96087646484375,1.0119929313659668,0.3871185779571533,1.399120569229126,1429.4700927734375,1.227279543876648,0.08071687072515488,1.028630018234253,0.013278304599225521,0.05210345983505249,1.0,2.737882614135742,0.009090619161725044,-1020.9852294921875,0.013278304599225521,-0.02122434414923191,0.1075708344578743,0.0,0.43118906021118164,0.0
12.865220069885254,36.0,48.720001220703125,223.0,-0.0670718252658844,0.00039062323048710823,10.0,0.9972324371337891,0.9972324371337891,0.9972324371337891,0.0019569904543459415,0.0,0.22627365589141846,448000.0,-0.008718240074813366,0.008249080739915371,8.344650304081824e-09,1.6777794361114502,0.016201257705688477,3.76658034324646,4.117812156677246,0.41880083084106445,21.145112991333008,330.4306945800781,1.089984655380249,0.3716762065887451,1.461669683456421,1368.2984619140625,1.0823400020599365,0.09394174814224243,0.7320265769958496,0.017072703689336777,0.07108747959136963,1.0,0.9415058493614197,0.01608252339065075,-3064.146484375,0.017072703689336777,-0.006253073923289776,0.03948870301246643,0.0,0.7116696834564209,0.0
12.073381423950195,33.52000045776367,45.08000183105469,224.0,-0.1108514666557312,0.0002873483463190496,10.0,0.9976916313171387,0.9976916313171387,0.9976916313171387,0.0013883450301364064,0.0,0.2166527658700943,450000.0,0.0003204435051884502,0.009038683580001816,-9.298324776807476e-09,1.7138782739639282,0.03609883785247803,3.5900208950042725,4.6446733474731445,0.5268611907958984,20.93058204650879,331.83575439453125,1.0224733352661133,0.3740534782409668,1.3965353965759277,1432.115966796875,1.0836248397827148,0.08822473138570786,1.6706277132034302,0.01703224517405033,0.07862190902233124,2.0,0.8203405141830444,0.015597296878695488,-3777.6103515625,0.01703224517405033,0.005251072347164154,0.019215848296880722,0.0,1.0201995372772217,0.0
11.431456565856934,31.18000030517578,42.529998779296875,225.0,-0.14702662825584412,0.0002736671594902873,10.0,0.9985017776489258,0.9985017776489258,0.9985017776489258,0.0009067017235793173,0.0,0.20891141891479492,452000.0,-0.016885003075003624,-0.017205446580192074,1.907348723406699e-09,2.05881929397583,0.34494102001190186,3.818373680114746,7.432281494140625,2.7876081466674805,21.446456909179688,333.2364196777344,1.011240005493164,0.38102173805236816,1.3922712802886963,1436.502197265625,0.8518421649932861,0.06956951320171356,1.0590343475341797,0.02756205014884472,0.09622009098529816,2.0,1.2772212028503418,0.011453790590167046,-870.544189453125,0.02756205014884472,-0.026583515107631683,0.04387085139751434,0.0,0.6751914024353027,0.0
12.132364273071289,30.299999237060547,42.54999923706055,226.0,-0.1715710163116455,0.0004106371197849512,10.0,1.0023540258407593,1.0023540258407593,1.0023540258407593,0.0016645195428282022,0.0,0.2038392275571823,454000.0,-0.012120651081204414,0.00476435199379921,-7.152557435219364e-10,2.7895216941833496,0.7307024002075195,4.156496047973633,6.7344231605529785,-0.6978583335876465,20.873668670654297,334.63671875,1.0202076435089111,0.37258124351501465,1.3927979469299316,1435.958984375,1.3085588216781616,0.0896420031785965,0.6327715516090393,0.011680006980895996,0.05948958545923233,1.0,1.645003318786621,0.00851377286016941,-800.0433349609375,0.011680006980895996,-0.01054350845515728,0.03510969877243042,0.0,0.7547469735145569,0.0
13.419746398925781,31.540000915527344,45.2400016784668,227.0,-0.18671055138111115,0.00039556215051561594,10.0,1.0006221532821655,1.0006221532821655,1.0006221532821655,0.00043984453077428043,0.0,0.20076094567775726,456000.0,-0.02486448362469673,-0.012743832543492317,5.2452087118126656e-09,2.2643723487854004,-0.5251493453979492,4.238619327545166,6.566632270812988,-0.16779088973999023,20.933584213256836,336.0334777832031,1.0069782733917236,0.3808917999267578,1.387878179550171,1441.0491943359375,0.7662075161933899,0.07068756222724915,1.4580304622650146,0.034067247062921524,0.08814215660095215,1.0,2.6075685024261475,0.0015220940113067627,-540.3385620117188,0.034067247062921524,-0.050755128264427185,0.0791541114449501,0.0,0.5026645064353943,0.0
13.612809181213379,31.440000534057617,45.2599983215332,228.0,-0.2089669406414032,0.00028379837749525905,10.0,0.9960933923721313,0.9960933923721313,0.9960933923721313,0.002307260176166892,0.0,0.19635321199893951,458000.0,0.0024733187165111303,0.027337802341207862,-7.867813067718998e-09,2.722450017929077,0.45807766914367676,4.396605014801025,8.199112892150879,1.6324806213378906,20.19390869140625,337.468505859375,1.0263018608093262,0.40013694763183594,1.426447868347168,1402.084716796875,1.175446629524231,0.052513446658849716,0.6776205897331238,0.014475174248218536,0.05891852453351021,2.0,3.142289400100708,0.009119486436247826,-775.5081787109375,0.014475174248218536,0.016923677176237106,0.05347786843776703,0.0,0.6115442514419556,0.0
13.697678565979004,31.719999313354492,45.61000061035156,229.0,-0.2139737457036972,0.0004077609919477254,10.0,1.0004574060440063,1.0004574060440063,1.0004574060440063,0.00032346302759833634,0.0,0.19535981118679047,460000.0,-0.013267293572425842,-0.015740612288936973,8.106232129989621e-09,2.44425630569458,-0.27819371223449707,3.9486637115478516,4.960160732269287,-3.238952159881592,21.028324127197266,338.8608703613281,1.0106782913208008,0.373246431350708,1.3839335441589355,1445.1568603515625,0.7274842262268066,0.0897211804986,1.307303547859192,0.037790507078170776,0.09985611587762833,1.0,1.100798487663269,0.035253822803497314,-635.6069946289062,0.037790507078170776,-0.013424597680568695,0.0710454210639,0.0,0.530575156211853,0.0
12.656120300292969,31.68000030517578,43.9900016784668,230.0,-0.2505779564380646,0.0004049295384902507,10.0,0.999546229839325,0.999546229839325,0.999546229839325,0.00032090611057356,0.0,0.18840062618255615,462000.0,-0.010233595967292786,0.0030336976051330566,-6.1988831845383174e-09,2.09267520904541,-0.3515810966491699,3.8448598384857178,8.111531257629395,3.1513705253601074,21.73101043701172,340.2643127441406,1.0145089626312256,0.38021039962768555,1.394728422164917,1433.971435546875,1.6723664999008179,0.12915222346782684,0.5030357837677002,0.0071509950794279575,0.048253949731588364,1.0,1.4160828590393066,0.005801416467875242,-1721.226318359375,0.0071509950794279575,-0.0059149907901883125,0.02592446282505989,0.0,0.8783347010612488,0.0
12.706262588500977,31.020000457763672,43.38999938964844,231.0,-0.25680574774742126,0.0003916147106792778,10.0,0.9976460337638855,0.9976460337638855,0.9976460337638855,0.0016645475989207625,0.0,0.18717549741268158,464000.0,-0.010693810880184174,-0.00046021491289138794,-2.38418573772492e-09,2.5229156017303467,0.4302403926849365,4.194835186004639,6.068373680114746,-2.0431575775146484,20.350370407104492,341.6815490722656,1.0140161514282227,0.39472126960754395,1.4087471961975098,1419.70166015625,0.9444683194160461,0.1111045777797699,0.9557243585586548,0.02242100238800049,0.08165093511343002,1.0,0.5550192594528198,0.01814151182770729,-1295.33935546875,0.02242100238800049,-0.010942019522190094,0.027977097779512405,0.0,0.8454999923706055,0.0
14.530433654785156,31.84000015258789,46.16999816894531,232.0,-0.24521605670452118,0.0003759941319003701,10.0,0.9986443519592285,0.9986443519592285,0.9986443519592285,0.0009586160886101425,0.0,0.1893521547317505,466000.0,-0.020098909735679626,-0.009405098855495453,6.675720420901143e-09,2.592271327972412,0.06935572624206543,4.403404235839844,6.215312957763672,0.14693927764892578,20.684492111206055,343.0809020996094,1.013960838317871,0.3771932125091553,1.3911633491516113,1437.646240234375,1.3649643659591675,0.0949278250336647,1.2481335401535034,0.010734626092016697,0.07894332706928253,1.0,4.275043964385986,0.007890850305557251,-324.14886474609375,0.010734626092016697,-0.020259005948901176,0.14432477951049805,0.0,0.37225842475891113,0.0
15.3174409866333,30.84000015258789,45.9900016784668,233.0,-0.23105156421661377,0.000374473660485819,10.0,0.9977990984916687,0.9977990984916687,0.9977990984916687,0.0015562863554805517,0.0,0.1920580118894577,468000.0,-0.028903238475322723,-0.008804328739643097,5.7220459481754915e-09,3.9860458374023438,1.3937745094299316,4.926692485809326,5.895421028137207,-0.31989192962646484,20.650493621826172,344.4747314453125,1.0101580619812012,0.37460947036743164,1.3847763538360596,1444.27734375,0.6282488703727722,0.11843039840459824,1.2770538330078125,0.05067181959748268,0.1562596708536148,1.0,1.68605637550354,0.010651364922523499,-338.8164367675781,0.05067181959748268,-0.0634685829281807,0.10065504908561707,0.0,0.4457559883594513,0.0
17.214210510253906,31.780000686645508,48.86000061035156,234.0,-0.25251901149749756,0.0002824713010340929,10.0,1.000832438468933,1.000832438468933,1.000832438468933,0.000498943729326129,0.0,0.18799720704555511,470000.0,-0.011858624406158924,0.0170446140691638,4.76837147544984e-09,3.8246865272521973,-0.16135931015014648,5.08671236038208,5.988304138183594,0.09288311004638672,20.771211624145508,345.8564758300781,0.9988818168640137,0.37445497512817383,1.3733460903167725,1456.297607421875,1.2681529521942139,0.09638728201389313,0.8349379301071167,0.012436160817742348,0.07084313780069351,2.0,0.4468804895877838,0.005487462040036917,-1661.8848876953125,0.012436160817742348,-0.013863676227629185,0.0276600643992424,0.0,0.8503316044807434,0.0
17.4451847076416,30.309999465942383,47.79999923706055,235.0,-0.2757638692855835,0.00028752555954270065,10.0,0.9972123503684998,0.9972123503684998,0.9972123503684998,0.001654655672609806,0.0,0.18366314470767975,472000.0,0.0013859305763617158,0.01324455498252064,0.0,4.321418285369873,0.4967317581176758,5.244772434234619,7.493692874908447,1.5053887367248535,20.179521560668945,347.2890625,1.0150887966156006,0.4093191623687744,1.4244167804718018,1404.0838623046875,0.6948097348213196,0.05658048391342163,1.306583046913147,0.04142838716506958,0.14506796002388,2.0,3.430908203125,0.03784878924489021,-425.6370849609375,0.04142838716506958,0.015398615039885044,0.06624133139848709,0.0,0.5494781732559204,0.0
17.273147583007812,28.709999084472656,46.13999938964844,236.0,-0.3254339098930359,0.0002892759221140295,10.0,1.0005123615264893,1.0005123615264893,1.0005123615264893,0.0003045419289264828,0.0,0.17481906712055206,474000.0,-0.005820930935442448,-0.0072068615118041635,-3.218650901359865e-09,4.063218593597412,-0.25819969177246094,5.256880283355713,5.3653411865234375,-2.1283516883850098,19.737863540649414,348.7012939453125,1.0117080211639404,0.392071008682251,1.4037868976593018,1424.7181396484375,1.6978683471679688,0.06640984117984772,1.3264282941818237,0.006937792990356684,0.058076322078704834,2.0,1.1041005849838257,0.0059308214113116264,-628.9385986328125,0.006937792990356684,-0.0046943058259785175,0.021883931010961533,0.0,0.9559875130653381,0.0
17.262222290039062,28.93000030517578,46.25,237.0,-0.32655686140060425,0.0002693957358133048,10.0,0.9988289475440979,0.9988289475440979,0.9988289475440979,0.0006844545714557171,0.0,0.17456120252609253,476000.0,-0.0006838496774435043,0.005137081257998943,3.814697446813398e-09,4.628791809082031,0.5655732154846191,5.205085754394531,7.812499046325684,2.447157859802246,20.406564712524414,350.10986328125,1.0225317478179932,0.3781466484069824,1.4006867408752441,1427.8714599609375,0.6727351546287537,0.07690240442752838,2.515166997909546,0.044191792607307434,0.09571119397878647,2.0,2.7085602283477783,0.04059328883886337,-148.87149047851562,0.044191792607307434,0.01932050660252571,0.10373259335756302,0.0,0.43909385800361633,0.0
15.397034645080566,26.969999313354492,42.189998626708984,238.0,-0.3338123857975006,0.00041220674756914377,10.0,0.9987608790397644,0.9987608790397644,0.9987608790397644,0.0008761205826885998,0.0,0.17330040037631989,478000.0,-0.018756983801722527,-0.018073134124279022,-6.43730180271973e-09,4.327083110809326,-0.3017086982727051,4.839453220367432,10.777593612670898,2.965094566345215,20.236181259155273,351.5139465332031,1.0182156562805176,0.3782157897949219,1.396439790725708,1432.2139892578125,1.1373980045318604,0.11216818541288376,0.8418799638748169,0.015459831804037094,0.07481517642736435,1.0,1.8738640546798706,0.003671501763164997,-58.373897552490234,0.015459831804037094,-0.02799035981297493,0.06646065413951874,0.0,0.5485707521438599,0.0
15.603876113891602,25.790000915527344,41.06999969482422,239.0,-0.35018229484558105,0.00041096864151768386,10.0,1.000131607055664,1.000131607055664,1.000131607055664,9.314455382991582e-05,0.0,0.17048859596252441,480000.0,-0.01730804145336151,0.0014489423483610153,-1.4305114870438729e-09,5.387274742126465,1.0601916313171387,5.414702892303467,9.364750862121582,-1.4128427505493164,19.78016471862793,352.9228820800781,1.0117988586425781,0.3891119956970215,1.4009201526641846,1427.634033203125,1.1455971002578735,0.12622970342636108,0.9440263509750366,0.015239328145980835,0.07649204134941101,1.0,0.811008632183075,0.007359013892710209,-8.915623664855957,0.015239328145980835,-0.02346048131585121,0.06984418630599976,0.0,0.5351183414459229,0.0
18.271488189697266,27.09000015258789,45.15999984741211,240.0,-0.38031208515167236,0.00027206906815990806,10.0,1.0033143758773804,1.0033143758773804,1.0033143758773804,0.00195323140360415,0.0,0.1654399335384369,482000.0,-0.01762971840798855,-0.00032167695462703705,4.768371808516747e-10,4.305567741394043,-1.0817070007324219,5.917103290557861,5.815464496612549,-3.549286365509033,19.847612380981445,354.33929443359375,1.0153005123138428,0.39281249046325684,1.4081223011016846,1420.3316650390625,0.7026168704032898,0.08293695747852325,1.9583650827407837,0.040512844920158386,0.12161047011613846,2.0,3.2480735778808594,0.025299539789557457,-68.82975006103516,0.040512844920158386,-0.03106754459440708,0.06344395130872726,0.0,0.561461329460144,0.0
19.15998649597168,28.229999542236328,47.150001525878906,241.0,-0.3773786127567291,0.00041422745562158525,10.0,0.9973236918449402,0.9973236918449402,0.9973236918449402,0.0018924777396023273,0.0,0.16591180860996246,484000.0,-0.015955248847603798,0.0016744695603847504,-1.4305114870438729e-09,4.430027961730957,0.12446022033691406,6.114799976348877,6.015286445617676,0.19982194900512695,20.44218635559082,355.7274475097656,1.0041735172271729,0.3756294250488281,1.379812240600586,1449.4730224609375,0.6899510025978088,0.16051828861236572,2.5705554485321045,0.04201393574476242,0.10590842366218567,1.0,1.2962626218795776,0.041300464421510696,-56.57011413574219,0.04201393574476242,-0.011468857526779175,0.18435898423194885,0.0,0.32936906814575195,0.0
19.682079315185547,28.610000610351562,48.029998779296875,242.0,-0.3885495960712433,0.0002737680042628199,10.0,0.9937402009963989,0.9937402009963989,0.9937402009963989,0.0036995387636125088,0.0,0.16407258808612823,486000.0,-0.012839442119002342,0.0031158067286014557,5.4836273299940785e-09,5.498496055603027,1.0684680938720703,6.36353874206543,6.876819610595703,0.8615331649780273,20.018096923828125,357.16070556640625,1.008643627166748,0.4162769317626953,1.4249308109283447,1403.577392578125,1.3692797422409058,0.09424937516450882,0.8828677535057068,0.010667072609066963,0.0790158286690712,2.0,1.310231328010559,0.002263321541249752,-320.5600280761719,0.010667072609066963,-0.018483135849237442,0.04065163433551788,0.0,0.7014164328575134,0.0
18.954315185546875,25.600000381469727,44.380001068115234,243.0,-0.4205065071582794,0.0002928267640527338,10.0,1.0021295547485352,1.0021295547485352,1.0021295547485352,0.0012548461090773344,0.0,0.1589280664920807,488000.0,0.00012040995352435857,0.0129598520725267,-5.2452087118126656e-09,6.141905784606934,0.6434097290039062,6.449568748474121,7.89072322845459,1.0139036178588867,20.0887393951416,358.5614929199219,1.0168049335479736,0.37613368034362793,1.3929474353790283,1435.8048095703125,1.5842939615249634,0.08238834887742996,0.4802241027355194,0.007968157529830933,0.052842240780591965,2.0,1.8934128284454346,0.006829746067523956,-17.337512969970703,0.007968157529830933,0.004859117791056633,0.020740313455462456,0.0,0.981990396976471,0.0
18.187084197998047,23.59000015258789,41.41999816894531,244.0,-0.43085482716560364,0.0002699351462069899,10.0,0.9970340728759766,0.9970340728759766,0.9970340728759766,0.0017529355827718973,0.0,0.15727005898952484,490000.0,-0.014256803318858147,-0.014377213272382505,7.3909758313561724e-09,7.800501823425293,1.6585960388183594,6.946468353271484,13.742335319519043,5.851612091064453,20.34429931640625,359.9721984863281,1.0235235691070557,0.3791484832763672,1.4026813507080078,1425.841064453125,1.2135615348815918,0.051385488361120224,1.446216344833374,0.013580198399722576,0.0529283843934536,2.0,1.5172942876815796,0.00717383436858654,-28.87565040588379,0.013580198399722576,-0.020994650200009346,0.06880272179841995,0.8240208625793457,0.0,3.0
19.557071685791016,23.31999969482422,42.7400016784668,245.0,-0.4245370924472809,0.0003907396167051047,10.0,1.0024833679199219,1.0024833679199219,1.0024833679199219,0.0017560062697157264,0.0,0.15826843678951263,492000.0,-0.025011584162712097,-0.01075478084385395,5.60283641704018e-09,8.685205459594727,0.8847036361694336,7.62508487701416,9.356088638305664,-4.386246681213379,19.59905433654785,361.3523864746094,0.9996945858001709,0.3731496334075928,1.372854232788086,1456.8197021484375,0.6383548378944397,0.10979598015546799,2.5747873783111572,0.04908011853694916,0.17199838161468506,1.0,2.277287721633911,0.048884209245443344,-42.87499237060547,0.04908011853694916,0.003590330481529236,0.06579791009426117,1.5665268898010254,0.0,3.0
22.99120330810547,23.8700008392334,46.86000061035156,246.0,-0.45251327753067017,0.0002925381704699248,10.0,1.0014499425888062,1.0014499425888062,1.0014499425888062,0.0008651540847495198,0.0,0.1539270132780075,494000.0,-0.0077619776129722595,0.017249606549739838,-2.8610229740877458e-09,6.881850242614746,-1.8033552169799805,8.334040641784668,8.581503868103027,-0.7745847702026367,19.44676971435547,362.710693359375,0.9913675785064697,0.3592679500579834,1.3506443500518799,1480.7752685546875,1.0039784908294678,0.09502176940441132,0.4848002791404724,0.019841795787215233,0.11830652505159378,2.0,6.969423294067383,0.014191311784088612,-10.682111740112305,0.019841795787215233,0.025964872911572456,0.11931271106004715,0.9960373044013977,0.0,3.0
23.5261173248291,24.549999237060547,48.22999954223633,247.0,-0.46605774760246277,0.0002810178848449141,10.0,0.9959912300109863,0.9959912300109863,0.9959912300109863,0.002360900165513158,0.0,0.15183065831661224,496000.0,-0.014378219842910767,-0.006616242229938507,0.0,4.480847358703613,-2.401002883911133,7.995116710662842,4.892036437988281,-3.689467430114746,18.877695083618164,364.07379150390625,0.9901893138885498,0.3653252124786377,1.3555235862731934,1475.4451904296875,0.8011014461517334,0.09319092333316803,1.3716999292373657,0.03116411343216896,0.14541062712669373,2.0,5.907098293304443,0.03012700006365776,-2.42132306098938,0.03116411343216896,0.009274992160499096,0.08294709771871567,1.2482813596725464,0.0,3.0
23.510496139526367,25.690000534057617,49.25,248.0,-0.43613100051879883,0.0003877712006215006,10.0,1.0033711194992065,1.0033711194992065,1.0033711194992065,0.002383797662332654,0.0,0.1564803570508957,498000.0,-0.018815690651535988,-0.004437470808625221,-9.536743617033494e-10,5.437199592590332,0.9563522338867188,7.864639759063721,5.593581199645996,0.7015447616577148,18.92088508605957,365.4331359863281,0.9898345470428467,0.3618755340576172,1.3517189025878906,1479.59814453125,1.0150518417358398,0.08904849737882614,0.7328091859817505,0.019411243498325348,0.10217604786157608,1.0,2.6206917762756348,0.015018410980701447,-4.71458625793457,0.019411243498325348,-0.021017486229538918,0.10055804252624512,0.0,0.44597095251083374,0.0
23.59476089477539,25.56999969482422,49.130001068115234,249.0,-0.42385485768318176,0.00026793344295583665,10.0,1.0004123449325562,1.0004123449325562,1.0004123449325562,0.0002565023023635149,0.0,0.15837472677230835,500000.0,-0.010504590347409248,0.00831110030412674,-5.7220459481754915e-09,2.8549928665161133,-2.5822067260742188,7.482605934143066,2.564319133758545,-3.029262065887451,18.641780853271484,366.78375244140625,0.9789538383483887,0.3638150691986084,1.3427770137786865,1489.4510498046875,1.0182957649230957,0.10138820111751556,2.067622184753418,0.01928776688873768,0.13440357148647308,2.0,1.987931489944458,0.01045168936252594,-23.86814308166504,0.01928776688873768,-0.0109625905752182,0.013600865378975868,0.0,1.2126390933990479,0.0
