Metrics/EpRet,Metrics/EpCost,Metrics/EpLen,Train/Epoch,Train/Entropy,Train/KL,Train/StopIter,Train/PolicyRatio,Train/PolicyRatio/Min,Train/PolicyRatio/Max,Train/PolicyRatio/Std,Train/LR,Train/PolicyStd,TotalEnvSteps,Loss/Loss_pi,Loss/Loss_pi/Delta,Value/Adv,Loss/Loss_reward_critic,Loss/Loss_reward_critic/Delta,Value/reward,Loss/Loss_cost_critic,Loss/Loss_cost_critic/Delta,Value/cost,Time/Total,Time/Rollout,Time/Update,Time/Epoch,Time/FPS,Misc/Alpha,Misc/FinalStepNorm,Misc/gradient_norm,Misc/xHx,Misc/H_inv_g,Misc/AcceptanceStep,Misc/cost_gradient_norm,Misc/A,Misc/B,Misc/q,Misc/r,Misc/s,Misc/Lambda_star,Misc/Nu_star,Misc/OptimCase
5.8090596199035645,38.83333206176758,45.04545593261719,0.0,1.4053958654403687,0.0003079568559769541,10.0,1.0026839971542358,1.0026839971542358,1.0026839971542358,0.0018977883737534285,0.0,0.9868021607398987,3000.0,-0.021803444251418114,-0.021803444251418114,6.008148289993187e-08,1.8595305681228638,1.8595305681228638,-0.040373992174863815,78.24718475341797,78.24718475341797,-0.08476102352142334,3.3626933097839355,2.797743558883667,0.5647594928741455,3.3625123500823975,892.190185546875,0.8771744966506958,0.7532204985618591,0.14776037633419037,0.025993088260293007,0.64925616979599,1.0,0.535918653011322,0.021741092205047607,-289.54681396484375,0.025993088260293007,0.053008899092674255,0.6608529090881348,0.0,0.17396527528762817,0.0
5.82095193862915,39.0,44.22999954223633,1.0,1.3979123830795288,0.0004071103467140347,10.0,1.0030478239059448,1.0030478239059448,1.0030478239059448,0.002155108842998743,0.0,0.9793601036071777,6000.0,-0.020826295018196106,0.0009771492332220078,2.4636586104520575e-08,3.322892427444458,1.4633618593215942,0.8944499492645264,50.5164794921875,-27.73070526123047,6.21586799621582,6.6641035079956055,2.7394843101501465,0.5538256168365479,3.2933189868927,910.935302734375,0.8315304517745972,0.6698204874992371,0.15845435857772827,0.028925010934472084,0.5457625985145569,1.0,0.7107568979263306,0.017964301630854607,-292.5042419433594,0.028925010934472084,0.08569716662168503,0.6700299978256226,0.0,0.17276981472969055,0.0
3.645024299621582,28.850000381469727,33.4900016784668,2.0,1.4147024154663086,0.0003848866617772728,10.0,1.0033947229385376,1.0033947229385376,1.0033947229385376,0.0024005158338695765,0.0,0.9958796501159668,9000.0,-0.030565597116947174,-0.009739302098751068,3.433227391269611e-08,1.5820873975753784,-1.7408050298690796,1.5295894145965576,28.850189208984375,-21.666290283203125,12.132526397705078,10.332467079162598,3.109400510787964,0.5510132312774658,3.6604225635528564,819.57763671875,0.6534853577613831,0.6279156804084778,0.24059583246707916,0.04683366417884827,0.7783393263816833,1.0,1.071021556854248,0.03199407458305359,-10.206714630126953,0.04683366417884827,0.1466572880744934,1.4493904113769531,0.0,0.11746873706579208,0.0
3.0952515602111816,23.440000534057617,26.8799991607666,3.0,1.4225910902023315,0.00034298209357075393,10.0,1.0027068853378296,1.0027068853378296,1.0027068853378296,0.001914028893224895,0.0,1.0036646127700806,12000.0,0.0028176959604024887,0.03338329307734966,-9.377797205445404e-09,1.6707063913345337,0.08861899375915527,1.4681276082992554,19.77956199645996,-9.070627212524414,14.394177436828613,14.312729835510254,3.4218997955322266,0.5501401424407959,3.9720492362976074,755.2777099609375,0.53121018409729,0.44097042083740234,0.3382489085197449,0.07087567448616028,0.8301240801811218,1.0,1.291504979133606,0.03161828592419624,-1.7438703775405884,0.07087567448616028,0.2327297031879425,1.3796921968460083,1.8824939727783203,0.0,3.0
4.322229385375977,25.899999618530273,30.549999237060547,4.0,1.4354044198989868,0.0004104207328055054,10.0,0.9993173480033875,0.9993173480033875,0.9993173480033875,0.00048275000881403685,0.0,1.0166494846343994,15000.0,-0.02361050248146057,-0.02642819844186306,5.801518820902629e-09,2.0001931190490723,0.3294867277145386,1.290584683418274,15.137054443359375,-4.642507553100586,14.059797286987305,18.11455535888672,3.2434399127960205,0.5504915714263916,3.793941020965576,790.7345581054688,0.7167878746986389,0.5259103178977966,0.15342144668102264,0.038926783949136734,0.7297478318214417,1.0,1.0211405754089355,0.018824255093932152,-0.7051392793655396,0.038926783949136734,0.14985007047653198,1.1170258522033691,0.0,0.13380840420722961,0.0
4.078481674194336,22.8799991607666,28.09000015258789,5.0,1.4247556924819946,0.0002881711407098919,10.0,1.001848578453064,1.001848578453064,1.001848578453064,0.001307170488871634,0.0,1.0059821605682373,18000.0,0.0034628640860319138,0.027073366567492485,-6.675720420901143e-09,2.3086626529693604,0.3084695339202881,1.2338852882385254,12.987187385559082,-2.149867057800293,13.793471336364746,22.063636779785156,3.3855185508728027,0.5557639598846436,3.941291332244873,761.1719360351562,0.6290648579597473,0.4448075592517853,0.23846536874771118,0.05054044350981712,0.7070931792259216,1.0,1.0393202304840088,0.025931736454367638,-3.9883761405944824,0.05054044350981712,0.16611015796661377,1.1212528944015503,1.5896612405776978,0.0,3.0
4.144930839538574,25.1299991607666,30.399999618530273,6.0,1.4170883893966675,2.2912381325568276e-08,10.0,0.9997106790542603,0.9997106790542603,0.9997106790542603,0.0003329100727569312,0.0,0.9982688426971436,21000.0,-0.00274462578818202,-0.006207489874213934,-7.947286162490741e-10,2.1532602310180664,-0.15540242195129395,1.1329067945480347,20.35782814025879,7.370640754699707,12.829381942749023,25.94854736328125,3.254303216934204,0.6221075057983398,3.8764190673828125,773.9102172851562,0.710728645324707,0.0,0.20682749152183533,0.039593346416950226,0.739880383014679,0.0,1.0170681476593018,0.026155900210142136,0.00659120362251997,0.039593346416950226,0.13013796508312225,1.2603503465652466,1.9920603036880493,0.1022161915898323,1.0
3.9058361053466797,24.549999237060547,29.1200008392334,7.0,1.3992395401000977,0.00029226025799289346,10.0,1.0002479553222656,1.0002479553222656,1.0002479553222656,0.00017538710380904377,0.0,0.9807794094085693,24000.0,0.009234691970050335,0.011979317758232355,2.145767119543507e-09,1.6611870527267456,-0.4920731782913208,1.0864588022232056,14.581090927124023,-5.776737213134766,13.853630065917969,29.866323471069336,3.356579542160034,0.5526447296142578,3.909233331680298,767.4140014648438,0.6415504217147827,0.5253552794456482,0.190873384475708,0.04859239608049393,0.8188838958740234,1.0,1.1342977285385132,0.017687903717160225,-0.1374114751815796,0.04859239608049393,0.19939114153385162,1.286441683769226,1.5587239265441895,0.0,3.0
4.464877128601074,24.719999313354492,30.59000015258789,8.0,1.3665075302124023,0.0003432862285990268,10.0,0.9971975684165955,0.9971975684165955,0.9971975684165955,0.0019816323183476925,0.0,0.9497363567352295,27000.0,0.0028057489544153214,-0.006428943015635014,1.1126200405442432e-08,2.146578550338745,0.4853914976119995,1.0451360940933228,10.966182708740234,-3.614908218383789,13.520143508911133,33.65585708618164,3.228555202484131,0.5524663925170898,3.78102970123291,793.4346923828125,0.7042309641838074,0.4500272572040558,0.19334180653095245,0.040327344089746475,0.6390335559844971,1.0,1.1222312450408936,0.01767311803996563,-0.05946214124560356,0.040327344089746475,0.14950425922870636,0.9866381883621216,1.4199886322021484,0.0,3.0
4.842244625091553,26.389999389648438,32.29999923706055,9.0,1.358681082725525,0.0002754429879132658,10.0,0.9999315142631531,0.9999315142631531,0.9999315142631531,4.844078284804709e-05,0.0,0.9431055188179016,30000.0,-0.014689303934574127,-0.01749505288898945,1.1285146150896708e-08,2.773510217666626,0.6269316673278809,1.2318824529647827,10.6149263381958,-0.3512563705444336,13.711687088012695,37.342262268066406,3.1217894554138184,0.5561022758483887,3.6778998374938965,815.6829833984375,0.6435638666152954,0.6919798254966736,0.2141215056180954,0.04828881844878197,0.7749412655830383,1.0,0.7793590426445007,0.02954856865108013,-2.4910268783569336,0.04828881844878197,0.12008164823055267,0.769445538520813,0.0,0.1612226516008377,0.0
5.084621429443359,26.239999771118164,31.59000015258789,10.0,1.3641725778579712,0.0003858204872813076,10.0,0.9991921782493591,0.9991921782493591,0.9991921782493591,0.0005712303100153804,0.0,0.9493780136108398,33000.0,-0.028896817937493324,-0.014207514002919197,-4.450479984541289e-09,2.2293155193328857,-0.5441946983337402,1.4981318712234497,15.280287742614746,4.665361404418945,14.419073104858398,41.087738037109375,3.188347816467285,0.5482661724090576,3.7366247177124023,802.8637084960938,0.6579427123069763,0.6082009077072144,0.16507159173488617,0.046201251447200775,0.972721517086029,1.0,1.0136773586273193,0.029219409450888634,-0.8649380803108215,0.046201251447200775,0.17177405953407288,1.7375221252441406,0.0,0.10728767514228821,0.0
4.618871688842773,23.3799991607666,28.1299991607666,11.0,1.3480443954467773,0.0003210014838259667,10.0,1.0001802444458008,1.0001802444458008,1.0001802444458008,0.00012739589146804065,0.0,0.9342730641365051,36000.0,0.003444668836891651,0.032341486774384975,-4.76837147544984e-09,2.847151279449463,0.6178357601165771,1.559544563293457,20.7293643951416,5.4490766525268555,14.223714828491211,45.042606353759766,3.3958520889282227,0.5507395267486572,3.946600914001465,760.14794921875,0.7239455580711365,0.5948968529701233,0.18248425424098969,0.03816085308790207,0.8217423558235168,1.0,0.8491811752319336,0.016726214438676834,-2.8242685794830322,0.03816085308790207,0.1406332552433014,0.9226986765861511,1.381319284439087,0.0,3.0
5.412492275238037,27.59000015258789,33.150001525878906,12.0,1.341850757598877,0.000407330080633983,10.0,0.9997860789299011,0.9997860789299011,0.9997860789299011,0.00015127909136936069,0.0,0.9280845522880554,39000.0,-0.03328653424978256,-0.03673120308667421,6.357828707947988e-10,2.4482626914978027,-0.39888858795166016,1.4067374467849731,10.505656242370605,-10.223708152770996,13.785901069641113,48.825801849365234,3.219142436981201,0.5559053421020508,3.7750566005706787,794.690185546875,0.676215648651123,0.5528693199157715,0.2556755840778351,0.04373805224895477,0.6870991587638855,1.0,1.3215240240097046,0.03343776613473892,-4.94450569152832,0.04373805224895477,0.11797402799129486,1.3512122631072998,0.0,0.12166151404380798,0.0
4.687072277069092,25.389999389648438,29.920000076293945,13.0,1.340179443359375,0.0003828037588391453,10.0,1.0020300149917603,1.0020300149917603,1.0020300149917603,0.0014355216408148408,0.0,0.9275093674659729,42000.0,-0.017717422917485237,0.015569111332297325,-1.5894572324981482e-09,1.9393390417099,-0.5089236497879028,1.3694003820419312,20.478689193725586,9.97303295135498,14.375648498535156,52.671478271484375,3.2864038944244385,0.5515451431274414,3.8379578590393066,781.665771484375,0.6233420372009277,0.581998348236084,0.22201348841190338,0.05147270858287811,0.7333217263221741,1.0,1.122807264328003,0.025469688698649406,-0.11659438908100128,0.05147270858287811,0.17016075551509857,1.1135122776031494,0.0,0.13401934504508972,0.0
3.6773760318756104,20.100000381469727,24.3700008392334,14.0,1.3247042894363403,0.00038588777533732355,10.0,0.9980854988098145,0.9980854988098145,0.9980854988098145,0.0013537287013605237,0.0,0.9129266142845154,45000.0,-0.008484370075166225,0.009233052842319012,-1.4464060171803794e-08,1.8083199262619019,-0.13101911544799805,1.161362648010254,12.114083290100098,-8.364605903625488,13.469904899597168,56.89079284667969,3.653536081314087,0.5578391551971436,4.2113847732543945,712.3548583984375,0.5511863231658936,0.4164077937602997,0.3371526002883911,0.06583139300346375,0.7554755210876465,1.0,0.8360471725463867,0.052790045738220215,-19.149429321289062,0.06583139300346375,0.1278064250946045,1.2525148391723633,1.8142685890197754,0.0,3.0
4.095897197723389,22.75,26.770000457763672,15.0,1.2982650995254517,0.0002637156576383859,10.0,0.9993249177932739,0.9993249177932739,0.9993249177932739,0.00039010896580293775,0.0,0.8887250423431396,48000.0,-0.015025896951556206,-0.00654152687638998,-6.993611467720484e-09,1.9803073406219482,0.1719874143600464,1.1794238090515137,9.923460006713867,-2.1906232833862305,12.33089828491211,60.896175384521484,3.4315590858459473,0.5659115314483643,3.9974794387817383,750.4730224609375,0.5371554493904114,0.3480207026004791,0.33274123072624207,0.06931543350219727,0.8098697066307068,2.0,1.019490361213684,0.04338611662387848,-7.080039978027344,0.06931543350219727,0.13597142696380615,0.7130241394042969,1.8616584539413452,0.0,3.0
3.964606285095215,21.790000915527344,27.040000915527344,16.0,1.274256944656372,0.00038021637010388076,10.0,0.9990048408508301,0.9990048408508301,0.9990048408508301,0.0007036837632767856,0.0,0.8676121234893799,51000.0,-0.004973048344254494,0.010052848607301712,-3.814697446813398e-09,1.7077527046203613,-0.2725546360015869,1.0992032289505005,6.780418872833252,-3.1430411338806152,12.34012508392334,64.8738021850586,3.4166359901428223,0.5533034801483154,3.9699485301971436,755.6773681640625,0.6823812127113342,0.45996013283729553,0.2032238394021988,0.04295124486088753,0.6740515232086182,1.0,0.7469658851623535,0.022755669429898262,-20.49506950378418,0.04295124486088753,0.10071554780006409,0.5022695064544678,1.465456485748291,0.0,3.0
5.168525218963623,23.40999984741211,29.450000762939453,17.0,1.238788366317749,0.0002712396380957216,10.0,0.997963011264801,0.997963011264801,0.997963011264801,0.0011923337588086724,0.0,0.837805449962616,54000.0,-0.01311308890581131,-0.008140040561556816,2.8610229740877458e-09,2.1371800899505615,0.4294273853302002,1.2129915952682495,6.975492477416992,0.19507360458374023,12.304609298706055,68.7138442993164,3.2740063667297363,0.5583841800689697,3.832399606704712,782.7994384765625,0.7506967186927795,0.31663480401039124,0.25851503014564514,0.03548957407474518,0.5272349119186401,2.0,0.6049243807792664,0.029014114290475845,-7.894822120666504,0.03548957407474518,0.045479100197553635,0.319413423538208,1.3320958614349365,0.0,3.0
5.846490383148193,25.760000228881836,31.959999084472656,18.0,1.2333414554595947,0.0002652729453984648,10.0,1.0034104585647583,1.0034104585647583,1.0034104585647583,0.0021314683835953474,0.0,0.8335840106010437,57000.0,-0.010679739527404308,0.0024333493784070015,-7.867813067718998e-09,2.925676107406616,0.7884960174560547,1.4286459684371948,10.482345581054688,3.5068531036376953,12.830601692199707,72.43418884277344,3.1527366638183594,0.5596914291381836,3.712437391281128,808.0945434570312,0.6246825456619263,0.4039932191371918,0.3069472908973694,0.05125203728675842,0.6644434928894043,2.0,0.7079581022262573,0.036610815674066544,-0.6887377500534058,0.05125203728675842,0.10923443734645844,0.8149704933166504,0.0,0.15665492415428162,0.0
5.653520584106445,24.850000381469727,31.1299991607666,19.0,1.215532898902893,0.00040090654511004686,10.0,0.9994671940803528,0.9994671940803528,0.9994671940803528,0.0003767366288229823,0.0,0.8183347582817078,60000.0,-0.009883096441626549,0.0007966430857777596,-7.1525572131747595e-09,2.562094211578369,-0.36358189582824707,1.8613611459732056,7.283727169036865,-3.1986184120178223,14.067658424377441,76.2049789428711,3.207724094390869,0.5553958415985107,3.7631285190582275,797.2091064453125,0.6201855540275574,0.40052053332328796,0.31947416067123413,0.051997989416122437,0.6458075642585754,1.0,0.7489495873451233,0.032736778259277344,-0.04349591210484505,0.051997989416122437,0.08261503279209137,0.3543517291545868,1.612420678138733,0.0,3.0
6.035678863525391,26.1299991607666,32.2400016784668,20.0,1.200907826423645,0.00027287498232908547,10.0,0.9976263046264648,0.9976263046264648,0.9976263046264648,0.0014338084729388356,0.0,0.806972324848175,63000.0,-0.00515163317322731,0.004731463268399239,-7.947285884934985e-11,2.0402638912200928,-0.5218303203582764,1.6832249164581299,6.377893447875977,-0.9058337211608887,13.654322624206543,79.95892333984375,3.1887590885162354,0.5569298267364502,3.7456977367401123,800.9189453125,0.6895348429679871,0.3396700620651245,0.2568496763706207,0.04206466302275658,0.591558575630188,2.0,0.6511767506599426,0.034440893679857254,-3.0481836795806885,0.04206466302275658,0.05632774531841278,0.4161739647388458,0.0,0.2192186713218689,0.0
5.557841777801514,24.739999771118164,30.670000076293945,21.0,1.1964219808578491,0.00041215892997570336,10.0,1.0038903951644897,1.0038903951644897,1.0038903951644897,0.0027508405037224293,0.0,0.8036271929740906,66000.0,-0.017147641628980637,-0.011996008455753326,-1.7166136956348055e-08,1.5236103534698486,-0.5166535377502441,1.652241587638855,8.199909210205078,1.8220157623291016,13.516060829162598,83.81533813476562,3.2933101654052734,0.5553009510040283,3.848620653152466,779.5001220703125,0.6728605031967163,0.4656624495983124,0.2597212493419647,0.04417532682418823,0.6920639276504517,1.0,0.8506986498832703,0.03871617093682289,-0.11847075819969177,0.04417532682418823,0.051624685525894165,0.48819059133529663,1.4861921072006226,0.0,3.0
6.286104679107666,25.270000457763672,32.02000045776367,22.0,1.2042163610458374,0.00036914963857270777,10.0,0.9997075200080872,0.9997075200080872,0.9997075200080872,0.00020677244174294174,0.0,0.8103026747703552,69000.0,-0.015687784180045128,0.0014598574489355087,3.496805733860242e-09,1.9743084907531738,0.4506981372833252,1.5509144067764282,6.278853416442871,-1.921055793762207,13.561220169067383,87.52735900878906,3.1502346992492676,0.5538315773010254,3.704075336456299,809.9188232421875,0.5730236768722534,0.5598394274711609,0.27928364276885986,0.060909464955329895,0.6877442002296448,1.0,0.860248863697052,0.04933164268732071,-0.07830299437046051,0.060909464955329895,0.09266047179698944,0.741587221622467,0.0,0.16422295570373535,0.0
6.2236328125,24.920000076293945,32.900001525878906,23.0,1.1984341144561768,0.000262973306234926,10.0,0.9966676831245422,0.9966676831245422,0.9966676831245422,0.0019767472986131907,0.0,0.805995523929596,72000.0,-0.016307469457387924,-0.0006196852773427963,9.536743617033494e-10,2.14729642868042,0.1729879379272461,1.848002314567566,5.9518141746521,-0.3270392417907715,13.726783752441406,91.24639892578125,3.1507134437561035,0.5603668689727783,3.7110893726348877,808.3881225585938,0.6218776702880859,0.33560049533843994,0.20103445649147034,0.05171540379524231,0.6745709776878357,2.0,0.6557173132896423,0.04255475848913193,-0.0004173051565885544,0.05171540379524231,0.05358625575900078,0.31345897912979126,1.608033299446106,0.0,3.0
6.314702987670898,24.920000076293945,31.950000762939453,24.0,1.1805540323257446,0.0002637935394886881,10.0,0.9984617233276367,0.9984617233276367,0.9984617233276367,0.000904772721696645,0.0,0.7915128469467163,75000.0,-0.010052260011434555,0.006255209445953369,-8.900959969082578e-09,2.0107016563415527,-0.1365947723388672,1.7378063201904297,6.100728511810303,0.14891433715820312,13.47098445892334,95.0089111328125,3.1976370811462402,0.5566291809082031,3.7542755603790283,799.0890502929688,0.8656066060066223,0.30644550919532776,0.19460271298885345,0.02669246681034565,0.4425300061702728,2.0,0.7323768138885498,0.019575562328100204,-0.006194815039634705,0.02669246681034565,0.04169917851686478,0.24432270228862762,1.1552592515945435,0.0,3.0
6.749979019165039,25.459999084472656,33.43000030517578,25.0,1.1677238941192627,0.00027548312209546566,10.0,0.9993230700492859,0.9993230700492859,0.9993230700492859,0.00039619667222723365,0.0,0.7815396785736084,78000.0,-0.0011169411009177566,0.008935318910516798,5.404154457266941e-09,2.287088632583618,0.27638697624206543,1.773816704750061,3.6258232593536377,-2.474905252456665,13.636261940002441,98.69984436035156,3.1243951320648193,0.5588181018829346,3.6832220554351807,814.5043334960938,0.8309565782546997,0.2739774286746979,0.26429733633995056,0.028964977711439133,0.4035228192806244,2.0,0.787699818611145,0.021744422614574432,-1.0446463823318481,0.028964977711439133,0.03788258507847786,0.19875063002109528,0.0,0.31722012162208557,0.0
7.6924729347229,24.75,34.52000045776367,26.0,1.1637986898422241,0.00037513262941502035,10.0,0.998630702495575,0.998630702495575,0.998630702495575,0.0009682535892352462,0.0,0.7783240675926208,81000.0,-0.0122132059186697,-0.011096264817751944,3.496805733860242e-09,3.2482006549835205,0.9611120223999023,2.2639193534851074,6.028197765350342,2.402374505996704,13.944113731384277,102.33964538574219,3.0803604125976562,0.551903247833252,3.632272243499756,825.9293823242188,0.8546912670135498,0.33705469965934753,0.20869508385658264,0.02737860381603241,0.394358366727829,1.0,0.5641251802444458,0.021855680271983147,-0.3370746970176697,0.02737860381603241,0.031091736629605293,0.17503339052200317,1.1700130701065063,0.0,3.0
7.7135820388793945,25.790000915527344,35.40999984741211,27.0,1.1583751440048218,0.00035757897421717644,10.0,0.9962651133537292,0.9962651133537292,0.9962651133537292,0.0026409777346998453,0.0,0.7741696238517761,84000.0,-0.013416762463748455,-0.0012035565450787544,-2.066294246816369e-09,2.869727373123169,-0.37847328186035156,2.27230167388916,6.331563472747803,0.30336570739746094,13.655447006225586,105.93851470947266,3.034536123275757,0.5562138557434082,3.5907585620880127,835.4781494140625,0.8228909969329834,0.4482300877571106,0.26295244693756104,0.0295355636626482,0.5106692910194397,1.0,0.650884747505188,0.026733342558145523,-1.4200786352157593,0.0295355636626482,0.03484863042831421,0.433380126953125,0.0,0.21482285857200623,0.0
6.336384296417236,24.190000534057617,31.90999984741211,28.0,1.158231258392334,0.0003665414697024971,10.0,1.0005375146865845,1.0005375146865845,1.0005375146865845,0.00038005216629244387,0.0,0.7745101451873779,87000.0,-0.01659710519015789,-0.0031803427264094353,1.462300591725807e-08,2.3993921279907227,-0.4703352451324463,2.201828718185425,4.221853256225586,-2.109710216522217,13.477361679077148,109.71994018554688,3.2183592319488525,0.5552868843078613,3.7736549377441406,794.9853515625,0.5812549591064453,0.31064948439598083,0.5135332942008972,0.05919657647609711,0.5344462394714355,1.0,0.7281824350357056,0.04056273028254509,-3.2326900959014893,0.05919657647609711,0.061307646334171295,0.20170968770980835,1.720415472984314,0.0,3.0
6.04505729675293,25.559999465942383,30.5,29.0,1.1584745645523071,0.000270659540547058,10.0,1.0008563995361328,1.0008563995361328,1.0008563995361328,0.00050878751790151,0.0,0.7753745317459106,90000.0,0.0010320686269551516,0.017629173817113042,-3.0994415922691587e-09,1.7392338514328003,-0.6601582765579224,1.6070568561553955,3.943028688430786,-0.2788245677947998,13.346558570861816,113.531494140625,3.246403217315674,0.557154655456543,3.8035666942596436,788.7334594726562,0.6930786967277527,0.2938190698623657,0.28471070528030396,0.04163559526205063,0.6846099495887756,2.0,0.5992839932441711,0.03279591724276543,-2.2761242389678955,0.04163559526205063,0.03474626690149307,0.13657769560813904,0.0,0.3826705813407898,0.0
6.878633975982666,25.100000381469727,33.380001068115234,30.0,1.1551294326782227,8.186216149397296e-08,10.0,1.0001734495162964,1.0001734495162964,1.0001734495162964,0.00028571681468747556,0.0,0.7732004523277283,93000.0,-0.006391852628439665,-0.007423921255394816,6.675720420901143e-09,2.3378360271453857,0.5986021757125854,2.0252022743225098,10.649203300476074,6.706174612045288,13.443842887878418,117.32048797607422,3.1526381969451904,0.6286277770996094,3.7812743186950684,793.3834228515625,0.672287106513977,0.0,0.40801358222961426,0.044250715523958206,0.4941181242465973,0.0,1.3119173049926758,0.025386188179254532,0.012409629300236702,0.044250715523958206,0.1576496958732605,1.3174688816070557,1.4874595403671265,0.0,1.0
6.786527156829834,23.780000686645508,31.110000610351562,31.0,1.1408823728561401,0.000279299623798579,10.0,0.9996051788330078,0.9996051788330078,0.9996051788330078,0.0002368655550526455,0.0,0.7624245882034302,96000.0,-0.013468506745994091,-0.007076654117554426,2.2252399922706445e-09,2.196873188018799,-0.14096283912658691,2.0657832622528076,4.715758323669434,-5.933444976806641,13.435476303100586,121.12020111083984,3.235895872116089,0.5561890602111816,3.7920939922332764,791.1197509765625,0.7642311453819275,0.298197478055954,0.23804298043251038,0.03424367308616638,0.4877409338951111,2.0,0.5825207829475403,0.02930547297000885,-2.5624330043792725,0.03424367308616638,0.05334937945008278,0.5763550400733948,1.308504581451416,0.0,3.0
6.302789211273193,25.93000030517578,31.719999313354492,32.0,1.1359119415283203,0.00028502222266979516,10.0,0.9978458285331726,0.9978458285331726,0.9978458285331726,0.0012478025164455175,0.0,0.7596919536590576,99000.0,-0.001724042696878314,0.011744464049115777,-2.543131483179195e-09,1.5972907543182373,-0.5995824337005615,1.8596458435058594,4.626788139343262,-0.08897018432617188,13.94759750366211,124.8941650390625,3.2022252082824707,0.5637819766998291,3.7660157680511475,796.5979614257812,0.7568264603614807,0.3062797486782074,0.2672237157821655,0.03491702303290367,0.4901665449142456,2.0,0.8267728686332703,0.02586907148361206,-2.774611711502075,0.03491702303290367,0.052917275577783585,0.3094886541366577,0.0,0.2542099952697754,0.0
6.213636875152588,23.290000915527344,30.5,33.0,1.12139892578125,0.00029382159118540585,10.0,0.9967374801635742,0.9967374801635742,0.9967374801635742,0.001919200294651091,0.0,0.7488076686859131,102000.0,-0.017845982685685158,-0.016121939988806844,3.496805733860242e-09,1.6409918069839478,0.04370105266571045,1.7266734838485718,3.569838047027588,-1.0569500923156738,13.271183967590332,128.68789672851562,3.2297496795654297,0.5564565658569336,3.786215305328369,792.34814453125,0.6944993734359741,0.2408926784992218,0.4256400465965271,0.041465431451797485,0.4335724711418152,2.0,0.6294402480125427,0.03812474012374878,-24.47797393798828,0.041465431451797485,0.019968662410974503,0.11936075240373611,1.4398860931396484,0.0,3.0
6.48967170715332,24.5,31.709999084472656,34.0,1.1184391975402832,0.00035130060859955847,10.0,0.998572826385498,0.998572826385498,0.998572826385498,0.0010091641452163458,0.0,0.745194137096405,105000.0,-0.016064239665865898,0.0017817430198192596,-3.1789144649962964e-09,1.6368985176086426,-0.004093289375305176,1.8542685508728027,5.169505596160889,1.5996675491333008,13.450830459594727,132.43353271484375,3.179892063140869,0.5577671527862549,3.73766827583313,802.6396484375,0.6641428470611572,0.2839483320713043,0.5414290428161621,0.045342642813920975,0.42754098773002625,1.0,0.9073567986488342,0.04068607836961746,-0.7821975350379944,0.045342642813920975,0.03809448704123497,0.31164395809173584,1.5057002305984497,0.0,3.0
7.507220268249512,25.290000915527344,33.279998779296875,35.0,1.1182674169540405,0.0003749509633053094,10.0,0.9961254000663757,0.9961254000663757,0.9961254000663757,0.002739798044785857,0.0,0.7443990111351013,108000.0,-0.018143270164728165,-0.0020790304988622665,-7.629394893626795e-09,1.8539029359817505,0.2170044183731079,1.9116777181625366,5.464357376098633,0.29485177993774414,13.201349258422852,136.12156677246094,3.1243515014648438,0.5559358596801758,3.6802961826324463,815.1519165039062,0.711556077003479,0.4784761667251587,0.4435526430606842,0.03950131684541702,0.4670085906982422,1.0,0.8871321082115173,0.036317434161901474,-0.1133376806974411,0.03950131684541702,0.044812727719545364,0.6307334303855896,0.0,0.178070530295372,0.0
6.4758524894714355,22.90999984741211,31.079999923706055,36.0,1.1014597415924072,0.0002976067771669477,10.0,1.0024476051330566,1.0024476051330566,1.0024476051330566,0.0014717195881530643,0.0,0.7316526174545288,111000.0,-0.018482908606529236,-0.00033963844180107117,-3.019968719542021e-09,1.429004192352295,-0.42489874362945557,2.053941488265991,3.950202703475952,-1.5141546726226807,13.328662872314453,139.8941192626953,3.2050719261169434,0.5595090389251709,3.764589548110962,796.8997192382812,0.7020136117935181,0.28958702087402344,0.2605215907096863,0.04058250039815903,0.5156363844871521,2.0,0.5134613513946533,0.039184872061014175,-25.092777252197266,0.04058250039815903,0.015591740608215332,0.17393934726715088,1.424473762512207,0.0,3.0
8.554435729980469,28.25,36.66999816894531,37.0,1.094891905784607,0.00040841122972778976,10.0,0.9964332580566406,0.9964332580566406,0.9964332580566406,0.0025220673996955156,0.0,0.7269291281700134,114000.0,-0.027237314730882645,-0.008754406124353409,1.5417734644529446e-08,2.0156328678131104,0.5866286754608154,1.983019232749939,10.72304630279541,6.772843599319458,14.293974876403809,143.45135498046875,2.981851816177368,0.5678021907806396,3.5496628284454346,845.1508178710938,0.8393673896789551,0.49491411447525024,0.18542882800102234,0.028387401252985,0.4304763376712799,1.0,0.7241372466087341,0.018887557089328766,-6.338052749633789,0.028387401252985,0.12562599778175354,1.6612790822982788,0.0,0.10972199589014053,0.0
7.977466583251953,25.540000915527344,35.310001373291016,38.0,1.09738028049469,0.00036328056012280285,10.0,0.9971873164176941,0.9971873164176941,0.9971873164176941,0.0019888817332684994,0.0,0.7285609841346741,117000.0,-0.008671823889017105,0.01856549084186554,8.583068478174027e-09,2.043820381164551,0.02818751335144043,2.3647425174713135,6.188628196716309,-4.534418106079102,14.207291603088379,147.07421875,3.0604193210601807,0.5545456409454346,3.6149742603302,829.8814697265625,0.7172967195510864,0.3573209047317505,0.33707860112190247,0.03887157887220383,0.3996763527393341,1.0,0.7034234404563904,0.031357768923044205,-0.9208776950836182,0.03887157887220383,0.04825673997402191,0.309924453496933,0.0,0.2540312111377716,0.0
6.266638278961182,23.8700008392334,31.170000076293945,39.0,1.0969420671463013,0.00041436569881625473,10.0,1.0025333166122437,1.0025333166122437,1.0025333166122437,0.0017912409966811538,0.0,0.7299402356147766,120000.0,-0.017815517261624336,-0.009143693372607231,-4.450479984541289e-09,1.5655878782272339,-0.4782325029373169,2.0331506729125977,3.673048734664917,-2.5155794620513916,13.976476669311523,150.84454345703125,3.2056503295898438,0.556990385055542,3.7626497745513916,797.310546875,0.6601656079292297,0.2695540487766266,0.5024515986442566,0.04589063674211502,0.4083127975463867,1.0,0.6094712615013123,0.04493776708841324,-5.2137017250061035,0.04589063674211502,0.01524719875305891,0.24397608637809753,1.5147714614868164,0.0,3.0
7.145178318023682,25.209999084472656,33.369998931884766,40.0,1.097975254058838,0.0003798370889853686,10.0,1.003348469734192,1.003348469734192,1.003348469734192,0.002367753768339753,0.0,0.7322978973388672,123000.0,-0.020669732242822647,-0.002854214981198311,-1.2715657415895976e-09,2.008286476135254,0.44269859790802,2.219130516052246,4.556636333465576,0.8835875988006592,14.048792839050293,154.46652221679688,3.0636444091796875,0.5505290031433105,3.6141819953918457,830.0635375976562,0.7430856227874756,0.3397161066532135,0.46011093258857727,0.036220308393239975,0.31854552030563354,1.0,0.7415027022361755,0.0345575287938118,-0.0945189893245697,0.036220308393239975,0.025304386392235756,0.3850856125354767,0.0,0.2278958112001419,0.0
7.592241287231445,26.0,35.02000045776367,41.0,1.0986957550048828,0.0003736352373380214,10.0,0.9969149231910706,0.9969149231910706,0.9969149231910706,0.002181464806199074,0.0,0.7330837249755859,126000.0,-0.014221607707440853,0.006448124535381794,-6.755193293628281e-09,1.676256775856018,-0.33202970027923584,2.428027629852295,5.8204240798950195,1.2637877464294434,14.150289535522461,158.08865356445312,3.063035726547241,0.5513677597045898,3.614412784576416,830.0104370117188,0.784659206867218,0.3600717782974243,0.2279546707868576,0.032483864575624466,0.4455527365207672,1.0,1.0959137678146362,0.029486099258065224,-2.063113212585449,0.032483864575624466,0.037935204803943634,0.4800507426261902,0.0,0.20411336421966553,0.0
6.510849475860596,23.389999389648438,31.329999923706055,42.0,1.0948346853256226,0.00039619996096007526,10.0,1.0019969940185547,1.0019969940185547,1.0019969940185547,0.001412144280038774,0.0,0.7310051918029785,129000.0,-0.009343561716377735,0.004878045991063118,1.0331471234081846e-09,1.3157737255096436,-0.3604830503463745,1.795841097831726,3.458380699157715,-2.3620433807373047,13.362996101379395,161.8689727783203,3.2206668853759766,0.5518910884857178,3.7725679874420166,795.2144165039062,0.7937560081481934,0.3183646500110626,0.250554621219635,0.03174356743693352,0.40108630061149597,1.0,0.6135395765304565,0.024486567825078964,-9.325406074523926,0.03174356743693352,0.044864777475595474,0.27736642956733704,1.2598329782485962,0.0,3.0
7.284920692443848,25.079999923706055,32.22999954223633,43.0,1.1018929481506348,0.00038385961670428514,10.0,0.9967449307441711,0.9967449307441711,0.9967449307441711,0.0023016957566142082,0.0,0.7367138266563416,132000.0,-0.004239319823682308,0.005104241892695427,4.768371808516747e-10,1.561301350593567,0.24552762508392334,1.892246961593628,4.606618404388428,1.148237705230713,13.564906120300293,165.59530639648438,3.1616978645324707,0.5569517612457275,3.718658685684204,806.7426147460938,0.8587630987167358,0.37391397356987,0.326477974653244,0.02711958810687065,0.3807958960533142,1.0,0.6474243402481079,0.0232520941644907,-0.018000662326812744,0.02711958810687065,0.02552165277302265,0.1684177815914154,0.0,0.3446045517921448,0.0
7.372375965118408,25.549999237060547,34.0099983215332,44.0,1.1091328859329224,0.00038469908758997917,10.0,0.9976787567138672,0.9976787567138672,0.9976787567138672,0.0016413949197158217,0.0,0.7419114708900452,135000.0,-0.02126528136432171,-0.0170259615406394,7.867813067718998e-09,2.2652974128723145,0.7039960622787476,2.2031409740448,9.0198335647583,4.413215160369873,14.068614959716797,169.2292022705078,3.07222580909729,0.5535895824432373,3.6258251667022705,827.39794921875,0.6316266655921936,0.4707058370113373,0.5143170356750488,0.05013130232691765,0.5118286609649658,1.0,0.9751662611961365,0.027738558128476143,-0.13975130021572113,0.05013130232691765,0.20591764152050018,1.893563151359558,0.0,0.1027720645070076,0.0
7.362830638885498,24.280000686645508,33.38999938964844,45.0,1.0969594717025757,0.00026829971466213465,10.0,1.000054121017456,1.000054121017456,1.000054121017456,3.3079180866479874e-05,0.0,0.7327252626419067,138000.0,-0.018613461405038834,0.002651819959282875,1.2079874878168084e-08,2.234689474105835,-0.030607938766479492,2.654930591583252,4.138750076293945,-4.8810834884643555,13.775888442993164,172.9066619873047,3.1106185913085938,0.5589683055877686,3.6695961952209473,817.5287475585938,0.606260359287262,0.194191113114357,0.750554621219635,0.054414115846157074,0.4003872275352478,2.0,0.7404542565345764,0.044954363256692886,-4.805115222930908,0.054414115846157074,0.031879983842372894,0.1074376329779625,1.6494563817977905,0.0,3.0
7.538305759429932,22.440000534057617,32.77000045776367,46.0,1.0822596549987793,0.0004124463303014636,10.0,0.9983152747154236,0.9983152747154236,0.9983152747154236,0.001191294752061367,0.0,0.720981776714325,141000.0,-0.016077598556876183,0.002535862848162651,6.993611467720484e-09,1.3658521175384521,-0.8688373565673828,2.059211492538452,1.8761649131774902,-2.262585163116455,12.786876678466797,176.6134033203125,3.1447622776031494,0.5538976192474365,3.6986682415008545,811.102783203125,0.788238525390625,0.2996430993080139,0.31867796182632446,0.032189518213272095,0.3801426887512207,1.0,0.5228575468063354,0.027496352791786194,-112.79759979248047,0.032189518213272095,0.016511419788002968,0.058090195059776306,1.2686514854431152,0.0,3.0
6.91602897644043,23.059999465942383,32.540000915527344,47.0,1.077905535697937,0.00039696236490271986,10.0,0.9982848167419434,0.9982848167419434,0.9982848167419434,0.0012128457892686129,0.0,0.7168909907341003,144000.0,-0.01618341915309429,-0.00010582059621810913,-2.8610229740877458e-09,1.2220265865325928,-0.14382553100585938,1.9794526100158691,2.1483263969421387,0.27216148376464844,12.857247352600098,180.3343048095703,3.1347553730010986,0.5773518085479736,3.712116241455078,808.1644897460938,0.7321047186851501,0.2716829180717468,0.5225468873977661,0.0373150035738945,0.37109842896461487,1.0,0.6184443831443787,0.025442318990826607,-55.40011978149414,0.0373150035738945,0.028395045548677444,0.06791038066148758,1.3659248352050781,0.0,3.0
7.4163689613342285,23.889999389648438,33.93000030517578,48.0,1.0708374977111816,0.0004052052681799978,10.0,0.9966887831687927,0.9966887831687927,0.9966887831687927,0.002341398037970066,0.0,0.7114726901054382,147000.0,-0.015784453600645065,0.0003989655524492264,-4.609425729995564e-09,2.3416574001312256,1.1196308135986328,2.364685297012329,3.187694787979126,1.0393683910369873,13.037256240844727,183.9698944091797,3.0722787380218506,0.555621862411499,3.6279091835021973,826.9226684570312,0.8398244976997375,0.294339656829834,0.32081693410873413,0.028356511145830154,0.3504776060581207,1.0,0.7838093638420105,0.028074633330106735,-5.22638463973999,0.028356511145830154,0.00813623983412981,0.23484766483306885,1.1907249689102173,0.0,3.0
8.178330421447754,25.309999465942383,35.91999816894531,49.0,1.0675452947616577,0.00038179036346264184,10.0,0.9947338104248047,0.9947338104248047,0.9947338104248047,0.003723730333149433,0.0,0.7082416415214539,150000.0,-0.01789872907102108,-0.0021142754703760147,2.002716037452501e-08,1.2420152425765991,-1.0996421575546265,2.3051304817199707,5.540675163269043,2.352980375289917,13.674773216247559,187.52032470703125,2.984929323196411,0.5579595565795898,3.542897939682007,846.7645263671875,0.603181779384613,0.2948261797428131,0.771060585975647,0.05497097969055176,0.39997410774230957,1.0,0.7473554611206055,0.054599978029727936,-0.18354180455207825,0.05497097969055176,0.0132349394261837,0.4721372425556183,0.0,0.2058168202638626,0.0
9.474209785461426,25.010000228881836,36.459999084472656,50.0,1.0646153688430786,8.343223356632734e-08,10.0,1.0011836290359497,1.0011836290359497,1.0011836290359497,0.0013008298119530082,0.0,0.705920934677124,153000.0,-0.006153161637485027,0.011745567433536053,6.039937439084042e-09,2.518328905105591,1.2763136625289917,3.1163384914398193,2.75284481048584,-2.787830352783203,13.725773811340332,191.16961669921875,3.01804256439209,0.6231808662414551,3.6412317752838135,823.8970947265625,0.7161677479743958,0.0,0.511107861995697,0.03899423032999039,0.3824726641178131,0.0,0.5695785880088806,0.035666368901729584,0.018709633499383926,0.03899423032999039,0.01605965383350849,0.07750098407268524,1.3963207006454468,0.0,1.0
8.104194641113281,24.850000381469727,35.11000061035156,51.0,1.0581575632095337,0.00027838762616738677,10.0,0.996959388256073,0.996959388256073,0.996959388256073,0.0017748480895534158,0.0,0.7015601992607117,156000.0,-0.020225534215569496,-0.014072372578084469,3.178914353973994e-10,2.1023640632629395,-0.41596484184265137,2.4531760215759277,4.943569660186768,2.1907248497009277,13.996193885803223,194.8079071044922,3.073558807373047,0.5571837425231934,3.6307523250579834,826.275146484375,0.6613560914993286,0.2064627856016159,0.495615690946579,0.04572557657957077,0.39022621512413025,2.0,1.1043082475662231,0.04544255509972572,-0.025549158453941345,0.04572557657957077,0.01182387676090002,0.49396926164627075,1.5120447874069214,0.0,3.0
7.324398040771484,23.950000762939453,34.09000015258789,52.0,1.0572513341903687,0.000269352865871042,10.0,0.9987980127334595,0.9987980127334595,0.9987980127334595,0.0007372965919785202,0.0,0.7011443376541138,159000.0,-0.01969095505774021,0.0005345791578292847,9.536743617033494e-10,1.7038359642028809,-0.3985280990600586,2.2777209281921387,2.970599412918091,-1.9729702472686768,14.082791328430176,198.4299774169922,3.055791139602661,0.5583815574645996,3.6141819953918457,830.0634765625,0.6707450151443481,0.23704542219638824,0.45202362537384033,0.0444544181227684,0.44175758957862854,2.0,0.8445925116539001,0.04275713488459587,-8.491090774536133,0.0444544181227684,0.014827694743871689,0.12953665852546692,1.4908795356750488,0.0,3.0
9.929142951965332,27.81999969482422,39.90999984741211,53.0,1.0610016584396362,0.000343794614309445,10.0,0.9971714615821838,0.9971714615821838,0.9971714615821838,0.0020000645890831947,0.0,0.7039070725440979,162000.0,-0.017069123685359955,0.0026218313723802567,2.8610229740877458e-09,1.6773812770843506,-0.026454687118530273,2.7000608444213867,7.139026165008545,4.168426752090454,14.314380645751953,201.88316345214844,2.887334108352661,0.5582647323608398,3.445607900619507,870.673828125,0.5904489755630493,0.4975874423980713,0.33180609345436096,0.05736739560961723,0.5376996994018555,1.0,0.8526397943496704,0.052824102342128754,-5.259327411651611,0.05736739560961723,0.08272659778594971,1.5063279867172241,0.0,0.11522725224494934,0.0
10.184329986572266,25.280000686645508,39.25,54.0,1.0658082962036133,0.00029654972604475915,10.0,1.0142120122909546,1.0142120122909546,1.0142120122909546,0.010049439035356045,0.0,0.7071266770362854,165000.0,-0.10973618924617767,-0.09266706556081772,4.847844348176977e-09,2.023791790008545,0.34641051292419434,3.0313637256622314,6.867269515991211,-0.271756649017334,13.847546577453613,205.3999786376953,2.954442262649536,0.5544049739837646,3.5088562965393066,854.9796142578125,0.4926743507385254,0.40399399399757385,0.4956227242946625,0.0823967382311821,0.5001837015151978,1.0,1.107235312461853,0.07513142377138138,-0.023532792925834656,0.0823967382311821,0.11438734829425812,1.800950050354004,0.0,0.10538145154714584,0.0
9.1279935836792,31.030000686645508,42.16999816894531,55.0,1.0847535133361816,0.0003774360229726881,10.0,1.0000709295272827,1.0000709295272827,1.0000709295272827,5.012666588299908e-05,0.0,0.7207186818122864,168000.0,-0.021057825535535812,0.08867836371064186,-2.821286537724177e-09,2.124953508377075,0.10116171836853027,2.896313428878784,11.697216033935547,4.829946517944336,15.579736709594727,208.80824279785156,2.845966100692749,0.5543696880340576,3.4003448486328125,882.2636108398438,0.6244335174560547,0.335096538066864,0.4405318796634674,0.05129292607307434,0.43220168352127075,1.0,0.8907663226127625,0.03973919898271561,-35.832008361816406,0.05129292607307434,0.10824845731258392,1.0141944885253906,0.0,0.14042821526527405,0.0
8.474026679992676,25.170000076293945,35.689998626708984,56.0,1.0891318321228027,0.00037408820935525,10.0,1.0029898881912231,1.0029898881912231,1.0029898881912231,0.0021141984034329653,0.0,0.7240930199623108,171000.0,-0.015272472985088825,0.005785352550446987,-5.563099980676611e-10,2.8083415031433105,0.6833879947662354,2.9156334400177,4.112786293029785,-7.584429740905762,13.857882499694824,212.43748474121094,3.0662214756011963,0.5550274848937988,3.62125825881958,828.4414672851562,0.6751452088356018,0.44072598218917847,0.28636664152145386,0.043876856565475464,0.4608052670955658,1.0,0.6240052580833435,0.042290881276130676,-0.05717632547020912,0.043876856565475464,0.024369990453124046,0.37446749210357666,0.0,0.23110425472259521,0.0
9.61410140991211,23.84000015258789,36.58000183105469,57.0,1.0692838430404663,0.00027410444454289973,10.0,1.0022104978561401,1.0022104978561401,1.0022104978561401,0.0013026883825659752,0.0,0.7099745869636536,174000.0,-0.02135797031223774,-0.006085497327148914,-6.039937439084042e-09,2.742147922515869,-0.0661935806274414,3.1466257572174072,5.640814781188965,1.5280284881591797,13.371545791625977,216.01083374023438,3.0078043937683105,0.5577034950256348,3.5655171871185303,841.392822265625,0.6027801632881165,0.17396795749664307,0.7032482028007507,0.05504424870014191,0.3607616722583771,2.0,1.024450421333313,0.05496220290660858,-3.2213563919067383,0.05504424870014191,-0.005836132913827896,0.4151347577571869,1.6589796543121338,0.0,3.0
8.835037231445312,26.3799991607666,36.88999938964844,58.0,1.0648784637451172,0.0002913205826189369,10.0,0.9982467889785767,0.9982467889785767,0.9982467889785767,0.0010126866400241852,0.0,0.7066175937652588,177000.0,-0.015548691153526306,0.005809279158711433,-3.496805733860242e-09,1.7691363096237183,-0.9730116128921509,2.7050650119781494,9.269684791564941,3.6288700103759766,14.705360412597656,219.58331298828125,2.9958150386810303,0.5688080787658691,3.564633369445801,841.6014404296875,0.6464139223098755,0.28685468435287476,0.28957992792129517,0.04786394536495209,0.4457037150859833,2.0,1.2930374145507812,0.028224484995007515,-0.6898592114448547,0.04786394536495209,0.22953954339027405,2.6827824115753174,0.0,0.08634202927350998,0.0
10.008096694946289,22.799999237060547,37.349998474121094,59.0,1.064576268196106,0.0004016901075374335,10.0,1.0003761053085327,1.0003761053085327,1.0003761053085327,0.00026586235617287457,0.0,0.7063447833061218,180000.0,-0.031318143010139465,-0.01576945185661316,2.781550101360608e-09,2.594615936279297,0.8254796266555786,3.4171946048736572,2.2582361698150635,-7.011448621749878,13.940768241882324,223.13168334960938,2.9841604232788086,0.5560452938079834,3.540215253829956,847.4061889648438,0.4926469027996063,0.27334773540496826,0.5872308611869812,0.0824059247970581,0.5548552870750427,1.0,0.6932881474494934,0.08213343471288681,-36.90146255493164,0.0824059247970581,-0.005976653657853603,0.13108915090560913,2.0298514366149902,0.0,3.0
7.870168685913086,22.90999984741211,33.91999816894531,60.0,1.041561245918274,0.00041475656325928867,10.0,0.9955037236213684,0.9955037236213684,0.9955037236213684,0.0031793054658919573,0.0,0.6909061074256897,183000.0,-0.023278117179870605,0.00804002583026886,2.543131483179195e-09,1.9348129034042358,-0.659803032875061,2.5079257488250732,2.9474804401397705,0.689244270324707,13.40073013305664,226.82192993164062,3.109067440032959,0.5735538005828857,3.6826298236846924,814.6353149414062,0.49539297819137573,0.2902929186820984,0.4670485556125641,0.08149486780166626,0.585985004901886,1.0,0.7820466756820679,0.0777270570397377,-20.738021850585938,0.08149486780166626,0.028157752007246017,0.21042951941490173,2.018599510192871,0.0,3.0
9.583229064941406,26.540000915527344,37.13999938964844,61.0,1.0303385257720947,0.00027374023920856416,10.0,1.0044581890106201,1.0044581890106201,1.0044581890106201,0.0026409728452563286,0.0,0.683722972869873,186000.0,0.001025427132844925,0.02430354431271553,1.2715657859985185e-08,2.9365086555480957,1.0016957521438599,3.0336220264434814,4.650021076202393,1.702540636062622,14.190382957458496,230.32647705078125,2.9396698474884033,0.5570247173309326,3.4967033863067627,857.9510498046875,0.6272821426391602,0.26375943422317505,0.41191330552101135,0.05082812160253525,0.4409942626953125,2.0,0.9476118087768555,0.037931039929389954,-8.942826271057129,0.05082812160253525,0.0584176629781723,0.2646043300628662,0.0,0.27492645382881165,0.0
11.576913833618164,25.809999465942383,41.95000076293945,62.0,1.0266896486282349,0.00038269811193458736,10.0,0.9992539286613464,0.9992539286613464,0.9992539286613464,0.0005275380681268871,0.0,0.6816819310188293,189000.0,-0.03806270286440849,-0.03908812999725342,-7.311502958629035e-09,2.537858486175537,-0.3986501693725586,3.7208173274993896,8.720826148986816,4.070805072784424,13.906827926635742,233.6800079345703,2.7908406257629395,0.5544254779815674,3.3452751636505127,896.7874145507812,0.5355960130691528,0.3757674992084503,0.6957118511199951,0.06971965730190277,0.4930766224861145,1.0,1.3697072267532349,0.06946104019880295,-0.489004522562027,0.06971965730190277,-0.01825796440243721,1.288984775543213,0.0,0.12456358224153519,0.0
8.599625587463379,24.290000915527344,35.630001068115234,63.0,1.0175563097000122,0.0002823185350280255,10.0,0.9994345903396606,0.9994345903396606,0.9994345903396606,0.0003405303868930787,0.0,0.6751846671104431,192000.0,-0.027787983417510986,0.010274719446897507,5.08626296635839e-09,1.873429775238037,-0.6644287109375,3.1043472290039062,2.710174322128296,-6.0106518268585205,13.958213806152344,237.3482666015625,3.1015217304229736,0.5587313175201416,3.660261869430542,819.613525390625,0.49611759185791016,0.21107350289821625,0.4505058228969574,0.08125698566436768,0.5318130850791931,2.0,0.9064417481422424,0.08039270341396332,-1.9063142538070679,0.08125698566436768,-0.015039075165987015,0.26169079542160034,2.015651226043701,0.0,3.0
11.510498046875,23.260000228881836,38.95000076293945,64.0,1.0071910619735718,0.0003934899577870965,10.0,0.9987240433692932,0.9987240433692932,0.9987240433692932,0.0009022235171869397,0.0,0.6679990887641907,195000.0,-0.024058761075139046,0.0037292223423719406,1.5894572324981482e-09,2.3460402488708496,0.4726104736328125,3.9876720905303955,5.317361354827881,2.607187032699585,14.84997272491455,240.7522735595703,2.8414764404296875,0.5545177459716797,3.396003246307373,883.3915405273438,0.46104687452316284,0.24509750306606293,0.7999668121337891,0.09408920258283615,0.5316107869148254,1.0,1.2219828367233276,0.07512994110584259,-14.370621681213379,0.09408920258283615,0.06315679848194122,0.21038693189620972,2.1689767837524414,0.0,3.0
11.784250259399414,24.0,40.38999938964844,65.0,0.9956309199333191,0.00040455194539390504,10.0,0.994330883026123,0.994330883026123,0.994330883026123,0.004008698742836714,0.0,0.6597469449043274,198000.0,-0.027311362326145172,-0.0032526012510061264,1.1761983387259534e-08,2.111600399017334,-0.23443984985351562,4.0650434494018555,3.2250170707702637,-2.092344284057617,14.487187385559082,244.15573120117188,2.8395462036132812,0.5560398101806641,3.3955938816070557,883.4979858398438,0.490764856338501,0.2768253982067108,0.433658242225647,0.08303917944431305,0.5640693306922913,1.0,0.8703991770744324,0.08221067488193512,-3.9699525833129883,0.08303917944431305,0.01440997701138258,0.2506295442581177,2.0376358032226562,0.0,3.0
13.106245994567871,27.649999618530273,44.95000076293945,66.0,0.9857802391052246,0.0003813359944615513,10.0,1.0013421773910522,1.0013421773910522,1.0013421773910522,0.0009490345837548375,0.0,0.6531147956848145,201000.0,-0.02297540009021759,0.004335962235927582,1.5894572769070692e-08,2.8443455696105957,0.7327451705932617,4.498928546905518,6.499128818511963,3.274111747741699,15.717449188232422,247.445068359375,2.73012375831604,0.5513012409210205,3.2814340591430664,914.2345581054688,0.44392022490501404,0.40271666646003723,0.5328288078308105,0.10148925334215164,0.623104453086853,1.0,1.2062673568725586,0.10119666159152985,-9.528898239135742,0.10148925334215164,0.014669043943285942,0.7354249358177185,0.0,0.16490955650806427,0.0
13.974997520446777,26.260000228881836,45.63999938964844,67.0,0.9754109382629395,0.00038740201853215694,10.0,1.0015853643417358,1.0015853643417358,1.0015853643417358,0.0011209937511011958,0.0,0.6467953324317932,204000.0,-0.02173003926873207,0.0012453608214855194,9.536743617033494e-10,3.0887506008148193,0.24440503120422363,5.448925971984863,6.752439498901367,0.2533106803894043,15.192268371582031,250.71945190429688,2.711073875427246,0.5556941032409668,3.2667770385742188,918.33642578125,0.46316614747047424,0.26123133301734924,0.9111646413803101,0.09323014318943024,0.42641329765319824,1.0,1.3492019176483154,0.09319180250167847,-3.4964277744293213,0.09323014318943024,-0.004160702228546143,0.4514811038970947,0.0,0.21047241985797882,0.0
16.449403762817383,25.709999084472656,47.84000015258789,68.0,0.9740714430809021,0.0004040924832224846,10.0,0.996574342250824,0.996574342250824,0.996574342250824,0.002422319957986474,0.0,0.6461601257324219,207000.0,-0.016604626551270485,0.005125412717461586,1.287460360543946e-08,4.321893692016602,1.2331430912017822,7.2546916007995605,5.33346700668335,-1.4189724922180176,14.987808227539062,253.98765563964844,2.7086684703826904,0.5516915321350098,3.260369062423706,920.141357421875,0.5553181171417236,0.29325833916664124,0.4357139766216278,0.0648554116487503,0.4819675385951996,1.0,0.9375937581062317,0.06484192609786987,-1.7714409828186035,0.0648554116487503,0.0019479766488075256,0.2813928723335266,0.0,0.26659896969795227,0.0
16.343950271606445,23.34000015258789,46.45000076293945,69.0,0.9660046696662903,0.0002748222032096237,10.0,0.993465006351471,0.993465006351471,0.993465006351471,0.0038748758379369974,0.0,0.6405532956123352,210000.0,-0.029154930263757706,-0.01255030371248722,1.1444091896350983e-08,4.435380935668945,0.11348724365234375,7.643710136413574,2.6392290592193604,-2.6942379474639893,14.726941108703613,257.2696838378906,2.716836452484131,0.557328462600708,3.2741737365722656,916.2618408203125,0.4871458113193512,0.17307418584823608,0.9335804581642151,0.08427756279706955,0.44410261511802673,2.0,0.8356974720954895,0.08372022211551666,-13.727959632873535,0.08427756279706955,-0.010569375939667225,0.20043694972991943,2.0527734756469727,0.0,3.0
16.207496643066406,25.200000762939453,47.16999816894531,70.0,0.9729902148246765,0.0003862569574266672,10.0,1.0007892847061157,1.0007892847061157,1.0007892847061157,0.0005580805009230971,0.0,0.6439955830574036,213000.0,-0.01593642681837082,0.013218503445386887,5.7220459481754915e-09,4.934037208557129,0.4986562728881836,7.027297019958496,6.236703872680664,3.5974748134613037,15.478384017944336,260.5370788574219,2.690030813217163,0.5692071914672852,3.2592477798461914,920.4580078125,0.5200334191322327,0.23892293870449066,0.6419681310653687,0.0739549845457077,0.4543839693069458,1.0,1.3726425170898438,0.07259921729564667,-0.06364096701145172,0.0739549845457077,0.025463292375206947,0.47823816537857056,0.0,0.20449979603290558,0.0
16.681594848632812,25.5,48.52000045776367,71.0,0.9840405583381653,0.0003773752541746944,10.0,1.0007520914077759,1.0007520914077759,1.0007520914077759,0.0005318369949236512,0.0,0.649786651134491,216000.0,-0.01207874994724989,0.0038576768711209297,0.0,5.33659553527832,0.4025583267211914,8.227021217346191,4.735340595245361,-1.5013632774353027,14.017987251281738,263.73046875,2.635145664215088,0.5502738952636719,3.1854281425476074,941.7887573242188,0.5472614765167236,0.2916411757469177,0.4754049777984619,0.06677904725074768,0.4312702417373657,1.0,0.7216297388076782,0.06501701474189758,-0.8623285293579102,0.06677904725074768,0.022344039753079414,0.2833411693572998,0.0,0.26568078994750977,0.0
14.740545272827148,24.81999969482422,44.720001220703125,72.0,0.9618896245956421,0.00028246481087990105,10.0,0.9999216794967651,0.9999216794967651,0.9999216794967651,0.00010992038005497307,0.0,0.6351666450500488,219000.0,-0.02813505195081234,-0.01605630200356245,0.0,4.183854103088379,-1.1527414321899414,6.570052146911621,4.760575294494629,0.025234699249267578,13.825562477111816,267.17303466796875,2.8763673305511475,0.5583617687225342,3.4347376823425293,873.4292602539062,0.41349366307258606,0.14853546023368835,0.886485755443573,0.11697477102279663,0.4490257203578949,2.0,0.7760187387466431,0.10590707510709763,-0.08978141844272614,0.11697477102279663,0.05715278163552284,0.29513290524482727,2.418416738510132,0.0,3.0
16.534896850585938,25.639999389648438,47.150001525878906,73.0,0.9484518766403198,0.00027046853210777044,10.0,1.0007590055465698,1.0007590055465698,1.0007590055465698,0.0005213326658122241,0.0,0.6259505152702332,222000.0,-0.01305357925593853,0.01508147269487381,-1.1444091896350983e-08,5.334292411804199,1.1504383087158203,8.661970138549805,6.634760856628418,1.874185562133789,15.143054962158203,270.3102722167969,2.5749261379241943,0.5544309616088867,3.1293654441833496,958.6609497070312,0.4542595148086548,0.12181556969881058,0.542691707611084,0.0969218984246254,0.47422361373901367,2.0,2.9362223148345947,0.09137696027755737,-0.4326196312904358,0.0969218984246254,0.07083715498447418,0.9049524068832397,0.0,0.1486627459526062,0.0
20.2872257232666,24.389999389648438,53.790000915527344,74.0,0.931532084941864,0.00026886709383688867,10.0,0.9954656362533569,0.9954656362533569,0.9954656362533569,0.002659974852576852,0.0,0.615233838558197,225000.0,-0.02352365478873253,-0.010470075532793999,-7.78834063908107e-09,8.24997329711914,2.9156808853149414,9.523426055908203,4.209965705871582,-2.424795150756836,13.600432395935059,273.4979248046875,2.6245503425598145,0.555654764175415,3.180213689804077,943.3328857421875,0.5791217088699341,0.2312835454940796,0.5129112005233765,0.05963348597288132,0.4992119371891022,2.0,1.0730760097503662,0.047986939549446106,-2.149420738220215,0.05963348597288132,-0.04469479247927666,0.17152076959609985,1.726752758026123,0.0,3.0
17.423187255859375,21.979999542236328,47.58000183105469,75.0,0.9271329045295715,0.00039489640039391816,10.0,0.9992898106575012,0.9992898106575012,0.9992898106575012,0.0005021375836804509,0.0,0.6121089458465576,228000.0,-0.03425426408648491,-0.01073060929775238,-2.543131483179195e-09,5.395137310028076,-2.8548359870910645,7.199846267700195,2.757423162460327,-1.4525425434112549,13.247732162475586,276.82305908203125,2.7649896144866943,0.5524740219116211,3.3174726963043213,904.302978515625,0.4803957939147949,0.2742857038974762,0.46271252632141113,0.08666256815195084,0.5709578990936279,1.0,0.6511447429656982,0.08292271941900253,-65.78522491455078,0.08666256815195084,-0.022766906768083572,0.13859692215919495,2.0816168785095215,0.0,3.0
19.265029907226562,22.770000457763672,50.02000045776367,76.0,0.915942370891571,0.00027244145167060196,10.0,0.9962632060050964,0.9962632060050964,0.9962632060050964,0.0021874632220715284,0.0,0.6053070425987244,231000.0,-0.03281005099415779,0.001444213092327118,-6.58035261835721e-08,5.0051045417785645,-0.3900327682495117,8.48163890838623,5.3842949867248535,2.6268718242645264,12.6474609375,279.96234130859375,2.573211431503296,0.5568675994873047,3.1300876140594482,958.4397583007812,0.4312500059604645,0.12212280929088593,0.8534969687461853,0.10754042863845825,0.35397911071777344,2.0,1.044318675994873,0.10302312672138214,-8.303807258605957,0.10754042863845825,-0.05194972828030586,0.5974306464195251,2.318840503692627,0.0,3.0
24.660112380981445,23.6299991607666,58.689998626708984,77.0,0.8929083347320557,0.00027323508402332664,10.0,0.9972549080848694,0.9972549080848694,0.9972549080848694,0.001617182744666934,0.0,0.5913424491882324,234000.0,-0.03158421814441681,0.001225832849740982,7.311502958629035e-09,4.639520168304443,-0.3655843734741211,10.801802635192871,4.330352783203125,-1.0539422035217285,12.969832420349121,282.9622497558594,2.433086395263672,0.5592734813690186,2.9923689365386963,1002.5504150390625,0.4879165291786194,0.18137489259243011,0.5244475603103638,0.08401152491569519,0.4646667242050171,2.0,0.6564897298812866,0.07479405403137207,-7.986298084259033,0.08401152491569519,-0.046484775841236115,0.23442819714546204,2.0495309829711914,0.0,3.0
31.784841537475586,24.5,69.38999938964844,78.0,0.8832127451896667,0.0002668215020094067,10.0,0.9975913763046265,0.9975913763046265,0.9975913763046265,0.0014248945517465472,0.0,0.585413932800293,237000.0,-0.019364502280950546,0.012219715863466263,1.4781951662712345e-08,4.8656325340271,0.22611236572265625,12.817389488220215,5.714717388153076,1.3843646049499512,13.464306831359863,286.2960205078125,2.5475738048553467,0.7780475616455078,3.3256330490112305,902.0841064453125,0.5783542990684509,0.15688376128673553,0.4507977068424225,0.05979185178875923,0.3390735983848572,2.0,1.2499843835830688,0.055442120879888535,-0.6087675094604492,0.05979185178875923,0.04158686846494675,0.39760324358940125,1.729043960571289,0.0,3.0
38.74015808105469,29.760000228881836,80.31999969482422,79.0,0.8984643816947937,0.0004003662907052785,10.0,1.0005722045898438,1.0005722045898438,1.0005722045898438,0.00040466594509780407,0.0,0.5943797826766968,240000.0,-0.03019443340599537,-0.010829931125044823,-4.990895519085825e-08,7.232123374938965,2.3664908409118652,15.25320816040039,9.902698516845703,4.187981128692627,14.094234466552734,290.2106628417969,3.137396812438965,0.7661757469177246,3.9035868644714355,768.5241088867188,0.4935629069805145,0.2812919318675995,0.5374537706375122,0.08210033178329468,0.5275151133537292,1.0,1.515889048576355,0.0806993767619133,-19.828622817993164,0.08210033178329468,0.03999027609825134,1.1415201425552368,0.0,0.13236501812934875,0.0
42.72844314575195,31.719999313354492,86.19000244140625,80.0,0.8992522358894348,0.0002711262786760926,10.0,0.9972467422485352,0.9972467422485352,0.9972467422485352,0.0016250931657850742,0.0,0.595028281211853,243000.0,-0.008366669528186321,0.021827763877809048,3.3378602104505717e-09,8.880097389221191,1.6479740142822266,16.582834243774414,6.857968807220459,-3.044729709625244,13.701471328735352,294.0688781738281,3.0877139568328857,0.7590420246124268,3.8467681407928467,779.8755493164062,0.5004799365997314,0.17897430062294006,0.6834507584571838,0.07984662801027298,0.3713301718235016,2.0,1.2687665224075317,0.07953864336013794,-132.78688049316406,0.07984662801027298,0.01023353636264801,0.3400304913520813,0.0,0.24252474308013916,0.0
43.41685104370117,31.219999313354492,86.66000366210938,81.0,0.891223132610321,0.0003904789045918733,10.0,1.005229115486145,1.005229115486145,1.005229115486145,0.00369757111184299,0.0,0.5905032753944397,246000.0,-0.052254173904657364,-0.04388750437647104,-1.8278758062706402e-08,6.465240001678467,-2.4148573875427246,17.682430267333984,7.029694080352783,0.17172527313232422,12.639245986938477,297.992919921875,3.152099847793579,0.7609784603118896,3.913090705871582,766.6575317382812,0.4923746585845947,0.27240264415740967,0.6684368848800659,0.08249707520008087,0.3695789873600006,1.0,1.9989851713180542,0.07842259109020233,-31.824254989624023,0.08249707520008087,-0.07035760581493378,1.2149252891540527,0.0,0.12830400466918945,0.0
43.01974105834961,24.65999984741211,82.48999786376953,82.0,0.8756164312362671,0.0002819882065523416,10.0,1.001673698425293,1.001673698425293,1.001673698425293,0.0010144496336579323,0.0,0.5821532011032104,249000.0,-0.021625492721796036,0.030628681182861328,-2.582867963951685e-08,8.47964859008789,2.014408588409424,20.44684600830078,2.5275115966796875,-4.502182483673096,10.92300796508789,302.11175537109375,3.265610694885254,0.8423700332641602,4.107994079589844,730.2835693359375,0.693088948726654,0.1706143617630005,0.37653103470802307,0.04163436219096184,0.307706356048584,2.0,1.259399175643921,0.04096338525414467,-0.5232270956039429,0.04163436219096184,-0.011949301697313786,0.21280252933502197,1.4428162574768066,0.0,3.0
48.52449035644531,22.770000457763672,88.87999725341797,83.0,0.866904616355896,0.0002686822263058275,10.0,0.9962748885154724,0.9962748885154724,0.9962748885154724,0.002189111663028598,0.0,0.5774523019790649,252000.0,-0.03741583973169327,-0.015790347009897232,-6.039937439084042e-09,11.061254501342773,2.581605911254883,23.870668411254883,3.6216235160827637,1.0941119194030762,9.50218677520752,305.7554931640625,2.861517906188965,0.7713818550109863,3.632910966873169,825.7842407226562,0.4291372001171112,0.13815055787563324,0.8254491090774536,0.10860195010900497,0.40240779519081116,2.0,1.4128676652908325,0.09427159279584885,-10.311756134033203,0.10860195010900497,-0.08305126428604126,0.48132163286209106,2.3302571773529053,0.0,3.0
54.017967224121094,21.59000015258789,93.69000244140625,84.0,0.8792524337768555,0.00038066625711508095,10.0,0.9983299374580383,0.9983299374580383,0.9983299374580383,0.0011808985145762563,0.0,0.5847446918487549,255000.0,-0.030024169012904167,0.007391670718789101,1.9232432535432054e-08,16.467952728271484,5.406698226928711,27.253328323364258,1.963003158569336,-1.6586203575134277,9.212882041931152,309.1241455078125,2.834195375442505,0.5238263607025146,3.358031749725342,893.3805541992188,0.6058290600776672,0.19762936234474182,0.4634467661380768,0.054491620510816574,0.32621315121650696,1.0,0.4518490433692932,0.04462582617998123,-100.87738037109375,0.054491620510816574,-0.03371945023536682,0.11524678021669388,1.6506305932998657,0.0,3.0
66.27384948730469,21.479999542236328,109.61000061035156,85.0,0.8726294636726379,0.0004062209918629378,10.0,0.9973991513252258,0.9973991513252258,0.9973991513252258,0.001839091768488288,0.0,0.5804268717765808,258000.0,-0.03419993072748184,-0.004175761714577675,7.041295191356767e-08,9.046473503112793,-7.421479225158691,35.353675842285156,2.7610087394714355,0.7980055809020996,8.723484992980957,311.669189453125,1.9727537631988525,0.5646727085113525,2.5374348163604736,1182.2967529296875,0.5007922649383545,0.18550452589988708,0.623310923576355,0.07974706590175629,0.3704220950603485,1.0,0.9942638874053955,0.07503409683704376,-60.11829376220703,0.07974706590175629,-0.031161224469542503,0.20603181421756744,1.9968359470367432,0.0,3.0
78.7496566772461,20.84000015258789,123.81999969482422,86.0,0.846294641494751,0.00026588430046103895,10.0,0.9978559613227844,0.9978559613227844,0.9978559613227844,0.0012548912782222033,0.0,0.5652252435684204,261000.0,-0.01396899949759245,0.020230931229889393,-6.373723238084494e-08,15.318037986755371,6.271564483642578,43.75162887573242,1.4646620750427246,-1.296346664428711,7.4255266189575195,314.1432189941406,1.91493558883667,0.5512704849243164,2.466214418411255,1216.4393310546875,0.8952195048332214,0.1555577665567398,0.5876677632331848,0.024955756962299347,0.21720615029335022,2.0,0.6953771114349365,0.024922525510191917,-92.75596618652344,0.024955756962299347,0.0024897195398807526,0.18653105199337006,1.117044448852539,0.0,3.0
98.03787231445312,22.25,146.27000427246094,87.0,0.83686763048172,0.0003736510407179594,10.0,0.9943029880523682,0.9943029880523682,0.9943029880523682,0.004028395749628544,0.0,0.5598530769348145,264000.0,-0.02607763186097145,-0.012108632363379002,5.324681495721961e-08,14.935439109802246,-0.382598876953125,52.11759948730469,3.821739673614502,2.3570775985717773,7.912128448486328,316.6221618652344,1.9220645427703857,0.5488271713256836,2.4709010124206543,1214.1322021484375,0.5439432859420776,0.2591893672943115,0.3842932879924774,0.06759625673294067,0.4765007793903351,1.0,1.2855006456375122,0.06753851473331451,-11.916653633117676,0.06759625673294067,0.006048433482646942,0.6335527896881104,1.838426947593689,0.0,3.0
107.60481262207031,23.299999237060547,156.9499969482422,88.0,0.8221021294593811,0.00032762985210865736,10.0,0.9982358813285828,0.9982358813285828,0.9982358813285828,0.0012474062386900187,0.0,0.5519636869430542,267000.0,-0.013923859223723412,0.01215377263724804,1.5497207073167374e-08,4.2784271240234375,-10.657011985778809,54.0256233215332,5.010689735412598,1.1889500617980957,6.977354049682617,319.1286315917969,1.9476852416992188,0.5509932041168213,2.4986870288848877,1200.6307373046875,0.49948588013648987,0.2101493626832962,0.5396219491958618,0.08016476035118103,0.4207313358783722,1.0,1.4786332845687866,0.08001218736171722,-4.734736442565918,0.08016476035118103,0.009630057960748672,0.6078155040740967,2.002058506011963,0.0,3.0
123.01551818847656,22.93000030517578,173.33999633789062,89.0,0.8110378384590149,0.00040537500171922147,10.0,1.0018081665039062,1.0018081665039062,1.0018081665039062,0.0012785667786374688,0.0,0.5452523231506348,270000.0,-0.010401305742561817,0.0035225534811615944,2.1934509319976314e-08,26.882793426513672,22.604366302490234,60.555381774902344,1.9823181629180908,-3.028371572494507,4.390970706939697,321.5648498535156,1.8780920505523682,0.5503559112548828,2.4284567832946777,1235.3525390625,1.2434650659561157,0.24732868373394012,0.4761906564235687,0.012934883125126362,0.19890280067920685,1.0,0.6750909090042114,0.012866108678281307,-30.98659324645996,0.012934883125126362,0.003082873299717903,0.13819313049316406,0.8042043447494507,0.0,3.0
135.1615753173828,23.469999313354492,188.17999267578125,90.0,0.8084732890129089,0.0003836499818135053,10.0,0.998874843120575,0.998874843120575,0.998874843120575,0.0007956482004374266,0.0,0.5434988141059875,273000.0,-0.02027197554707527,-0.009870669804513454,2.7974445870881937e-08,16.45577049255371,-10.427022933959961,60.27842330932617,2.4872491359710693,0.5049309730529785,3.6464040279388428,324.0223083496094,1.8982481956481934,0.5508337020874023,2.4490902423858643,1224.9449462890625,0.8413415551185608,0.2915133535861969,0.19299274682998657,0.02825433760881424,0.3464864194393158,1.0,0.8220697641372681,0.026502329856157303,-2.2966039180755615,0.02825433760881424,-0.042075932025909424,1.010488748550415,1.1885778903961182,0.0,3.0
152.96775817871094,23.649999618530273,208.13999938964844,91.0,0.7812650203704834,0.00026832142611965537,10.0,0.9982378482818604,0.9982378482818604,0.9982378482818604,0.001048128237016499,0.0,0.5289322137832642,276000.0,-0.016284307464957237,0.003987668082118034,-1.2731551635170035e-07,2.7723495960235596,-13.683420896530151,64.8353042602539,1.155290961265564,-1.3319581747055054,2.93880558013916,326.4980773925781,1.900515079498291,0.5676295757293701,2.4681525230407715,1215.484130859375,0.9553552865982056,0.17502887547016144,0.29603075981140137,0.02191290631890297,0.2290101945400238,2.0,0.3477061092853546,0.020840462297201157,-15.326874732971191,0.02191290631890297,-0.011285252869129181,0.11875387281179428,1.0467309951782227,0.0,3.0
172.2576141357422,23.200000762939453,230.22999572753906,92.0,0.7512666583061218,0.0002866653667297214,10.0,1.0049299001693726,1.0049299001693726,1.0049299001693726,0.0029051301535218954,0.0,0.5130668878555298,279000.0,-0.013534799218177795,0.002749508246779442,-6.80287683962888e-08,1.6404190063476562,-1.1319305896759033,69.52384185791016,0.9520598649978638,-0.2032310962677002,1.8607553243637085,328.9620056152344,1.8919062614440918,0.5642478466033936,2.456162929534912,1221.417724609375,0.5951324701309204,0.17637082934379578,0.3264727294445038,0.05646802484989166,0.3704444169998169,2.0,0.46668046712875366,0.05082974210381508,-30.955278396606445,0.05646802484989166,0.024284997954964638,0.10459943860769272,1.6802982091903687,0.0,3.0
184.06488037109375,22.809999465942383,242.44000244140625,93.0,0.7318735122680664,0.0004006924864370376,10.0,0.9970049858093262,0.9970049858093262,0.9970049858093262,0.002117794705554843,0.0,0.503136396408081,282000.0,-0.015881646424531937,-0.0023468472063541412,3.870328413313473e-08,1.6932402849197388,0.05282127857208252,70.6787109375,1.2242494821548462,0.2721896171569824,2.502703905105591,331.41845703125,1.8921122550964355,0.5565993785858154,2.4487204551696777,1225.1300048828125,0.5808495283126831,0.2652623653411865,0.43730708956718445,0.05927924066781998,0.456680029630661,1.0,0.4142073690891266,0.058571137487888336,-18.9481201171875,0.05927924066781998,-0.01338075939565897,0.2528507113456726,1.721616268157959,0.0,3.0
190.7792205810547,22.3700008392334,248.27000427246094,94.0,0.7036046981811523,0.00026789229013957083,10.0,0.9968163371086121,0.9968163371086121,0.9968163371086121,0.0018969237571582198,0.0,0.48926877975463867,285000.0,-0.020544404163956642,-0.0046627577394247055,8.583068478174027e-09,1.7391339540481567,0.04589366912841797,73.21109008789062,1.4515528678894043,0.2273033857345581,1.2599612474441528,333.9209899902344,1.9317255020141602,0.5622296333312988,2.4939639568328857,1202.904541015625,0.49933353066444397,0.2650652825832367,0.4714083969593048,0.08021368831396103,0.6635478138923645,2.0,1.0527896881103516,0.07523395121097565,-23.398109436035156,0.08021368831396103,0.03835155814886093,0.29536521434783936,2.002669334411621,0.0,3.0
198.0748291015625,24.270000457763672,255.92999267578125,95.0,0.6795811057090759,0.0003569918917492032,10.0,1.0051708221435547,1.0051708221435547,1.0051708221435547,0.0036563233006745577,0.0,0.47755923867225647,288000.0,-0.006217665039002895,0.014326739124953747,-8.265176987265477e-09,35.944278717041016,34.20514476299286,73.46076965332031,1.0672329664230347,-0.38431990146636963,2.6554837226867676,336.3811950683594,1.8950374126434326,0.5573441982269287,2.452390432357788,1223.29638671875,0.7651843428611755,0.18298152089118958,0.6060783863067627,0.03415841609239578,0.23913389444351196,1.0,0.962956428527832,0.017114106565713882,-2.0367679595947266,0.03415841609239578,0.06645377725362778,0.25909551978111267,1.3068746328353882,0.0,3.0
201.88941955566406,23.059999465942383,259.239990234375,96.0,0.6612297892570496,0.0004151581961195916,10.0,1.0030559301376343,1.0030559301376343,1.0030559301376343,0.0021608409006148577,0.0,0.4688246250152588,291000.0,-0.030979707837104797,-0.024762042798101902,6.175041278311255e-08,2.176213264465332,-33.768065452575684,74.13119506835938,1.031348705291748,-0.03588426113128662,2.123940944671631,338.8658447265625,1.919572353363037,0.5574054718017578,2.4769861698150635,1211.1494140625,0.5850372314453125,0.17156954109668732,0.4961092472076416,0.05843362584710121,0.2932625710964203,1.0,0.7069612145423889,0.04740584269165993,-45.2628173828125,0.05843362584710121,0.030274657532572746,0.08311323821544647,1.7092928886413574,0.0,3.0
212.5439910888672,21.760000228881836,270.6400146484375,97.0,0.6537615060806274,0.00018375714716967195,10.0,0.9967938661575317,0.9967938661575317,0.9967938661575317,0.0017658909782767296,0.0,0.4653213620185852,294000.0,0.0008619842701591551,0.03184169210726395,-7.518132605355277e-08,1.344459891319275,-0.8317533731460571,77.14031219482422,2.0614030361175537,1.0300543308258057,1.5512415170669556,341.3415832519531,1.9037017822265625,0.5642411708831787,2.467951536178589,1215.5833740234375,0.6606782674789429,0.215232715010643,0.2853420376777649,0.045819446444511414,0.5090240836143494,3.0,0.6878911852836609,0.031327322125434875,-28.290498733520508,0.045819446444511414,0.07330562174320221,0.3708023130893707,1.5135960578918457,0.0,3.0
219.95816040039062,20.690000534057617,276.6400146484375,98.0,0.6120449304580688,0.0002770484716165811,10.0,0.9946327209472656,0.9946327209472656,0.9946327209472656,0.003172829980030656,0.0,0.44656068086624146,297000.0,-0.017052486538887024,-0.01791447080904618,-1.0919571025169716e-07,0.9646567702293396,-0.3798031210899353,79.32000732421875,0.6716775894165039,-1.3897254467010498,1.225246787071228,343.8116149902344,1.9017128944396973,0.5603945255279541,2.462116241455078,1218.4642333984375,0.7456421256065369,0.1852276772260666,0.4074860215187073,0.035972364246845245,0.3105170726776123,2.0,0.24101799726486206,0.0357838049530983,-1365.703125,0.035972364246845245,0.0016014674911275506,0.013601644895970821,1.3411259651184082,0.0,3.0
221.2733917236328,19.600000381469727,276.54998779296875,99.0,0.6010007858276367,0.00038447187398560345,10.0,0.9967719912528992,0.9967719912528992,0.9967719912528992,0.00228253286331892,0.0,0.4414547383785248,300000.0,-0.00795158464461565,0.009100901894271374,7.947286162490741e-10,20.714534759521484,19.749877989292145,77.20162200927734,1.6196569204330444,0.9479793310165405,2.602210521697998,346.3134460449219,1.935652256011963,0.5580446720123291,2.4937057495117188,1203.0291748046875,0.5528973340988159,0.24730665981769562,0.8029759526252747,0.06542458385229111,0.44729214906692505,1.0,0.7018229365348816,0.027010176330804825,-83.59052276611328,0.06542458385229111,0.11574715375900269,0.34875988960266113,1.8086540699005127,0.0,3.0
220.46031188964844,19.8700008392334,274.6000061035156,100.0,0.5972485542297363,0.0003188922710251063,10.0,1.0007972717285156,1.0007972717285156,1.0007972717285156,0.000563700043130666,0.0,0.43975934386253357,303000.0,-0.005736985709518194,0.002214598935097456,-6.008148289993187e-08,1.1751729249954224,-19.539361834526062,78.47909545898438,3.5063421726226807,1.8866852521896362,2.2487688064575195,348.78485107421875,1.901994228363037,0.5609588623046875,2.4629621505737305,1218.0458984375,0.08969080448150635,0.31821614503860474,1.082034945487976,2.486189126968384,3.547924041748047,1.0,1.8998322486877441,0.26381993293762207,-11.130426406860352,2.486189126968384,2.2902328968048096,2.360168933868408,11.1494140625,0.0,3.0
212.9542236328125,24.3700008392334,266.45001220703125,101.0,0.5707927346229553,0.00030197607702575624,10.0,1.0002920627593994,1.0002920627593994,1.0002920627593994,0.00022806307242717594,0.0,0.4284687042236328,306000.0,-0.0187944658100605,-0.013057480100542307,-1.4781951662712345e-08,2.560910940170288,1.3857380151748657,77.45077514648438,4.964874267578125,1.4585320949554443,5.372395992279053,351.2900085449219,1.934269905090332,0.5630369186401367,2.4973154067993164,1201.2901611328125,0.7373417615890503,0.20290791988372803,0.2520219087600708,0.03678681701421738,0.34398555755615234,2.0,1.7279738187789917,0.036482155323028564,-0.4880238473415375,0.03678681701421738,0.01542792096734047,0.7812604904174805,1.356223225593567,0.0,3.0
205.5465850830078,26.309999465942383,257.54998779296875,102.0,0.5847448110580444,0.0003935662389267236,10.0,1.0043350458145142,1.0043350458145142,1.0043350458145142,0.0030653683934360743,0.0,0.4346439838409424,309000.0,-0.028526997193694115,-0.009732531383633614,-9.536743617033494e-10,5.457172870635986,2.8962619304656982,77.21416473388672,6.724739074707031,1.7598648071289062,5.649635314941406,353.7900085449219,1.9334819316864014,0.5586662292480469,2.492156982421875,1203.77685546875,0.7571314573287964,0.21785719692707062,0.3873991370201111,0.034888897091150284,0.34794723987579346,1.0,2.05764102935791,0.034789979457855225,-1.650192141532898,0.034888897091150284,-0.010081429034471512,1.027485728263855,0.0,0.13951699435710907,0.0
204.4428253173828,30.729999542236328,257.739990234375,103.0,0.5889333486557007,0.00027606557705439627,10.0,1.0058125257492065,1.0058125257492065,1.0058125257492065,0.003725888906046748,0.0,0.43630924820899963,312000.0,0.007292838301509619,0.03581983549520373,1.1126199961353223e-09,5.503232002258301,0.04605913162231445,77.96350860595703,2.9539668560028076,-3.7707722187042236,5.865800857543945,356.375244140625,1.9341185092926025,0.6433894634246826,2.5775177478790283,1163.9107666015625,0.5209261178970337,0.20045489072799683,0.7333611249923706,0.07370172441005707,0.3771633505821228,2.0,0.8814400434494019,0.05675237625837326,-64.90270233154297,0.07370172441005707,0.09258332848548889,0.5057228803634644,0.0,0.1988651603460312,0.0
203.1063232421875,30.84000015258789,255.44000244140625,104.0,0.5903271436691284,0.0002811516460496932,10.0,1.001988410949707,1.001988410949707,1.001988410949707,0.0012620730558410287,0.0,0.43692684173583984,315000.0,0.0033854939974844456,-0.003907344304025173,2.3841859042583735e-10,3.2832233905792236,-2.220008611679077,81.12562561035156,2.4580469131469727,-0.49591994285583496,4.977234840393066,358.8863525390625,1.9402966499328613,0.5628597736358643,2.5031650066375732,1198.4827880859375,0.37951579689979553,0.20741522312164307,0.558013379573822,0.13885778188705444,0.5825077891349792,2.0,1.4910056591033936,0.060722336173057556,-44.40301513671875,0.13885778188705444,0.2449248731136322,0.7677462100982666,0.0,0.16140097379684448,0.0
203.6826171875,29.610000610351562,255.3000030517578,105.0,0.5885513424873352,0.0003907764330506325,10.0,1.0052882432937622,1.0052882432937622,1.0052882432937622,0.003739380743354559,0.0,0.43615126609802246,318000.0,-0.001855805516242981,-0.0052412995137274265,3.973643192267673e-09,2.4703075885772705,-0.8129158020019531,81.89192962646484,1.6389065980911255,-0.8191403150558472,3.7446556091308594,361.3893127441406,1.9232702255249023,0.5720319747924805,2.4953114986419678,1202.2548828125,0.460299551486969,0.3086058795452118,0.35696232318878174,0.09439496695995331,0.8308626413345337,1.0,0.9704629182815552,0.05358889326453209,-36.05959701538086,0.09439496695995331,0.15503600239753723,0.5890339016914368,0.0,0.1842658370733261,0.0
192.1875,32.099998474121094,243.89999389648438,106.0,0.5941326022148132,0.00037900792085565627,10.0,0.9990262985229492,0.9990262985229492,0.9990262985229492,0.0006885108887217939,0.0,0.43868228793144226,321000.0,-0.006750862579792738,-0.004895057063549757,-7.947286384535346e-09,12.18777084350586,9.717463254928589,76.7798843383789,2.17112398147583,0.5322173833847046,4.456881999969482,363.9181213378906,1.9557764530181885,0.5649375915527344,2.5207250118255615,1190.134033203125,0.5997273921966553,0.2919430136680603,0.68975830078125,0.05560605973005295,0.32078614830970764,1.0,0.5535359978675842,0.05404198542237282,-291.0866394042969,0.05560605973005295,0.01645737886428833,0.1731666922569275,0.0,0.33984649181365967,0.0
180.84144592285156,32.59000015258789,231.6300048828125,107.0,0.6052910089492798,0.0002724282385315746,10.0,1.004667043685913,1.004667043685913,1.004667043685913,0.0027149547822773457,0.0,0.4436070919036865,324000.0,0.0004895590245723724,0.00724042160436511,-2.066294246816369e-09,4.5276689529418945,-7.660101890563965,79.28754425048828,1.4609789848327637,-0.7101449966430664,2.299793004989624,366.4776916503906,1.9886999130249023,0.5628607273101807,2.551569700241089,1175.7470703125,0.4535306692123413,0.22620905935764313,0.6709405183792114,0.09723365306854248,0.48915594816207886,2.0,1.1728155612945557,0.07023993879556656,-171.2876434326172,0.09723365306854248,0.09527626633644104,0.33628445863723755,0.0,0.2438717931509018,0.0
173.0707550048828,33.81999969482422,224.17999267578125,108.0,0.6024451851844788,0.00040536641608923674,10.0,0.9998159408569336,0.9998159408569336,0.9998159408569336,0.00013017757737543434,0.0,0.4425159990787506,327000.0,-0.014238900505006313,-0.014728459529578686,-7.78834063908107e-09,8.559256553649902,4.031587600708008,77.56805419921875,8.290610313415527,6.829631328582764,5.646410942077637,369.0216369628906,1.9775657653808594,0.5586488246917725,2.5362236499786377,1182.8612060546875,0.27103957533836365,0.24883408844470978,0.618387758731842,0.27224794030189514,0.8832677602767944,1.0,4.717679023742676,0.07715673744678497,-8.775468826293945,0.27224794030189514,1.3135842084884644,8.844598770141602,0.0,0.04755278304219246,0.0
172.7265167236328,28.6299991607666,222.55999755859375,109.0,0.5933812260627747,0.00027898643747903407,10.0,1.001157522201538,1.001157522201538,1.001157522201538,0.0007090133149176836,0.0,0.43851855397224426,330000.0,-0.012897985987365246,0.0013409145176410675,7.947286162490741e-10,41.08300018310547,32.523743629455566,79.38870239257812,1.7482759952545166,-6.542334318161011,2.3443758487701416,371.58050537109375,1.9882216453552246,0.5629220008850098,2.551152467727661,1175.939453125,0.7645687460899353,0.199322909116745,0.3384167551994324,0.034213438630104065,0.3223033547401428,2.0,1.2390457391738892,0.03409254923462868,-26.424030303955078,0.034213438630104065,0.007761335000395775,0.4982936978340149,0.0,0.20034213364124298,0.0
172.1114044189453,25.940000534057617,220.35000610351562,110.0,0.581908643245697,0.0003855901013594121,10.0,1.0004719495773315,1.0004719495773315,1.0004719495773315,0.00033369066659361124,0.0,0.43338945508003235,333000.0,-0.005434772931039333,0.0074632130563259125,1.907348723406699e-09,5.8750786781311035,-35.207921504974365,81.33172607421875,1.4535754919052124,-0.2947005033493042,1.6777713298797607,374.10369873046875,1.9545485973358154,0.5607895851135254,2.5153472423553467,1192.6783447265625,0.6203171610832214,0.28761813044548035,0.3624670207500458,0.051975931972265244,0.5227735042572021,1.0,0.6125193238258362,0.047575801610946655,-5.5468220710754395,0.051975931972265244,0.026427574455738068,0.1587262749671936,0.0,0.3549691140651703,0.0
156.33163452148438,21.450000762939453,201.1300048828125,111.0,0.5679495334625244,0.00026844561216421425,10.0,0.9971305727958679,0.9971305727958679,0.9971305727958679,0.0016934823943302035,0.0,0.42761942744255066,336000.0,-0.026020443066954613,-0.02058567013591528,1.5099843597710105e-09,14.591269493103027,8.716190814971924,76.78949737548828,3.19738507270813,1.7438095808029175,2.4601266384124756,376.6874084472656,2.011202573776245,0.5644159317016602,2.575627326965332,1164.764892578125,0.5536795854568481,0.1525629311800003,0.7131928205490112,0.06523984670639038,0.34442970156669617,2.0,1.0213367938995361,0.06520995497703552,-11.525904655456543,0.06523984670639038,-0.005711833946406841,1.0915120840072632,1.8060986995697021,0.0,3.0
156.40518188476562,22.280000686645508,202.49000549316406,112.0,0.5510030388832092,0.00037634745240211487,10.0,0.9937178492546082,0.9937178492546082,0.9937178492546082,0.004442137200385332,0.0,0.42062076926231384,339000.0,-0.03322652354836464,-0.0072060804814100266,6.039937439084042e-09,8.685125350952148,-5.906144142150879,75.44908142089844,3.6071393489837646,0.40975427627563477,4.038521766662598,379.1948547363281,1.9385898113250732,0.5608258247375488,2.4994237422943115,1200.27685546875,0.3495866060256958,0.22680065035820007,0.9631983041763306,0.16365164518356323,0.6487681865692139,1.0,0.9186365008354187,0.16103315353393555,-47.81533432006836,0.16365164518356323,-0.020124252885580063,0.1546638309955597,2.8605215549468994,0.0,3.0
160.1175537109375,19.010000228881836,203.27000427246094,113.0,0.5413833260536194,0.00037871324457228184,10.0,1.0000489950180054,1.0000489950180054,1.0000489950180054,3.461663436610252e-05,0.0,0.4166032373905182,342000.0,-0.04487201198935509,-0.011645488440990448,1.907348723406699e-09,6.178394794464111,-2.506730556488037,83.59485626220703,0.9074987769126892,-2.6996405720710754,0.8273541927337646,381.68023681640625,1.916661262512207,0.5608294010162354,2.47749924659729,1210.898681640625,0.4312983453273773,0.17689131200313568,0.7919853925704956,0.1075163185596466,0.41013675928115845,1.0,0.7937642335891724,0.03452811390161514,-360.57574462890625,0.1075163185596466,-0.08522026240825653,0.09950227290391922,2.3185806274414062,0.0,3.0
163.24005126953125,18.760000228881836,206.5800018310547,114.0,0.5278542637825012,0.0003442181914579123,10.0,0.997611939907074,0.997611939907074,0.997611939907074,0.0016886275261640549,0.0,0.4111708104610443,345000.0,-0.021096421405673027,0.02377559058368206,1.1920929132713809e-08,4.979861259460449,-1.198533535003662,78.38115692138672,1.2866395711898804,0.37914079427719116,2.3199269771575928,384.1841735839844,1.9368782043457031,0.5592284202575684,2.496115207672119,1201.86767578125,0.45274120569229126,0.19456399977207184,0.5538614988327026,0.09757305681705475,0.4297465980052948,1.0,0.8831380009651184,0.09127268940210342,-157.50613403320312,0.09757305681705475,0.039463091641664505,0.24718178808689117,2.2087674140930176,0.0,3.0
167.2480010986328,14.579999923706055,207.47000122070312,115.0,0.5209516882896423,0.00033946146140806377,10.0,1.0010803937911987,1.0010803937911987,1.0010803937911987,0.0007859797333367169,0.0,0.4084547162055969,348000.0,-0.01721937768161297,0.0038770437240600586,3.814697446813398e-09,23.51015853881836,18.53029727935791,85.00993347167969,1.048561692237854,-0.23807787895202637,1.1637048721313477,386.7107849121094,1.9517042636871338,0.5654139518737793,2.517127275466919,1191.835205078125,0.7740910649299622,0.17363497614860535,0.37643471360206604,0.03337687626481056,0.28038525581359863,2.0,0.576204776763916,0.018330033868551254,-615.135498046875,0.03337687626481056,-0.051534488797187805,0.17650234699249268,1.2918376922607422,0.0,3.0
159.64878845214844,13.569999694824219,197.10000610351562,116.0,0.5254175066947937,0.00038134129135869443,10.0,1.0015026330947876,1.0015026330947876,1.0015026330947876,0.0010625501163303852,0.0,0.41069111227989197,351000.0,-0.04229772090911865,-0.025078343227505684,-6.039937439084042e-09,13.226350784301758,-10.283807754516602,79.68318939208984,1.6652759313583374,0.6167142391204834,1.0311647653579712,389.3506774902344,2.0580806732177734,0.5734438896179199,2.6315338611602783,1140.019775390625,0.4872165024280548,0.20728930830955505,0.5947988033294678,0.08425310999155045,0.425456166267395,1.0,0.8525149822235107,0.08081351965665817,-433.8052673339844,0.08425310999155045,-0.03218415006995201,0.30114638805389404,2.052475690841675,0.0,3.0
161.77120971679688,13.770000457763672,199.5500030517578,117.0,0.5168886184692383,0.00041387215605936944,10.0,0.997750461101532,0.997750461101532,0.997750461101532,0.001590678351931274,0.0,0.4073753356933594,354000.0,-0.026026997715234756,0.016270723193883896,3.814697446813398e-09,31.03403091430664,17.807680130004883,81.8477783203125,1.6425976753234863,-0.022678256034851074,0.8215519189834595,391.857421875,1.9372656345367432,0.5607898235321045,2.498063802719116,1200.93017578125,0.5291715264320374,0.16168348491191864,0.6001564264297485,0.07142282277345657,0.3055408298969269,1.0,1.0575673580169678,0.07090848684310913,-333.7449951171875,0.07142282277345657,0.01394059881567955,0.37784940004348755,1.8897464275360107,0.0,3.0
174.5094757080078,15.300000190734863,215.3000030517578,118.0,0.4887745678424835,0.00026759831234812737,10.0,0.9991680383682251,0.9991680383682251,0.9991680383682251,0.0006207829574123025,0.0,0.3961259126663208,357000.0,-0.009192483499646187,0.01683451421558857,3.695488004495928e-08,3.302755832672119,-27.73127508163452,76.6512222290039,2.5147979259490967,0.8722002506256104,2.033271551132202,394.3206481933594,1.8940167427062988,0.5607454776763916,2.454770803451538,1222.1102294921875,0.4896593391895294,0.1465456187725067,1.3245162963867188,0.08341456949710846,0.37410086393356323,2.0,2.8942768573760986,0.0823156088590622,-32.171241760253906,0.08341456949710846,0.05667521804571152,2.922844648361206,2.042236089706421,0.0,3.0
176.43148803710938,16.06999969482422,216.49000549316406,119.0,0.4574093818664551,0.0002719528565648943,10.0,0.9948679208755493,0.9948679208755493,0.9948679208755493,0.0030307413544505835,0.0,0.38384243845939636,360000.0,-0.01902463659644127,-0.009832153096795082,-1.597404519770862e-08,2.307929515838623,-0.9948263168334961,83.76576232910156,1.9370543956756592,-0.5777435302734375,1.4611878395080566,396.7992248535156,1.9086956977844238,0.5614328384399414,2.470137357711792,1214.5076904296875,0.41033104062080383,0.1974111944437027,0.8826910853385925,0.11878488957881927,0.6013777852058411,2.0,1.2990447282791138,0.1097831055521965,-72.89217376708984,0.11878488957881927,0.0992237776517868,1.0937118530273438,2.43705677986145,0.0,3.0
181.2034149169922,14.449999809265137,220.39999389648438,120.0,0.4546440839767456,0.0003129857068415731,10.0,1.0060762166976929,1.0060762166976929,1.0060762166976929,0.004296562168747187,0.0,0.3826601505279541,363000.0,-0.14241936802864075,-0.12339473143219948,1.494089829634504e-08,2.184678077697754,-0.12325143814086914,86.79219055175781,0.789418637752533,-1.1476357579231262,0.38110125064849854,399.2459411621094,1.8812494277954102,0.5564851760864258,2.4377429485321045,1230.64697265625,0.2406136691570282,0.24748948216438293,0.9458465576171875,0.34545332193374634,1.028576135635376,1.0,0.7131465673446655,0.1536153107881546,-467.0870056152344,0.34545332193374634,-0.21380192041397095,0.2382805049419403,4.156039714813232,0.0,3.0
185.88650512695312,14.300000190734863,225.75999450683594,121.0,0.45086729526519775,0.00027536824927665293,10.0,1.0016475915908813,1.0016475915908813,1.0016475915908813,0.0014202217571437359,0.0,0.3810458183288574,366000.0,-0.04913114756345749,0.09328822046518326,1.907348590179936e-08,1.4009689092636108,-0.7837091684341431,86.91301727294922,0.6473460793495178,-0.14207255840301514,0.25903820991516113,401.6959228515625,1.8792600631713867,0.5631105899810791,2.4423794746398926,1228.310546875,0.21599996089935303,0.23377342522144318,0.8534774780273438,0.4286695718765259,1.3528555631637573,2.0,0.6786354184150696,0.39913398027420044,-598.0880126953125,0.4286695718765259,-0.07519117742776871,0.19142025709152222,4.629630088806152,0.0,3.0
187.5176239013672,14.180000305175781,226.82000732421875,122.0,0.45173630118370056,0.000396747695049271,10.0,1.0030885934829712,1.0030885934829712,1.0030885934829712,0.0021839935798197985,0.0,0.3812708556652069,369000.0,-0.027061332017183304,0.022069815546274185,6.9141385949933465e-09,1.7831323146820068,0.382163405418396,86.04006958007812,1.2162187099456787,0.5688726305961609,0.7120018005371094,404.1373596191406,1.8773951530456543,0.5562524795532227,2.4336564540863037,1232.71337890625,0.46182781457901,0.21422390639781952,0.5090999007225037,0.09377126395702362,0.4638609290122986,1.0,0.6127071976661682,0.02165154367685318,-455.5460510253906,0.09377126395702362,0.13613775372505188,0.2569822669029236,2.165309190750122,0.0,3.0
188.83058166503906,17.260000228881836,230.1199951171875,123.0,0.442480206489563,0.0003971032565459609,10.0,1.0033591985702515,1.0033591985702515,1.0033591985702515,0.002375340322032571,0.0,0.37779557704925537,372000.0,-0.022626511752605438,0.004434820264577866,4.847844348176977e-09,9.829178810119629,8.046046495437622,84.67366027832031,1.7181864976882935,0.5019677877426147,2.0786070823669434,406.59423828125,1.8918843269348145,0.5570120811462402,2.4489057064056396,1225.0372314453125,0.5885224342346191,0.15992313623428345,0.4733532965183258,0.05774359777569771,0.27173668146133423,1.0,0.9478170871734619,0.05489222705364227,-225.11497497558594,0.05774359777569771,0.02754521556198597,0.2660963535308838,1.6991705894470215,0.0,3.0
201.5785675048828,17.190000534057617,244.41000366210938,124.0,0.4221181273460388,0.00026793385040946305,10.0,1.0036524534225464,1.0036524534225464,1.0036524534225464,0.0021587186492979527,0.0,0.37004345655441284,375000.0,-0.02640487626194954,-0.003778364509344101,-1.525878978725359e-08,1.3236004114151,-8.505578398704529,86.13520050048828,1.1854571104049683,-0.5327293872833252,0.8137122392654419,409.0611267089844,1.8994262218475342,0.5595664978027344,2.4590020179748535,1220.00732421875,0.3651323914527893,0.20087289810180664,0.45003482699394226,0.15001311898231506,0.687671422958374,2.0,1.1651408672332764,0.1403382420539856,-77.36295318603516,0.15001311898231506,0.0873275101184845,0.7882368564605713,2.7387325763702393,0.0,3.0
216.98130798339844,18.3700008392334,260.9200134277344,125.0,0.40797942876815796,0.00027863969444297254,10.0,1.006149411201477,1.006149411201477,1.006149411201477,0.003646861296147108,0.0,0.36483269929885864,378000.0,-0.03313329070806503,-0.006728414446115494,-6.516774675446868e-09,1.658565640449524,0.33496522903442383,87.78785705566406,0.8719689249992371,-0.3134881854057312,1.7306777238845825,411.50714111328125,1.8767852783203125,0.561312198638916,2.4381067752838135,1230.463134765625,0.3961666524410248,0.24030745029449463,0.5422963500022888,0.12743070721626282,0.7582272291183472,2.0,0.6225932836532593,0.07594425976276398,-375.2790832519531,0.12743070721626282,0.07765531539916992,0.11712495982646942,2.5241901874542236,0.0,3.0
221.85586547851562,18.559999465942383,266.79998779296875,126.0,0.37647002935409546,0.00026924177655018866,10.0,1.0016803741455078,1.0016803741455078,1.0016803741455078,0.001003075740300119,0.0,0.35370540618896484,381000.0,-0.024038080126047134,0.009095210582017899,9.536743617033494e-10,1.0317569971084595,-0.6268086433410645,87.63705444335938,0.7570235133171082,-0.1149454116821289,0.5941925644874573,413.9633483886719,1.8879036903381348,0.560279130935669,2.4481918811798096,1225.3944091796875,0.49381062388420105,0.16625724732875824,0.9083858728408813,0.08201798796653748,0.4208527207374573,2.0,0.434409499168396,0.07824406027793884,-439.6593933105469,0.08201798796653748,-0.018867511302232742,0.0943269282579422,2.0250678062438965,0.0,3.0
223.3633575439453,15.479999542236328,265.7099914550781,127.0,0.3556651473045349,0.0002686248335521668,10.0,0.9969388842582703,0.9969388842582703,0.9969388842582703,0.001799257704988122,0.0,0.346187949180603,384000.0,-0.02847898006439209,-0.0044408999383449554,1.1126200405442432e-08,1.2621394395828247,0.23038244247436523,87.46781921386719,0.6567889451980591,-0.10023456811904907,0.8891245126724243,416.43927001953125,1.8901259899139404,0.5778377056121826,2.46797251701355,1215.5728759765625,0.3010006844997406,0.14933808147907257,0.7951486706733704,0.22074709832668304,0.6201733946800232,2.0,0.35624533891677856,0.06559230387210846,-820.983642578125,0.22074709832668304,0.13087208569049835,0.11038976907730103,3.322251558303833,0.0,3.0
226.67877197265625,15.180000305175781,268.6499938964844,128.0,0.3344752788543701,0.00039267187821678817,10.0,0.999954879283905,0.999954879283905,0.999954879283905,3.1891122489469126e-05,0.0,0.33938226103782654,387000.0,-0.012364301830530167,0.016114678233861923,-7.47044914817252e-09,1.2120178937911987,-0.05012154579162598,86.37865447998047,0.7148492336273193,0.058060288429260254,0.7597370743751526,418.8818664550781,1.879148244857788,0.5552048683166504,2.434361696243286,1232.356201171875,0.41822585463523865,0.20532262325286865,1.0680149793624878,0.11434262990951538,0.49093717336654663,1.0,0.44257742166519165,0.08245577663183212,-593.4690551757812,0.11434262990951538,0.07197985053062439,0.1624838411808014,2.391052484512329,0.0,3.0
229.97842407226562,15.489999771118164,271.510009765625,129.0,0.3258519172668457,0.00040307955350726843,10.0,1.005523681640625,1.005523681640625,1.005523681640625,0.003905888879671693,0.0,0.336672306060791,390000.0,-0.1305226981639862,-0.11815839633345604,5.404154457266941e-09,1.0112446546554565,-0.2007732391357422,90.34181213378906,0.5974269509315491,-0.11742228269577026,0.7868912220001221,421.3154602050781,1.871772050857544,0.5541276931762695,2.425908327102661,1236.650390625,0.08778437972068787,0.2792438268661499,1.6198099851608276,2.5953471660614014,3.1810193061828613,1.0,0.4682362973690033,0.4111783504486084,-440.9573669433594,2.5953471660614014,0.6692917943000793,0.20509012043476105,11.391547203063965,0.0,3.0
228.50714111328125,16.34000015258789,271.4599914550781,130.0,0.30139049887657166,0.00039335727342404425,10.0,0.9987414479255676,0.9987414479255676,0.9987414479255676,0.0008899166714400053,0.0,0.32884445786476135,393000.0,-0.00948974210768938,0.12103295605629683,-9.536743617033494e-10,2.43200945854187,1.4207648038864136,85.60838317871094,0.9403851628303528,0.3429582118988037,1.4368581771850586,423.749267578125,1.8719406127929688,0.5539014339447021,2.4258506298065186,1236.6798095703125,0.3371492028236389,0.26383334398269653,0.8000748157501221,0.17594854533672333,0.7825419902801514,1.0,0.7566543221473694,0.15619975328445435,-135.07139587402344,0.17594854533672333,0.10470665991306305,0.5551470518112183,2.96604585647583,0.0,3.0
232.51766967773438,15.319999694824219,274.260009765625,131.0,0.25728267431259155,0.0002698219905141741,10.0,0.9989827275276184,0.9989827275276184,0.9989827275276184,0.0005876736249774694,0.0,0.3145782947540283,396000.0,-0.028154468163847923,-0.018664726056158543,3.8107234701101333e-08,0.7325582504272461,-1.699451208114624,90.65702056884766,0.819152295589447,-0.12123286724090576,0.185302272439003,426.1829833984375,1.8688795566558838,0.5569925308227539,2.4258809089660645,1236.6644287109375,0.32932624220848083,0.15684828162193298,0.8292526006698608,0.18440693616867065,0.5953377485275269,2.0,0.424958735704422,0.18380522727966309,-1742.936279296875,0.18440693616867065,0.005687578581273556,0.05376060679554939,3.0365025997161865,0.0,3.0
234.8402557373047,18.510000228881836,277.0799865722656,132.0,0.25464096665382385,0.00038104751729406416,10.0,0.9998405575752258,0.9998405575752258,0.9998405575752258,0.00011270069080637768,0.0,0.31318002939224243,399000.0,-0.03282266855239868,-0.004668200388550758,-3.178914353973994e-10,0.986024796962738,0.25346654653549194,87.01164245605469,1.520984411239624,0.701832115650177,1.973904013633728,428.6157531738281,1.8721544742584229,0.5528767108917236,2.4250404834747314,1237.09326171875,0.6110597848892212,0.11159713566303253,1.5882840156555176,0.053562700748443604,0.1826288253068924,1.0,1.304529070854187,0.044875264167785645,-149.91595458984375,0.053562700748443604,-0.049401216208934784,0.2809205949306488,1.6365010738372803,0.0,3.0
238.12445068359375,18.81999969482422,280.5400085449219,133.0,0.2450449913740158,0.0004050695279147476,10.0,0.9990003705024719,0.9990003705024719,0.9990003705024719,0.000706802646163851,0.0,0.30982381105422974,402000.0,-0.03190167248249054,0.0009209960699081421,-7.47044914817252e-09,1.1058868169784546,0.11986202001571655,86.62700653076172,2.776130437850952,1.2551460266113281,1.727163553237915,431.0590515136719,1.8756775856018066,0.5594992637634277,2.435185670852661,1231.939208984375,0.5490371584892273,0.11695940792560577,1.212634563446045,0.06634778529405594,0.21302638947963715,1.0,2.6670403480529785,0.04828418791294098,-102.6943359375,0.06634778529405594,-0.08195493370294571,0.3718312680721283,1.8213703632354736,0.0,3.0
242.6671905517578,20.3799991607666,285.8800048828125,134.0,0.21979615092277527,0.00029948801966384053,10.0,0.9957647323608398,0.9957647323608398,0.9957647323608398,0.002500631846487522,0.0,0.3019692897796631,405000.0,-0.02148001827299595,0.01042165420949459,1.907348723406699e-09,0.9046144485473633,-0.2012723684310913,88.2282943725586,2.9560649394989014,0.17993450164794922,1.486027479171753,433.5263671875,1.8980584144592285,0.5612902641296387,2.459357738494873,1219.8310546875,0.3452063500881195,0.16199991106987,1.1462944746017456,0.16783109307289124,0.5866053104400635,2.0,0.6186681389808655,0.16389447450637817,-146.16973876953125,0.16783109307289124,0.023974280804395676,0.1460048109292984,2.896818161010742,0.0,3.0
243.15797424316406,19.290000915527344,285.8800048828125,135.0,0.20833297073841095,0.0003819415287580341,10.0,1.0065975189208984,1.0065975189208984,1.0065975189208984,0.004665150307118893,0.0,0.29850539565086365,408000.0,-0.07075000554323196,-0.049269987270236015,-5.7220459481754915e-09,0.783769965171814,-0.12084448337554932,89.88720703125,0.5632500052452087,-2.3928149342536926,0.9564383029937744,436.0052490234375,1.902923583984375,0.564720630645752,2.4676549434661865,1215.7294921875,0.258019357919693,0.2547557055950165,0.8002774715423584,0.30041763186454773,0.9873510599136353,1.0,0.5001330375671387,0.12954169511795044,-432.943603515625,0.30041763186454773,0.11343596875667572,0.07530444860458374,3.875678300857544,0.0,3.0
245.45138549804688,20.719999313354492,288.760009765625,136.0,0.17588964104652405,0.00028855502023361623,10.0,0.9997912049293518,0.9997912049293518,0.9997912049293518,0.00022475130390375853,0.0,0.2889414429664612,411000.0,-0.01638493314385414,0.05436507239937782,2.8610229740877458e-09,0.8487984538078308,0.06502848863601685,87.94075775146484,0.7364404797554016,0.17319047451019287,2.567188262939453,438.46209716796875,1.893770456314087,0.5553216934204102,2.4491007328033447,1224.939697265625,0.5987985134124756,0.10907451808452606,1.2402132749557495,0.055778712034225464,0.2276945561170578,2.0,0.6202569007873535,0.05542467534542084,-150.884033203125,0.055778712034225464,0.006555692292749882,0.12139108777046204,1.6700108051300049,0.0,3.0
251.3135986328125,20.510000228881836,294.4599914550781,137.0,0.15029409527778625,0.0002880681131500751,10.0,1.0007597208023071,1.0007597208023071,1.0007597208023071,0.00045602547470480204,0.0,0.2816673815250397,414000.0,-0.02155960351228714,-0.005174670368432999,3.608067800087156e-08,0.6848906874656677,-0.16390776634216309,90.29227447509766,0.5598851442337036,-0.176555335521698,1.4466592073440552,440.9084777832031,1.881141185760498,0.5576441287994385,2.438795804977417,1230.1156005859375,0.40536531805992126,0.21635396778583527,0.5824824571609497,0.12171295285224915,0.6671574711799622,2.0,0.24806450307369232,0.11903711408376694,-620.6455078125,0.12171295285224915,0.009322823025286198,0.03248140960931778,2.4669106006622314,0.0,3.0
253.01011657714844,21.170000076293945,297.19000244140625,138.0,0.12645506858825684,0.0003955695137847215,10.0,0.9987702369689941,0.9987702369689941,0.9987702369689941,0.0008695456781424582,0.0,0.27495476603507996,417000.0,-0.0222708061337471,-0.0007112026214599609,5.404154457266941e-09,0.6730071902275085,-0.01188349723815918,88.08979034423828,0.6309603452682495,0.0710752010345459,2.131777048110962,443.359619140625,1.8903427124023438,0.5528562068939209,2.4432082176208496,1227.8939208984375,0.32861214876174927,0.22377076745033264,1.5258305072784424,0.1852092742919922,0.6809571385383606,1.0,0.6091872453689575,0.18349194526672363,-600.90283203125,0.1852092742919922,-0.006474659778177738,0.024410611018538475,3.0431010723114014,0.0,3.0
249.68121337890625,22.6299991607666,294.510009765625,139.0,0.11063595861196518,0.0003965387586504221,10.0,0.9973943829536438,0.9973943829536438,0.9973943829536438,0.0018424635054543614,0.0,0.2705230116844177,420000.0,-0.024106603115797043,-0.001835796982049942,-1.1126199961353223e-09,2.2910478115081787,1.6180406212806702,88.5008316040039,3.358289957046509,2.7273296117782593,1.2272169589996338,445.7996826171875,1.8803417682647705,0.5517323017120361,2.4320826530456543,1233.510986328125,0.18327607214450836,0.24860282242298126,1.1449759006500244,0.5954132080078125,1.3564391136169434,1.0,1.6453473567962646,0.23558464646339417,-5.582389831542969,0.5954132080078125,0.6006336212158203,1.0025906562805176,5.456249237060547,0.0,3.0
252.1858367919922,23.670000076293945,295.5199890136719,140.0,0.10578000545501709,0.0003925749333575368,10.0,1.0005706548690796,1.0005706548690796,1.0005706548690796,0.000403485813876614,0.0,0.2691933810710907,423000.0,-0.026204463094472885,-0.0020978599786758423,-4.212061366359876e-09,3.3268914222717285,1.0358436107635498,89.5439682006836,0.946361780166626,-2.411928176879883,2.121328830718994,448.2465515136719,1.886371374130249,0.5518755912780762,2.43825626373291,1230.3878173828125,0.4510834813117981,0.22156088054180145,0.5964778661727905,0.0982915386557579,0.4911750257015228,1.0,2.706162929534912,0.08000655472278595,-2.3591630458831787,0.0982915386557579,0.11659684032201767,0.7434966564178467,2.2168846130371094,0.0,3.0
247.1240997314453,25.760000228881836,292.1000061035156,141.0,0.1176895871758461,0.00040676092612557113,10.0,0.9958470463752747,0.9958470463752747,0.9958470463752747,0.002936567645519972,0.0,0.27241024374961853,426000.0,0.0002328101545572281,0.026437273249030113,-1.1603037641805258e-08,4.768922805786133,1.4420313835144043,85.14462280273438,0.9884973764419556,0.04213559627532959,2.8455371856689453,450.6981506347656,1.8899216651916504,0.5538668632507324,2.4437973499298096,1227.5980224609375,0.786312997341156,0.12092217803001404,0.8347023129463196,0.03234736621379852,0.21207822859287262,1.0,1.047516942024231,0.027389954775571823,-14.28640365600586,0.03234736621379852,0.01414737943559885,0.0403735414147377,0.0,0.703827977180481,0.0
241.0437469482422,24.299999237060547,284.8999938964844,142.0,0.10327621549367905,0.0004051784344483167,10.0,0.998126745223999,0.998126745223999,0.998126745223999,0.0013245911104604602,0.0,0.2685053050518036,429000.0,-0.022984562441706657,-0.023217372596263885,9.218851459991129e-09,3.1309709548950195,-1.6379518508911133,87.80095672607422,1.5083582401275635,0.5198608636856079,3.0132174491882324,453.1748962402344,1.9144487380981445,0.5546813011169434,2.4691383838653564,1214.9990234375,0.31119605898857117,0.18385396897792816,1.9832302331924438,0.20651982724666595,0.5907979011535645,1.0,0.6024871468544006,0.19462823867797852,-2.3725178241729736,0.20651982724666595,-0.04935041815042496,0.20480561256408691,3.2134082317352295,0.0,3.0
239.29490661621094,22.489999771118164,282.0899963378906,143.0,0.07523111999034882,0.0002838635409716517,10.0,0.9987261891365051,0.9987261891365051,0.9987261891365051,0.0007354594417847693,0.0,0.26096510887145996,432000.0,-0.014621526002883911,0.008363036438822746,1.6848245465439504e-08,0.9046677947044373,-2.2263031601905823,85.61760711669922,6.212044715881348,4.703686475753784,1.0695950984954834,455.6314697265625,1.8906826972961426,0.557790994644165,2.4484822750091553,1225.2489013671875,0.6738522052764893,0.17087751626968384,1.032138705253601,0.044045399874448776,0.3169788718223572,2.0,1.4091196060180664,0.044045113027095795,-47.613502502441406,0.044045399874448776,0.00019491184502840042,0.1322619616985321,1.4840049743652344,0.0,3.0
233.69296264648438,24.3700008392334,276.2699890136719,144.0,0.07391512393951416,0.00026382930809631944,10.0,0.9986684918403625,0.9986684918403625,0.9986684918403625,0.000889775634277612,0.0,0.26058265566825867,435000.0,-0.01149076409637928,0.003130761906504631,5.404154457266941e-09,6.394996643066406,5.490328848361969,85.78255462646484,2.031419277191162,-4.1806254386901855,2.5597848892211914,458.09423828125,1.89595365524292,0.5590720176696777,2.455035924911499,1221.978271484375,1.0104765892028809,0.09474017471075058,0.3978221118450165,0.01958741992712021,0.11719738692045212,2.0,2.667475461959839,0.019482824951410294,-0.8380500078201294,0.01958741992712021,0.006955685093998909,0.46255922317504883,0.9896320104598999,0.0,3.0
234.50257873535156,23.729999542236328,276.2699890136719,145.0,0.05301707983016968,0.0002748170809354633,10.0,1.0014628171920776,1.0014628171920776,1.0014628171920776,0.0008850381127558649,0.0,0.25520795583724976,438000.0,-0.02580699883401394,-0.014316234737634659,-9.139378698286293e-10,0.6975277066230774,-5.697468936443329,89.1566390991211,2.5636789798736572,0.5322597026824951,1.6428678035736084,460.53961181640625,1.8798208236694336,0.5579171180725098,2.437746286392212,1230.6451416015625,0.458677738904953,0.13394853472709656,1.1279881000518799,0.09506368637084961,0.3650398254394531,2.0,1.8985072374343872,0.051826346665620804,-6.868807792663574,0.09506368637084961,-0.10061467438936234,0.2341335564851761,2.1801798343658447,0.0,3.0
232.98324584960938,28.700000762939453,276.2699890136719,146.0,0.054231345653533936,0.0003519203746691346,10.0,1.00147545337677,1.00147545337677,1.00147545337677,0.0010433312272652984,0.0,0.2554742991924286,441000.0,-0.013275153934955597,0.012531844899058342,2.066294246816369e-09,0.7446494698524475,0.04712176322937012,86.18942260742188,2.9415876865386963,0.37790870666503906,3.2059483528137207,462.97247314453125,1.8730435371398926,0.5518066883087158,2.424858808517456,1237.1856689453125,0.8628559112548828,0.14591729640960693,0.7723449468612671,0.026862923055887222,0.1290109008550644,1.0,3.7816836833953857,0.024630459025502205,-43.29943084716797,0.026862923055887222,0.026561502367258072,0.3160246014595032,0.0,0.2515675127506256,0.0
232.5548095703125,29.709999084472656,276.2699890136719,147.0,0.06653308868408203,0.0003580417251214385,10.0,1.0059871673583984,1.0059871673583984,1.0059871673583984,0.004233510233461857,0.0,0.25864872336387634,444000.0,-0.14638008177280426,-0.13310492783784866,1.1563301427486294e-08,0.9004993438720703,0.1558498740196228,89.5606460571289,1.4522593021392822,-1.489328384399414,2.069164991378784,465.4204406738281,1.887298822402954,0.5527303218841553,2.4400386810302734,1229.4888916015625,0.3117675185203552,0.20403994619846344,0.7723770141601562,0.20576345920562744,0.8924791812896729,1.0,1.7488603591918945,0.15221436321735382,-40.537994384765625,0.20576345920562744,-0.1711428016424179,0.5469720959663391,0.0,0.19121959805488586,0.0
232.28709411621094,30.420000076293945,276.2699890136719,148.0,0.07058089971542358,0.00040958166937343776,10.0,0.9967647194862366,0.9967647194862366,0.9967647194862366,0.002287758979946375,0.0,0.25971755385398865,447000.0,-0.02648954465985298,0.11989053711295128,-6.43730180271973e-09,0.6533701419830322,-0.24712920188903809,89.15338897705078,2.99713397026062,1.544874668121338,1.8655136823654175,467.8443908691406,1.8653161525726318,0.5506026744842529,2.4159276485443115,1241.75927734375,0.3827662765979767,0.11325189471244812,1.9706627130508423,0.13650941848754883,0.33298444747924805,1.0,5.610121726989746,0.1350070685148239,-58.21973419189453,0.13650941848754883,-0.027528034523129463,0.5044047832489014,0.0,0.19912481307983398,0.0
233.6448974609375,32.11000061035156,278.1300048828125,149.0,0.051007211208343506,0.0002716830640565604,10.0,0.9968926906585693,0.9968926906585693,0.9968926906585693,0.0018209893023595214,0.0,0.25480955839157104,450000.0,-0.007595648057758808,0.018893896602094173,7.867813067718998e-09,1.744532823562622,1.0911626815795898,88.64481353759766,1.7018102407455444,-1.2953237295150757,2.630232572555542,470.28192138671875,1.8746814727783203,0.554929256439209,2.4296205043792725,1234.760986328125,0.6721698641777039,0.12557801604270935,0.5105516910552979,0.04426615685224533,0.22115834057331085,2.0,1.154847502708435,0.043995607644319534,-544.82421875,0.04426615685224533,-0.005010213237255812,0.09278267621994019,0.0,0.4642816483974457,0.0
234.01296997070312,34.040000915527344,279.92999267578125,150.0,0.04483552277088165,0.00027163568302057683,10.0,0.994133472442627,0.994133472442627,0.994133472442627,0.003440398722887039,0.0,0.2532862722873688,453000.0,-0.013266337104141712,-0.005670689046382904,-4.76837147544984e-09,3.92229962348938,2.177766799926758,86.49436950683594,5.8323893547058105,4.130579113960266,2.4341211318969727,472.7395324707031,1.8781194686889648,0.5718159675598145,2.449944496154785,1224.5179443359375,0.4477218687534332,0.10743831098079681,0.8496967554092407,0.09977307915687561,0.31435155868530273,2.0,2.4291183948516846,0.08928555250167847,-57.304481506347656,0.09977307915687561,0.1222742348909378,1.4255971908569336,0.0,0.11844495683908463,0.0
237.5999755859375,33.650001525878906,283.3500061035156,151.0,0.04097700119018555,0.0004039730702061206,10.0,1.002313256263733,1.002313256263733,1.002313256263733,0.0016357472632080317,0.0,0.2522379457950592,456000.0,-0.03379368036985397,-0.02052734326571226,7.1525572131747595e-09,0.9029472470283508,-3.019352376461029,89.3691635131836,0.8107267022132874,-5.021662652492523,1.5700194835662842,475.1768798828125,1.8771586418151855,0.5521998405456543,2.429367780685425,1234.889404296875,0.49640989303588867,0.12654753029346466,1.2803412675857544,0.08116132020950317,0.3145514726638794,1.0,0.7210795283317566,0.06878367811441422,-2490.244384765625,0.08116132020950317,-0.019284680485725403,0.03004600666463375,0.0,0.8158711194992065,0.0
242.1965789794922,32.880001068115234,287.8399963378906,152.0,0.03696739673614502,0.0003817619290202856,10.0,1.0006755590438843,1.0006755590438843,1.0006755590438843,0.00047766428906470537,0.0,0.25119057297706604,459000.0,-0.007986221462488174,0.0258074589073658,2.543131483179195e-09,1.0448342561721802,0.14188700914382935,88.83585357666016,1.668703317642212,0.8579766154289246,2.0899295806884766,477.626708984375,1.8895223140716553,0.5527420043945312,2.4422733783721924,1228.364013671875,0.41193005442619324,0.22351428866386414,1.186007022857666,0.11786448955535889,0.32705163955688477,1.0,1.1635451316833496,0.1050858125090599,-66.04490661621094,0.11786448955535889,0.10959324985742569,0.939900279045105,0.0,0.14587272703647614,0.0
240.15826416015625,33.0,285.92999267578125,153.0,0.04253993555903435,0.00038911987212486565,10.0,0.9965865015983582,0.9965865015983582,0.9965865015983582,0.0024137499276548624,0.0,0.2525511085987091,462000.0,-0.024389781057834625,-0.01640355959534645,5.563100202721216e-09,1.2516649961471558,0.20683073997497559,86.71503448486328,1.0901763439178467,-0.5785269737243652,1.8580352067947388,480.0932312011719,1.9036448001861572,0.5549275875091553,2.45858097076416,1220.21630859375,0.5038619637489319,0.1899748295545578,1.4783885478973389,0.07877834141254425,0.2651788592338562,1.0,1.3160679340362549,0.06964509934186935,-203.47235107421875,0.07877834141254425,-0.053595513105392456,0.3145081400871277,0.0,0.2521732747554779,0.0
241.77622985839844,29.3700008392334,286.0400085449219,154.0,0.050196629017591476,0.0003890284278895706,10.0,1.0000311136245728,1.0000311136245728,1.0000311136245728,2.2085270757088438e-05,0.0,0.2544562518596649,465000.0,-0.0016048774123191833,0.022784903645515442,1.0808308914533882e-08,0.9924145340919495,-0.2592504620552063,91.3769302368164,0.9301471710205078,-0.16002917289733887,0.39916592836380005,482.54583740234375,1.8824899196624756,0.5622785091400146,2.444777011871338,1227.10595703125,0.19359508156776428,0.25859570503234863,0.717323362827301,0.5336313247680664,1.3374909162521362,1.0,0.9385212659835815,0.11045226454734802,-18.741682052612305,0.5336313247680664,0.6563079953193665,1.0178674459457397,0.0,0.14017461240291595,0.0
243.36740112304688,28.0,286.0400085449219,155.0,0.051015716046094894,0.0004045679233968258,10.0,0.9983012080192566,0.9983012080192566,0.9983012080192566,0.0012012694496661425,0.0,0.2546440064907074,468000.0,-0.0031770309433341026,-0.0015721535310149193,4.625320570994518e-08,0.640501081943512,-0.3519134521484375,91.85857391357422,0.6180668473243713,-0.3120803236961365,0.34479576349258423,485.01605224609375,1.8981859683990479,0.5643794536590576,2.462574005126953,1218.2379150390625,0.48942622542381287,0.14838270843029022,1.083635687828064,0.08349403738975525,0.3455148935317993,1.0,0.7787071466445923,0.08279559761285782,-202.2981414794922,0.08349403738975525,0.005574019160121679,0.04448438435792923,0.0,0.6705191135406494,0.0
241.31338500976562,25.1299991607666,283.0,156.0,0.041625767946243286,0.0002980077115353197,10.0,0.9968716502189636,0.9968716502189636,0.9968716502189636,0.0018167218659073114,0.0,0.252273291349411,471000.0,-0.0057649025693535805,-0.002587871626019478,-2.38418573772492e-09,1.630958080291748,0.9904569983482361,87.56649780273438,1.3798749446868896,0.7618080973625183,2.3930675983428955,487.4727478027344,1.8926753997802734,0.5558271408081055,2.4485104084014893,1225.2349853515625,0.6838170289993286,0.11014112830162048,0.6989922523498535,0.04277106374502182,0.2889286279678345,2.0,2.993849992752075,0.037679314613342285,-0.019966598600149155,0.04277106374502182,0.04640080779790878,0.4228476583957672,0.0,0.21748186647891998,0.0
231.06781005859375,22.940000534057617,270.2300109863281,157.0,0.034879427403211594,0.0004139183147344738,10.0,0.9973910450935364,0.9973910450935364,0.9973910450935364,0.0018447956535965204,0.0,0.25057315826416016,474000.0,-0.04268105700612068,-0.0369161544367671,3.9736429424674924e-11,3.4132730960845947,1.7823150157928467,88.22525787353516,1.4528809785842896,0.0730060338973999,1.5480895042419434,489.96923828125,1.9362504482269287,0.552340030670166,2.488600254058838,1205.497314453125,0.3430211544036865,0.12842947244644165,1.625091791152954,0.16997620463371277,0.3744068443775177,1.0,1.2428555488586426,0.13027583062648773,-12.071459770202637,0.16997620463371277,-0.11803886294364929,0.3509582579135895,2.9152719974517822,0.0,3.0
232.38673400878906,21.299999237060547,271.04998779296875,158.0,0.04161040112376213,0.0003655813925433904,10.0,1.0062114000320435,1.0062114000320435,1.0062114000320435,0.00439215125516057,0.0,0.2522691786289215,477000.0,-0.02831456810235977,0.01436648890376091,2.3682911631794923e-08,1.592994213104248,-1.8202788829803467,89.36930084228516,0.8642299771308899,-0.5886510014533997,2.0248146057128906,492.4173583984375,1.8810617923736572,0.5595154762268066,2.4405863285064697,1229.2130126953125,0.7365124821662903,0.12682175636291504,0.8113411068916321,0.036869704723358154,0.1721922606229782,1.0,1.916481614112854,0.034499719738960266,-49.796791076660156,0.036869704723358154,0.025520361959934235,0.27480703592300415,1.3577502965927124,0.0,3.0
233.22451782226562,19.1200008392334,271.04998779296875,159.0,0.041517097502946854,0.0003005579928867519,10.0,1.0073628425598145,1.0073628425598145,1.0073628425598145,0.005206315778195858,0.0,0.2522542476654053,480000.0,-0.03721706196665764,-0.008902493864297867,-9.85463444180823e-09,0.9045660495758057,-0.6884281635284424,88.98469543457031,0.6744541525840759,-0.18977582454681396,1.9886404275894165,494.85076904296875,1.8836157321929932,0.5401773452758789,2.423801898956299,1237.72509765625,0.40326574444770813,0.12034216523170471,2.0305047035217285,0.12298363447189331,0.2984190583229065,1.0,1.5019474029541016,0.1209939569234848,-354.85748291015625,0.12298363447189331,-0.013922879472374916,0.09742626547813416,2.4797544479370117,0.0,3.0
231.9628448486328,22.280000686645508,270.55999755859375,160.0,0.027109483256936073,0.000409900676459074,10.0,1.0005298852920532,1.0005298852920532,1.0005298852920532,0.00037471356336027384,0.0,0.24864690005779266,483000.0,-0.027369391173124313,0.009847670793533325,2.376238583678969e-08,1.4350823163986206,0.5305162668228149,80.82787322998047,3.8966879844665527,3.222233831882477,6.092036247253418,497.2425842285156,1.8465628623962402,0.5366175174713135,2.383188247680664,1258.818115234375,0.5961974263191223,0.12230950593948364,1.167009711265564,0.05626647174358368,0.2051493525505066,1.0,7.7218708992004395,0.05599353089928627,-12.973816871643066,0.05626647174358368,-0.012466223910450935,0.5693781971931458,1.677296757698059,0.0,3.0
232.3708038330078,23.450000762939453,270.5199890136719,161.0,0.007319689262658358,0.0002733720757532865,10.0,1.005940556526184,1.005940556526184,1.005940556526184,0.0035288548097014427,0.0,0.24384406208992004,486000.0,-0.02700311876833439,0.0003662724047899246,-1.0013580187262505e-08,1.9001003503799438,0.46501803398132324,87.40079498291016,0.951991856098175,-2.9446961283683777,3.1777193546295166,499.6217956542969,1.8297820091247559,0.5416033267974854,2.3713936805725098,1265.0791015625,0.9208535552024841,0.12277592718601227,0.3246639668941498,0.023585695773363113,0.16666044294834137,2.0,0.8335294723510742,0.019823351874947548,-25.07000732421875,0.023585695773363113,-0.018980614840984344,0.09575514495372772,1.0859489440917969,0.0,3.0
231.90731811523438,24.239999771118164,270.5199890136719,162.0,-0.005070250015705824,0.00041603707359172404,10.0,1.0079015493392944,1.0079015493392944,1.0079015493392944,0.0055872672237455845,0.0,0.24080412089824677,489000.0,-0.07295440137386322,-0.04595128260552883,-9.218851459991129e-09,0.6391558051109314,-1.2609445452690125,91.2818832397461,0.7479166388511658,-0.20407521724700928,1.712727427482605,502.00433349609375,1.835458755493164,0.5397262573242188,2.3751940727233887,1263.054931640625,0.27721408009529114,0.20311909914016724,1.1902234554290771,0.26025521755218506,0.7327155470848083,1.0,0.8924387097358704,0.2498805671930313,-4.409633159637451,0.26025521755218506,-0.03678040951490402,0.1303946077823639,3.6073203086853027,0.0,3.0
241.98419189453125,23.670000076293945,280.95001220703125,163.0,-0.03003208339214325,0.0002888391900341958,10.0,0.9969313740730286,0.9969313740730286,0.9969313740730286,0.0020123061258345842,0.0,0.2348361313343048,492000.0,-0.011511248536407948,0.06144315283745527,-1.1444091896350983e-08,0.653077244758606,0.01392143964767456,91.0210189819336,1.0525901317596436,0.3046734929084778,0.8205756545066833,504.3805236816406,1.8151657581329346,0.5533337593078613,2.3685083389282227,1266.6202392578125,0.35177522897720337,0.2526167631149292,0.4785066843032837,0.1616216003894806,0.8976496458053589,2.0,0.5894440412521362,0.1614254117012024,-18.993356704711914,0.1616216003894806,-0.004272231832146645,0.09303458034992218,2.842724323272705,0.0,3.0
240.95794677734375,25.940000534057617,280.95001220703125,164.0,-0.04471559822559357,0.0002865019778255373,10.0,1.00049889087677,1.00049889087677,1.00049889087677,0.00029047299176454544,0.0,0.2314145416021347,495000.0,0.006304939743131399,0.017816188279539347,-1.0490417423625331e-08,0.6802933216094971,0.027216076850891113,90.06183624267578,0.9656332731246948,-0.08695685863494873,2.147512435913086,506.7496643066406,1.821485996246338,0.5398709774017334,2.361366033554077,1270.4512939453125,0.7179061770439148,0.12741857767105103,0.8157458305358887,0.038805607706308365,0.18655897676944733,2.0,1.7388697862625122,0.01667346991598606,-5.519448280334473,0.038805607706308365,0.059416428208351135,0.15951064229011536,0.0,0.3540952801704407,0.0
240.3397979736328,27.899999618530273,280.95001220703125,165.0,-0.0548747181892395,0.00026938228984363377,10.0,0.9951508045196533,0.9951508045196533,0.9951508045196533,0.0028444493655115366,0.0,0.2291981279850006,498000.0,0.007810228504240513,0.0015052887611091137,1.462300591725807e-08,0.6110101342201233,-0.06928318738937378,90.7478256225586,1.6432774066925049,0.6776441335678101,2.601454019546509,509.11279296875,1.8164770603179932,0.5376436710357666,2.354130268096924,1274.356201171875,0.39002442359924316,0.13943162560462952,0.8549684882164001,0.13147595524787903,0.358736515045166,2.0,2.170351505279541,0.11308301985263824,-51.11396026611328,0.13147595524787903,0.055000774562358856,0.1644698977470398,0.0,0.3487159013748169,0.0
