Metrics/EpRet,Metrics/EpCost,Metrics/EpLen,Train/Epoch,Train/Entropy,Train/KL,Train/StopIter,Train/PolicyRatio,Train/PolicyRatio/Min,Train/PolicyRatio/Max,Train/PolicyRatio/Std,Train/LR,Train/PolicyStd,TotalEnvSteps,Loss/Loss_pi,Loss/Loss_pi/Delta,Value/Adv,Loss/Loss_reward_critic,Loss/Loss_reward_critic/Delta,Value/reward,Loss/Loss_cost_critic,Loss/Loss_cost_critic/Delta,Value/cost,Time/Total,Time/Rollout,Time/Update,Time/Epoch,Time/FPS,Metrics/LagrangeMultiplier
8.105704307556152,20.28333282470703,33.21666717529297,0.0,1.4185903072357178,0.010665426030755043,5.0,0.9986013174057007,0.9986013174057007,0.9986013174057007,0.016386043280363083,0.00029880000511184335,0.9996519088745117,2000.0,-0.00308404304087162,-0.00308404304087162,-0.16745854914188385,4.62784481048584,4.62784481048584,0.2778013050556183,48.939945220947266,48.939945220947266,-0.19088859856128693,1.515092372894287,1.0611250400543213,0.45377588272094727,1.5149242877960205,1320.1983642578125,0.0
10.240070343017578,21.229999542236328,35.95000076293945,1.0,1.4169397354125977,0.0018133058911189437,10.0,0.9991122484207153,0.9991122484207153,0.9991122484207153,0.00829983875155449,0.0002975999959744513,0.998004138469696,4000.0,-0.003509660018607974,-0.0004256169777363539,0.7038474082946777,9.790059089660645,5.162214279174805,2.163928985595703,20.712297439575195,-28.22764778137207,4.542180061340332,3.4730782508850098,1.076720952987671,0.8757898807525635,1.95253324508667,1024.310546875,0.0
13.94259262084961,22.229999542236328,40.56999969482422,2.0,1.410076379776001,0.002802614588290453,10.0,1.0000238418579102,1.0000238418579102,1.0000238418579102,0.009448710829019547,0.00029639998683705926,0.9911840558052063,6000.0,0.0013433286221697927,0.004852988640777767,-0.448451429605484,11.840130805969238,2.0500717163085938,3.9744350910186768,18.956417083740234,-1.755880355834961,10.004673957824707,5.408163070678711,1.0374834537506104,0.8914961814880371,1.9290010929107666,1036.80615234375,0.0
16.747638702392578,22.979999542236328,43.790000915527344,3.0,1.395237684249878,0.004376194439828396,10.0,0.998621940612793,0.998621940612793,0.998621940612793,0.010573114268481731,0.00029520000680349767,0.9765864610671997,8000.0,-0.003347075078636408,-0.0046904037008062005,-0.40275150537490845,11.400880813598633,-0.43924999237060547,5.833481311798096,13.49255657196045,-5.463860511779785,12.946783065795898,7.403166770935059,1.0352191925048828,0.9538652896881104,1.9891109466552734,1005.4745483398438,0.0
18.424053192138672,22.729999542236328,44.349998474121094,4.0,1.3865671157836914,0.0036012879572808743,10.0,0.998896598815918,0.998896598815918,0.998896598815918,0.011128801852464676,0.00029399999766610563,0.9681480526924133,10000.0,-0.0036300451029092073,-0.0002829700242727995,-0.0800115168094635,15.90423583984375,4.503355026245117,6.443960666656494,14.778749465942383,1.2861928939819336,14.950392723083496,9.32064437866211,1.0324645042419434,0.879145622253418,1.9116363525390625,1046.2242431640625,0.0
20.289609909057617,23.15999984741211,45.79999923706055,5.0,1.3857743740081787,0.006111740134656429,10.0,1.0040013790130615,1.0040013790130615,1.0040013790130615,0.015257366932928562,0.0002927999885287136,0.9673800468444824,12000.0,-0.003394030500203371,0.0002360146027058363,-0.37129470705986023,14.350786209106445,-1.5534496307373047,7.092759609222412,15.477470397949219,0.6987209320068359,15.710538864135742,11.28044319152832,1.0709383487701416,0.8830599784851074,1.9540205001831055,1023.5308227539062,0.0
21.858997344970703,21.739999771118164,45.56999969482422,6.0,1.388942837715149,0.0015952419489622116,10.0,1.0026627779006958,1.0026627779006958,1.0026627779006958,0.006659119855612516,0.000291600008495152,0.9704521298408508,14000.0,2.641212267917581e-05,0.003420442622882547,0.20824363827705383,17.331453323364258,2.9806671142578125,8.18892765045166,20.563154220581055,5.085683822631836,16.77410316467285,13.180459976196289,1.0282580852508545,0.865349292755127,1.893630027770996,1056.172607421875,0.0
23.95185089111328,21.440000534057617,47.27000045776367,7.0,1.3881263732910156,0.002995005575940013,10.0,1.0007951259613037,1.0007951259613037,1.0007951259613037,0.01027587242424488,0.00029039999935775995,0.9696582555770874,16000.0,-0.003262424375861883,-0.003288836498541059,0.08045317977666855,10.41867446899414,-6.912778854370117,7.88294792175293,9.643178939819336,-10.919975280761719,16.33277130126953,15.058781623840332,1.0055890083312988,0.8666431903839111,1.872253179550171,1068.231689453125,0.0
24.839506149291992,21.260000228881836,47.91999816894531,8.0,1.385058045387268,0.0012410845374688506,10.0,0.9984531402587891,0.9984531402587891,0.9984531402587891,0.006542435381561518,0.0002891999902203679,0.9666873812675476,18000.0,-0.0016066901152953506,0.0016557342605665326,0.30656617879867554,16.58748435974121,6.16880989074707,9.427565574645996,17.847810745239258,8.204631805419922,16.947925567626953,17.044490814208984,1.0127837657928467,0.9670195579528809,1.9798288345336914,1010.1885986328125,0.0
27.234312057495117,24.149999618530273,53.45000076293945,9.0,1.3775545358657837,0.0020177497062832117,10.0,0.9995718002319336,0.9995718002319336,0.9995718002319336,0.008572164922952652,0.0002880000101868063,0.9594680666923523,20000.0,-0.0006536159780807793,0.0009530741372145712,0.05715589225292206,10.081321716308594,-6.506162643432617,8.927728652954102,10.766958236694336,-7.080852508544922,16.633804321289062,18.926881790161133,1.001546859741211,0.8747587203979492,1.876326322555542,1065.9129638671875,0.0
25.60843276977539,22.610000610351562,49.7400016784668,10.0,1.367234468460083,0.0014548075851053,10.0,0.99908047914505,0.99908047914505,0.99908047914505,0.007161069195717573,0.0002868000010494143,0.9496126174926758,22000.0,-0.0030255294404923916,-0.0023719134624116123,0.018049336969852448,16.022907257080078,5.941585540771484,9.378847122192383,15.30328369140625,4.536325454711914,17.076770782470703,20.867202758789062,1.0492260456085205,0.8850336074829102,1.9342870712280273,1033.972900390625,0.0
24.537492752075195,21.260000228881836,47.040000915527344,11.0,1.3673202991485596,0.001675288425758481,10.0,0.9987941980361938,0.9987941980361938,0.9987941980361938,0.007838143035769463,0.00028559999191202223,0.9496922492980957,24000.0,-0.0019506225362420082,0.0010749069042503834,-0.09030333161354065,19.209842681884766,3.1869354248046875,10.57957649230957,19.918527603149414,4.615243911743164,17.901891708374023,22.773073196411133,1.0255458354949951,0.8740613460540771,1.8996284008026123,1052.837646484375,0.0
26.73733139038086,20.81999969482422,49.25,12.0,1.3684108257293701,0.001044039730913937,10.0,0.9989675283432007,0.9989675283432007,0.9989675283432007,0.0057313097640872,0.00028440001187846065,0.950727641582489,26000.0,-0.0018458437407389283,0.00010477879550307989,0.18688440322875977,15.983370780944824,-3.2264719009399414,11.0604887008667,16.322782516479492,-3.595745086669922,17.432157516479492,24.6729679107666,1.0067558288574219,0.8870022296905518,1.893784999847412,1056.0863037109375,0.0
30.13628578186035,21.459999084472656,53.630001068115234,13.0,1.3685880899429321,0.0009589671390131116,10.0,1.000612497329712,1.000612497329712,1.000612497329712,0.0060403537936508656,0.0002832000027410686,0.9508963823318481,28000.0,0.0009466827032156289,0.002792526443954557,0.011859413236379623,20.572439193725586,4.589068412780762,12.298135757446289,18.30431365966797,1.9815311431884766,17.39077377319336,26.670673370361328,1.02471923828125,0.9669361114501953,1.991680383682251,1004.1774291992188,0.0
31.281999588012695,22.780000686645508,56.45000076293945,14.0,1.3700975179672241,0.0014803761150687933,10.0,1.0008528232574463,1.0008528232574463,1.0008528232574463,0.007915904745459557,0.00028199999360367656,0.9523324966430664,30000.0,-0.0024630208499729633,-0.003409703553188592,0.174944669008255,12.049285888671875,-8.523153305053711,11.246818542480469,13.37794017791748,-4.926373481750488,17.043750762939453,28.53952980041504,0.9921793937683105,0.8705635070800781,1.862764835357666,1073.6729736328125,0.0
31.66140365600586,24.010000228881836,58.31999969482422,15.0,1.3647692203521729,0.0012893457897007465,10.0,0.9997337460517883,0.9997337460517883,0.9997337460517883,0.0068445405922830105,0.00028080001357011497,0.9472749829292297,32000.0,0.0012083941837772727,0.003671415033750236,0.10252998769283295,12.759315490722656,0.7100296020507812,12.732695579528809,11.943181991577148,-1.434758186340332,17.504499435424805,30.41249656677246,0.9944641590118408,0.872542142868042,1.8670287132263184,1071.220947265625,0.0
30.95242691040039,26.110000610351562,59.97999954223633,16.0,1.3600505590438843,0.036053530871868134,1.0,1.0035285949707031,1.0035285949707031,1.0035285949707031,0.025698265060782433,0.0002796000044327229,0.9428128600120544,34000.0,-0.010436738841235638,-0.01164513302501291,-0.07190857827663422,7.255152225494385,-5.5041632652282715,12.091127395629883,8.091205596923828,-3.8519763946533203,17.063417434692383,31.495454788208008,0.9873337745666504,0.08995914459228516,1.0773155689239502,1856.467041015625,0.0
34.4366340637207,27.639999389648438,65.52999877929688,17.0,1.3605421781539917,0.0017777479952201247,10.0,1.0003297328948975,1.0003297328948975,1.0003297328948975,0.008303039707243443,0.0002783999952953309,0.9432772397994995,36000.0,-0.000967971165664494,0.009468767675571144,-0.1955195665359497,19.932809829711914,12.67765760421753,14.171425819396973,7.929749965667725,-0.16145563125610352,17.46112060546875,33.364662170410156,0.9840128421783447,0.8795242309570312,1.863565444946289,1073.2117919921875,0.0
35.82740020751953,28.860000610351562,68.3499984741211,18.0,1.3605700731277466,0.019831106066703796,2.0,0.9988954067230225,0.9988954067230225,0.9988954067230225,0.018340211361646652,0.00027719998615793884,0.9433037638664246,38000.0,-0.005440087523311377,-0.0044721163576468825,-0.16366131603717804,7.6151838302612305,-12.317625999450684,13.406000137329102,3.7932064533233643,-4.13654351234436,17.4700870513916,34.535316467285156,0.9833230972290039,0.18102312088012695,1.1643733978271484,1717.6627197265625,0.0
37.28152847290039,27.450000762939453,69.0,19.0,1.3535873889923096,0.0020507988519966602,10.0,0.9992942810058594,0.9992942810058594,0.9992942810058594,0.007577862124890089,0.00027600000612437725,0.9367412328720093,40000.0,-0.002486546989530325,0.0029535405337810516,0.19448435306549072,20.534133911132812,12.918950080871582,13.688165664672852,6.972504615783691,3.179298162460327,17.76873016357422,36.419952392578125,0.9834909439086914,0.895535945892334,1.879049301147461,1064.3682861328125,0.0
39.647850036621094,25.920000076293945,71.06999969482422,20.0,1.346436619758606,0.0022593666799366474,10.0,1.0002543926239014,1.0002543926239014,1.0002543926239014,0.008534361608326435,0.0002747999969869852,0.9300653338432312,42000.0,-0.002395608928054571,9.093806147575378e-05,0.19707299768924713,18.735055923461914,-1.7990779876708984,16.666269302368164,4.674687385559082,-2.2978172302246094,17.304393768310547,38.35466003417969,0.9948041439056396,0.9341866970062256,1.9290165901184082,1036.7979736328125,0.0
41.503360748291016,25.399999618530273,73.75,21.0,1.346564769744873,0.0019162691896781325,10.0,1.0002683401107788,1.0002683401107788,1.0002683401107788,0.007314625661820173,0.00027359998784959316,0.9301837682723999,44000.0,-0.0012282530078664422,0.001167355920188129,0.11866480112075806,18.004215240478516,-0.7308406829833984,16.337310791015625,4.523947238922119,-0.1507401466369629,17.193859100341797,40.20344543457031,0.981529712677002,0.8618366718292236,1.8433895111083984,1084.9583740234375,0.0
43.35490417480469,24.18000030517578,76.22000122070312,22.0,1.3500174283981323,0.0020392423029989004,10.0,1.0017549991607666,1.0017549991607666,1.0017549991607666,0.009289180859923363,0.0002724000078160316,0.9334012269973755,46000.0,-0.0016513143200427294,-0.0004230613121762872,-0.14893972873687744,12.524370193481445,-5.47984504699707,16.975181579589844,3.5465598106384277,-0.9773874282836914,17.083362579345703,42.0383186340332,0.9686117172241211,0.860612154006958,1.8292462825775146,1093.3466796875,0.0
46.0308723449707,24.739999771118164,81.16999816894531,23.0,1.3354167938232422,0.00583783769980073,10.0,0.9977269172668457,0.9977269172668457,0.9977269172668457,0.013237826526165009,0.00027119999867863953,0.9198981523513794,48000.0,-0.005223316140472889,-0.0035720018204301596,0.30785608291625977,8.885090827941895,-3.639279365539551,16.124847412109375,1.8460067510604858,-1.700553059577942,17.727792739868164,43.88752365112305,0.970391035079956,0.8734302520751953,1.8438427448272705,1084.6912841796875,0.0
49.076934814453125,25.700000762939453,86.75,24.0,1.3211899995803833,0.010235249064862728,7.0,0.9956634640693665,0.9956634640693665,0.9956634640693665,0.013880288228392601,0.0002699999895412475,0.9068784713745117,50000.0,-0.004345356952399015,0.0008779591880738735,-0.47223255038261414,12.034003257751465,3.1489124298095703,18.027299880981445,2.0511209964752197,0.2051142454147339,17.552043914794922,45.463706970214844,0.9652528762817383,0.6052126884460449,1.5704915523529053,1273.487060546875,0.0
51.2357292175293,25.989999771118164,90.94999694824219,25.0,1.317143201828003,0.002808036282658577,10.0,1.0009485483169556,1.0009485483169556,1.0009485483169556,0.009022501297295094,0.0002688000095076859,0.9032155871391296,52000.0,-0.0014872283209115267,0.0028581286314874887,0.16491355001926422,22.912458419799805,10.87845516204834,20.434934616088867,2.536142110824585,0.48502111434936523,17.206377029418945,47.39596176147461,0.9715588092803955,0.9549541473388672,1.92653489112854,1038.133544921875,0.0
55.69258117675781,26.420000076293945,98.25,26.0,1.3111203908920288,0.012291560880839825,3.0,1.002034068107605,1.002034068107605,1.002034068107605,0.017435524612665176,0.00026760000037029386,0.8977940678596497,54000.0,-0.002970233792439103,-0.0014830054715275764,0.17569349706172943,8.083430290222168,-14.829028129577637,22.035964965820312,1.6046652793884277,-0.9314768314361572,16.629878997802734,48.61963653564453,0.9561588764190674,0.26207947731018066,1.2182655334472656,1641.6788330078125,0.00018732914759311825
63.36216354370117,25.81999969482422,108.44999694824219,27.0,1.3057478666305542,0.01715424284338951,5.0,0.9996412396430969,0.9996412396430969,0.9996412396430969,0.022844213992357254,0.0002663999912329018,0.892980694770813,56000.0,-0.004645184613764286,-0.001674950821325183,0.09186328947544098,16.603572845458984,8.520142555236816,28.366254806518555,1.9252746105194092,0.32060933113098145,15.67282772064209,50.00706100463867,0.9476017951965332,0.4339766502380371,1.3815999031066895,1447.5972900390625,0.0015372919151559472
70.1469497680664,23.780000686645508,114.37000274658203,28.0,1.295874834060669,0.002564589027315378,10.0,0.9966050386428833,0.9966050386428833,0.9966050386428833,0.009207546710968018,0.0002652000111993402,0.8842185735702515,58000.0,-0.0025186899583786726,0.0021264946553856134,-0.4242686331272125,47.86379623413086,31.260223388671875,40.109256744384766,10.216757774353027,8.291483163833618,10.955341339111328,51.82936096191406,0.9517958164215088,0.8649983406066895,1.816816806793213,1100.8265380859375,0.0009927910286933184
80.94263458251953,21.809999465942383,125.6500015258789,29.0,1.2744877338409424,0.004899810068309307,10.0,0.9988248944282532,0.9988248944282532,0.9988248944282532,0.012383834458887577,0.0002640000020619482,0.8655139207839966,60000.0,-0.004571978002786636,-0.0020532880444079638,0.1677490472793579,9.547561645507812,-38.31623458862305,46.427860260009766,0.5465209484100342,-9.670236825942993,10.116032600402832,53.655521392822266,0.9488179683685303,0.8717391490936279,1.8205773830413818,1098.5528564453125,0.0
92.81381225585938,18.520000457763672,135.52000427246094,30.0,1.2612183094024658,0.00042335092439316213,10.0,0.999709963798523,0.999709963798523,0.999709963798523,0.004407783038914204,0.00026279999292455614,0.854091465473175,62000.0,0.003031568368896842,0.007603546371683478,0.02080046758055687,41.11376190185547,31.566200256347656,52.50315475463867,0.8791860342025757,0.3326650857925415,8.336166381835938,55.476593017578125,0.9497230052947998,0.8657639026641846,1.815509557723999,1101.619384765625,0.0
98.42578887939453,13.40999984741211,135.4199981689453,31.0,1.2540302276611328,0.0007165463175624609,10.0,0.9999114871025085,0.9999114871025085,0.9999114871025085,0.0058870320208370686,0.00026160001289099455,0.8479726910591125,64000.0,0.0016223747516050935,-0.0014091936172917485,-0.07028071582317352,89.6203384399414,48.50657653808594,56.66920852661133,1.0389115810394287,0.15972554683685303,6.842649459838867,57.37697982788086,0.9589927196502686,0.9355833530426025,1.894597053527832,1055.633544921875,0.0
103.36439514160156,8.800000190734863,134.58999633789062,32.0,1.245602011680603,0.0011438336223363876,10.0,0.9992687106132507,0.9992687106132507,0.9992687106132507,0.005765203386545181,0.0002604000037536025,0.8408576250076294,66000.0,-0.0014206534251570702,-0.0030430281767621636,0.16641440987586975,197.9796905517578,108.3593521118164,57.35332107543945,3.1282105445861816,2.089298963546753,5.416420936584473,59.22599792480469,0.9713301658630371,0.871868371963501,1.843224287033081,1085.055419921875,0.0
88.33908081054688,0.5899999737739563,103.80999755859375,33.0,1.2395801544189453,0.001217275159433484,10.0,0.9995530843734741,0.9995530843734741,0.9995530843734741,0.0071722231805324554,0.00025919999461621046,0.8358069658279419,68000.0,0.0002524772717151791,0.0016731306968722492,0.01680443435907364,244.369384765625,46.38969421386719,55.00248336791992,2.5085041522979736,-0.619706392288208,4.221212387084961,61.11862564086914,1.0175280570983887,0.8689990043640137,1.8865547180175781,1060.134033203125,0.0
77.70480346679688,0.8899999856948853,90.30999755859375,34.0,1.2393651008605957,0.0005481563275679946,10.0,1.0007120370864868,1.0007120370864868,1.0007120370864868,0.004871829878538847,0.0002579999854788184,0.8356269001960754,70000.0,-0.0009227226255461574,-0.0011751998972613364,0.14124716818332672,97.90841674804688,-146.46096801757812,50.541358947753906,1.693407416343689,-0.8150967359542847,3.2295703887939453,62.951690673828125,0.9612834453582764,0.8657562732696533,1.8270618915557861,1094.65380859375,0.0
65.41090393066406,2.3299999237060547,77.8499984741211,35.0,1.2409940958023071,0.0010780334705486894,10.0,1.000184416770935,1.000184416770935,1.000184416770935,0.007227691356092691,0.00025680000544525683,0.8369892835617065,72000.0,-0.00031679440871812403,0.0006059282168280333,0.009499501436948776,195.9375,98.02908325195312,47.496315002441406,4.435296058654785,2.741888642311096,3.0714025497436523,64.82009887695312,0.997809886932373,0.8642082214355469,1.8620388507843018,1074.091552734375,0.0
60.00985336303711,4.269999980926514,74.3499984741211,36.0,1.2386536598205566,0.0032846585381776094,10.0,1.0004041194915771,1.0004041194915771,1.0004041194915771,0.009820882230997086,0.0002555999963078648,0.8350334167480469,74000.0,-0.002329216804355383,-0.002012422395637259,0.27839216589927673,90.91062927246094,-105.02687072753906,39.0555534362793,3.404719591140747,-1.030576467514038,4.30939245223999,66.73094940185547,0.9675891399383545,0.9368622303009033,1.9044723510742188,1050.1597900390625,0.0
68.25281524658203,5.340000152587891,85.83999633789062,37.0,1.2337589263916016,0.018021943047642708,2.0,1.0029233694076538,1.0029233694076538,1.0029233694076538,0.03489115089178085,0.00025439998717047274,0.8309553265571594,76000.0,-0.007960585877299309,-0.005631369072943926,0.2731529772281647,37.10075759887695,-53.809871673583984,41.44585418701172,3.1659271717071533,-0.23879241943359375,4.442049980163574,67.87055969238281,0.9574365615844727,0.17614364624023438,1.1336021423339844,1764.2882080078125,0.0
81.2735366821289,5.340000152587891,101.5,38.0,1.2272968292236328,0.013378229923546314,3.0,1.0036619901657104,1.0036619901657104,1.0036619901657104,0.014482857659459114,0.00025320000713691115,0.8256075978279114,78000.0,-0.007757434621453285,0.00020315125584602356,0.36950626969337463,12.650347709655762,-24.45040988922119,52.42837142944336,0.3975779116153717,-2.7683492600917816,1.7119381427764893,69.08000183105469,0.9405148029327393,0.26317715644836426,1.2037138938903809,1661.5247802734375,0.0
93.0604476928711,5.340000152587891,114.83999633789062,39.0,1.2077008485794067,0.001160290790721774,10.0,0.9993863105773926,0.9993863105773926,0.9993863105773926,0.006586103234440088,0.0002519999979995191,0.8095993995666504,80000.0,0.0006276246276684105,0.008385059249121696,0.05885365605354309,33.23949432373047,20.589146614074707,56.46684646606445,0.20625118911266327,-0.19132672250270844,1.3200961351394653,70.91144561767578,0.9573230743408203,0.8681135177612305,1.8254570960998535,1095.6160888671875,0.0
98.77896118164062,5.340000152587891,121.5,40.0,1.19894540309906,0.0009469239157624543,10.0,1.0002144575119019,1.0002144575119019,1.0002144575119019,0.0046922299079597,0.00025079998886212707,0.8025243878364563,82000.0,0.0017364006489515305,0.00110877602128312,0.054857801645994186,16.980239868164062,-16.259254455566406,60.75526428222656,0.18509265780448914,-0.021158531308174133,1.1153265237808228,72.7228012084961,0.9394841194152832,0.8657066822052002,1.805210828781128,1107.9039306640625,0.0
105.28131866455078,5.039999961853027,128.61000061035156,41.0,1.1871380805969238,0.0009258703212253749,10.0,0.9990184903144836,0.9990184903144836,0.9990184903144836,0.005236276425421238,0.0002496000088285655,0.7931188344955444,84000.0,1.7150863641290925e-05,-0.0017192497853102395,0.1536446511745453,10.29209041595459,-6.688149452209473,64.56453704833984,0.1710607260465622,-0.014031931757926941,0.9469107389450073,74.53466796875,0.9424850940704346,0.8630928993225098,1.8055994510650635,1107.66552734375,0.0
118.4219741821289,5.039999961853027,143.72000122070312,42.0,1.1639862060546875,0.0009854806121438742,10.0,1.000448226928711,1.000448226928711,1.000448226928711,0.005738564766943455,0.00024839999969117343,0.7749713063240051,86000.0,0.00031399456202052534,0.0002968436983792344,0.08829948306083679,6.6050567626953125,-3.6870336532592773,67.88700866699219,0.1557965874671936,-0.015264138579368591,0.7916529774665833,76.35072326660156,0.9373030662536621,0.8723974227905273,1.8097217082977295,1105.1424560546875,0.0
126.2798080444336,5.039999961853027,152.80999755859375,43.0,1.1542094945907593,0.0005933834472671151,10.0,0.9996830224990845,0.9996830224990845,0.9996830224990845,0.005561241414397955,0.0002471999905537814,0.767413854598999,88000.0,-0.0011118896072730422,-0.0014258841692935675,0.09549394249916077,23.6048641204834,16.999807357788086,70.8398666381836,0.1515262871980667,-0.004270300269126892,0.6858659386634827,78.22590637207031,0.9413042068481445,0.9280238151550293,1.869349479675293,1069.8909912109375,0.0
137.58251953125,4.300000190734863,165.22999572753906,44.0,1.1546039581298828,0.0015628549735993147,10.0,0.9989862442016602,0.9989862442016602,0.9989862442016602,0.006133466958999634,0.0002460000105202198,0.7677167654037476,90000.0,-0.0019577289931476116,-0.0008458393858745694,-0.4109728932380676,52.19744873046875,28.59258460998535,72.920166015625,0.14102473855018616,-0.010501548647880554,0.5696839690208435,80.03833770751953,0.9409763813018799,0.8655972480773926,1.8065998554229736,1107.05224609375,0.0
144.10684204101562,3.2799999713897705,172.13999938964844,45.0,1.150202751159668,0.012392200529575348,6.0,1.0024027824401855,1.0024027824401855,1.0024027824401855,0.020784039050340652,0.00024480000138282776,0.7643480896949768,92000.0,-0.008727539330720901,-0.00676981033757329,0.10832950472831726,22.27958106994629,-29.91786766052246,74.43966674804688,0.1345422863960266,-0.006482452154159546,0.48572447896003723,81.50294494628906,0.9380204677581787,0.521134614944458,1.4591760635375977,1370.636962890625,0.0
154.91033935546875,2.369999885559082,185.5800018310547,46.0,1.13823664188385,0.008746321313083172,10.0,0.9978277087211609,0.9978277087211609,0.9978277087211609,0.017050081863999367,0.00024360000679735094,0.7552602887153625,94000.0,-0.007556654512882233,0.0011708848178386688,0.0009911051020026207,2.7092602252960205,-19.57032084465027,75.34784698486328,0.14325396716594696,0.008711680769920349,0.48832014203071594,83.30481719970703,0.9347920417785645,0.861757755279541,1.7965724468231201,1113.2310791015625,0.0
168.43072509765625,1.350000023841858,201.00999450683594,47.0,1.1251438856124878,0.023315614089369774,3.0,1.0047962665557861,1.0047962665557861,1.0047962665557861,0.02004590444266796,0.0002423999976599589,0.7454366087913513,96000.0,-0.01030672900378704,-0.002750074490904808,-0.10501768440008163,1.209462285041809,-1.4997979402542114,76.95215606689453,0.12141808867454529,-0.021835878491401672,0.37264809012413025,84.51024627685547,0.9388675689697266,0.2611832618713379,1.2000725269317627,1666.566650390625,0.0
176.34144592285156,0.0,208.49000549316406,48.0,1.1018935441970825,0.002397093689069152,10.0,0.99803227186203,0.99803227186203,0.99803227186203,0.009758356027305126,0.00024120000307448208,0.7283170819282532,98000.0,-0.0017473308835178614,0.00855939812026918,0.08260831236839294,0.834253191947937,-0.37520909309387207,78.0549545288086,0.11456941068172455,-0.00684867799282074,0.2963950037956238,86.3094253540039,0.9326159954071045,0.8612892627716064,1.7939362525939941,1114.8673095703125,0.0
174.78851318359375,0.0,206.07000732421875,49.0,1.0884902477264404,0.004310248885303736,10.0,0.9999677538871765,0.9999677538871765,0.9999677538871765,0.011226172558963299,0.00023999999393709004,0.7186024188995361,100000.0,0.00036938642733730376,0.002116717310855165,0.03766338899731636,19.362878799438477,18.52862560749054,79.3582992553711,0.10693387687206268,-0.007635533809661865,0.24584779143333435,88.19013214111328,0.9383630752563477,0.9344871044158936,1.872875690460205,1067.876708984375,0.0
178.37310791015625,0.0,210.9199981689453,50.0,1.0663783550262451,0.0029802066273987293,10.0,0.9993351101875305,0.9993351101875305,0.9993351101875305,0.008592910133302212,0.00023879999935161322,0.702920138835907,102000.0,-0.00013108756684232503,-0.0005004739941796288,0.08681973814964294,0.7949620485305786,-18.567916750907898,80.27204895019531,0.0990322083234787,-0.007901668548583984,0.2104838490486145,89.99720001220703,0.9391429424285889,0.8624932765960693,1.8016581535339355,1110.0887451171875,0.0
182.09439086914062,0.0,215.8300018310547,51.0,1.0298703908920288,0.0024158251471817493,10.0,1.0013630390167236,1.0013630390167236,1.0013630390167236,0.00944193359464407,0.0002376000047661364,0.6777352690696716,104000.0,-0.003709730925038457,-0.003578643358196132,0.1386411041021347,0.6537373661994934,-0.1412246823310852,81.09680938720703,0.09135918319225311,-0.007673025131225586,0.17820174992084503,91.79759979248047,0.9348320960998535,0.8596858978271484,1.7945387363433838,1114.4927978515625,0.0
183.7762451171875,0.0,218.22000122070312,52.0,1.0099678039550781,0.023902736604213715,3.0,0.9937422275543213,0.9937422275543213,0.9937422275543213,0.02000928670167923,0.00023639999562874436,0.6643349528312683,106000.0,-0.00490678520873189,-0.0011970542836934328,0.040417689830064774,13.977508544921875,13.323771178722382,81.73249816894531,0.0863679051399231,-0.004991278052330017,0.1342247873544693,93.0139389038086,0.9431414604187012,0.26771974563598633,1.210892677307129,1651.6746826171875,0.0
182.3038330078125,0.0,218.22000122070312,53.0,0.9984738826751709,0.01490838173776865,6.0,0.9980201721191406,0.9980201721191406,0.9980201721191406,0.02252904511988163,0.00023520000104326755,0.6567493677139282,108000.0,-0.0073026567697525024,-0.0023958715610206127,0.24248972535133362,0.8662106990814209,-13.111297845840454,81.60556030273438,0.08407708257436752,-0.0022908225655555725,0.13531413674354553,94.48188018798828,0.9292924404144287,0.5332481861114502,1.4625647068023682,1367.4610595703125,0.0
185.4589080810547,0.0,223.10000610351562,54.0,0.9821736216545105,0.014195277355611324,3.0,0.9981551170349121,0.9981551170349121,0.9981551170349121,0.019441727548837662,0.00023400000645779073,0.6461303234100342,110000.0,-0.004908179864287376,0.002394476905465126,-0.19763237237930298,0.5532308220863342,-0.31297987699508667,81.90481567382812,0.07998418062925339,-0.004092901945114136,0.08744850009679794,95.68525695800781,0.9368343353271484,0.26085543632507324,1.197713851928711,1669.8482666015625,0.0
187.02566528320312,0.0,225.5399932861328,55.0,0.9674383997917175,0.005798586644232273,10.0,1.0013118982315063,1.0013118982315063,1.0013118982315063,0.014988498762249947,0.0002327999973203987,0.6366745233535767,112000.0,-0.0027942617889493704,0.002113918075338006,-0.013317896053195,3.7271265983581543,3.17389577627182,82.23997497558594,0.07541531324386597,-0.004568867385387421,0.07551259547472,97.50118255615234,0.9468698501586914,0.8637552261352539,1.8106532096862793,1104.5740966796875,0.0
192.36810302734375,0.0,232.89999389648438,56.0,0.9575185775756836,0.019070355221629143,3.0,0.9942933917045593,0.9942933917045593,0.9942933917045593,0.022167736664414406,0.00023160000273492187,0.6303924322128296,114000.0,-0.010450966656208038,-0.007656704867258668,-0.20725533366203308,0.5552290081977844,-3.17189759016037,82.42069244384766,0.07118599861860275,-0.004229314625263214,0.07133173942565918,98.70237731933594,0.9342136383056641,0.261303186416626,1.1955375671386719,1672.8883056640625,0.0
194.0312957763672,0.0,235.2899932861328,57.0,0.9418174624443054,0.013872460462152958,6.0,1.0007354021072388,1.0007354021072388,1.0007354021072388,0.020665016025304794,0.00023039999359752983,0.620574414730072,116000.0,0.0012572730192914605,0.011708239675499499,-0.457409143447876,0.5327127575874329,-0.022516250610351562,82.5171890258789,0.06827620416879654,-0.0029097944498062134,0.06415766477584839,100.22683715820312,0.9296009540557861,0.5897397994995117,1.5193612575531006,1316.343017578125,0.0
199.16473388671875,0.0,240.13999938964844,58.0,0.9194514155387878,0.0009477025014348328,10.0,1.0012924671173096,1.0012924671173096,1.0012924671173096,0.006702178157866001,0.000229199999012053,0.6068600416183472,118000.0,-8.468190571875311e-06,-0.0012657412098633358,0.12501311302185059,0.510753870010376,-0.021958887577056885,82.77969360351562,0.06343700736761093,-0.004839196801185608,0.04162709042429924,102.02938079833984,0.9325156211853027,0.8644680976867676,1.797004222869873,1112.9637451171875,0.0
199.78524780273438,0.0,240.13999938964844,59.0,0.8980355262756348,0.002643170300871134,10.0,1.0001055002212524,1.0001055002212524,1.0001055002212524,0.009271115064620972,0.0002280000044265762,0.5939912796020508,120000.0,-0.0003417817351873964,-0.0003333135446155211,-0.10228461027145386,0.45885545015335083,-0.051898419857025146,82.84697723388672,0.0578836128115654,-0.005553394556045532,0.038560688495635986,103.83446502685547,0.9359800815582275,0.8636424541473389,1.799644947052002,1111.33056640625,0.0
199.5626220703125,0.0,240.13999938964844,60.0,0.8807265758514404,0.015291161835193634,4.0,0.9999955296516418,0.9999955296516418,0.9999955296516418,0.019926171749830246,0.00022679999528918415,0.5838010907173157,122000.0,-0.0053264987654984,-0.004984717030311003,0.10776614397764206,0.47303080558776855,0.014175355434417725,82.68418884277344,0.05427302420139313,-0.0036105886101722717,0.03200911357998848,105.13233947753906,0.9459080696105957,0.3466522693634033,1.2925810813903809,1547.2919921875,0.0
201.3803253173828,0.0,242.55999755859375,61.0,0.8586181402206421,0.0033679455518722534,10.0,1.000251054763794,1.000251054763794,1.000251054763794,0.011301420629024506,0.00022560000070370734,0.5710371136665344,124000.0,-0.0008287873351946473,0.004497711430303752,0.12304192781448364,0.4678822159767151,-0.005148589611053467,82.98914337158203,0.05091768503189087,-0.0033553391695022583,0.019022293388843536,106.94109344482422,0.9402458667755127,0.8630068302154541,1.8032739162445068,1109.0941162109375,0.0
199.45635986328125,0.0,240.1999969482422,62.0,0.8431333303451538,0.002928889123722911,10.0,1.000800371170044,1.000800371170044,1.000800371170044,0.009997772052884102,0.00022440000611823052,0.562254786491394,126000.0,0.0022808448411524296,0.003109632176347077,0.0763569325208664,35.63608169555664,35.168199479579926,83.08943939208984,0.04644397646188736,-0.0044737085700035095,0.014510035514831543,108.77693176269531,0.9410247802734375,0.8893580436706543,1.8304076194763184,1092.653076171875,0.0
199.26564025878906,0.0,240.1999969482422,63.0,0.8405492901802063,0.0011222014436498284,10.0,0.9990037679672241,0.9990037679672241,0.9990037679672241,0.006417174823582172,0.00022319999698083848,0.5608011484146118,128000.0,0.0004846722004003823,-0.0017961726407520473,0.4474243223667145,0.7509952783584595,-34.88508641719818,81.9006576538086,0.04232722893357277,-0.0041167475283145905,0.019557807594537735,110.66202545166016,0.9416143894195557,0.9382534027099609,1.8798894882202148,1063.8924560546875,0.0
197.0281219482422,0.0,237.8000030517578,64.0,0.8413421511650085,0.01399752963334322,5.0,0.998266339302063,0.998266339302063,0.998266339302063,0.02707071229815483,0.00022200000239536166,0.5612457990646362,130000.0,-0.007056002505123615,-0.0075406747055239975,0.053613245487213135,20.749576568603516,19.998581290245056,81.82527160644531,0.03944902494549751,-0.0028782039880752563,0.0267898328602314,112.04800415039062,0.9452075958251953,0.4353301525115967,1.3805596828460693,1448.6881103515625,0.0
198.93016052246094,0.0,240.25999450683594,65.0,0.8379217982292175,0.0014170536305755377,10.0,0.9994948506355286,0.9994948506355286,0.9994948506355286,0.00739256851375103,0.00022079999325796962,0.5593305826187134,132000.0,0.002017562510445714,0.00907356501556933,-0.2378561645746231,0.5243099927902222,-20.225266575813293,80.72046661376953,0.0367482490837574,-0.0027007758617401123,0.02642548456788063,113.84606170654297,0.9326777458190918,0.8600800037384033,1.7927782535552979,1115.5870361328125,0.0
198.7089385986328,0.0,240.25999450683594,66.0,0.8301326632499695,0.013190028257668018,5.0,0.9988504648208618,0.9988504648208618,0.9988504648208618,0.018154550343751907,0.0002195999986724928,0.5549925565719604,134000.0,-0.004304257221519947,-0.006321819731965661,-0.18102525174617767,0.4981762766838074,-0.026133716106414795,80.0143051147461,0.03419039025902748,-0.0025578588247299194,0.021712305024266243,115.20980834960938,0.9283046722412109,0.4300816059112549,1.3584063053131104,1472.3138427734375,0.0
198.54400634765625,0.0,240.36000061035156,67.0,0.8266116976737976,0.0063400594517588615,10.0,0.9986885786056519,0.9986885786056519,0.9986885786056519,0.013505823910236359,0.00021840000408701599,0.5530392527580261,136000.0,-0.002905532019212842,0.001398725202307105,0.07177035510540009,20.709789276123047,20.21161299943924,80.03250122070312,0.031797461211681366,-0.002392929047346115,0.014312470331788063,117.00910949707031,0.9339442253112793,0.8600707054138184,1.794041633605957,1114.8017578125,0.0
198.0209197998047,0.0,240.36000061035156,68.0,0.8242172002792358,0.009556805714964867,10.0,1.0009641647338867,1.0009641647338867,1.0009641647338867,0.017984692007303238,0.00021719999494962394,0.5517176985740662,138000.0,-0.0030361448880285025,-0.00013061286881566048,0.166375070810318,0.7737125158309937,-19.936076760292053,78.51993560791016,0.02882431074976921,-0.002973150461912155,0.015330906957387924,118.7977066040039,0.925673246383667,0.8575313091278076,1.783226490020752,1121.56298828125,0.0
197.18312072753906,0.0,240.36000061035156,69.0,0.8151224255561829,0.04158947616815567,3.0,1.0036931037902832,1.0036931037902832,1.0036931037902832,0.0263541117310524,0.00021600000036414713,0.5467243194580078,140000.0,-0.00800339411944151,-0.004967249231413007,-0.0023010000586509705,0.48686322569847107,-0.2868492901325226,78.01387023925781,0.027017690241336823,-0.0018066205084323883,0.014976377598941326,120.06136322021484,0.9280388355255127,0.3299398422241211,1.258000373840332,1589.824951171875,0.0
196.32958984375,0.0,240.36000061035156,70.0,0.8028721809387207,0.0051431674510240555,10.0,1.0015757083892822,1.0015757083892822,1.0015757083892822,0.013104325160384178,0.0002148000057786703,0.5400679707527161,142000.0,-0.0021315349731594324,0.005871859146282077,-0.10974159836769104,0.4457249045372009,-0.04113832116127014,78.9398422241211,0.0253253523260355,-0.001692337915301323,0.012424719519913197,121.84952545166016,0.925440788269043,0.8573849201202393,1.7828526496887207,1121.7979736328125,0.0
195.5182647705078,0.0,240.36000061035156,71.0,0.7970547080039978,0.08175621181726456,1.0,0.988939106464386,0.988939106464386,0.988939106464386,0.03283444419503212,0.00021359999664127827,0.5369322299957275,144000.0,-0.002814064733684063,-0.0006825297605246305,0.30807095766067505,0.39660876989364624,-0.04911613464355469,78.50926208496094,0.023951098322868347,-0.0013742540031671524,0.01180643867701292,122.8734359741211,0.9303009510040283,0.08821535110473633,1.0185377597808838,1963.6002197265625,0.0
195.11985778808594,0.0,240.36000061035156,72.0,0.7918137907981873,0.03804655000567436,3.0,1.0090540647506714,1.0090540647506714,1.0090540647506714,0.09292595833539963,0.00021240000205580145,0.5341269373893738,146000.0,-0.005545713473111391,-0.002731648739427328,-0.04058653488755226,0.39146682620048523,-0.005141943693161011,79.30441284179688,0.023471571505069733,-0.0004795268177986145,0.008068373426795006,124.06685638427734,0.9279177188873291,0.26027441024780273,1.1882128715515137,1683.200439453125,0.0
192.93533325195312,0.0,237.88999938964844,73.0,0.7863430976867676,0.026323959231376648,1.0,0.993975818157196,0.993975818157196,0.993975818157196,0.010530428029596806,0.0002111999929184094,0.5312119126319885,148000.0,-0.0068941861391067505,-0.0013484726659953594,0.036441370844841,9.396547317504883,9.005080491304398,80.03579711914062,0.022995326668024063,-0.00047624483704566956,0.005579457152634859,125.0889663696289,0.9276471138000488,0.08927679061889648,1.0169439315795898,1966.67724609375,0.0
192.38504028320312,0.0,237.88999938964844,74.0,0.7674603462219238,0.00977467093616724,8.0,0.9963212013244629,0.9963212013244629,0.9963212013244629,0.015575340948998928,0.0002099999983329326,0.521293044090271,150000.0,-0.004220419097691774,0.002673767041414976,0.2589227855205536,0.35141363739967346,-9.04513368010521,79.78461456298828,0.021966444328427315,-0.0010288823395967484,0.003521003294736147,126.7109603881836,0.9309942722320557,0.6857762336730957,1.6167936325073242,1237.0164794921875,0.0
196.1399383544922,0.0,242.74000549316406,75.0,0.751250147819519,0.02250664308667183,2.0,0.9934005737304688,0.9934005737304688,0.9934005737304688,0.020788364112377167,0.00020880000374745578,0.5128942728042603,152000.0,-0.01745377853512764,-0.013233359437435865,0.7073431611061096,0.3682185411453247,0.016804903745651245,80.2679443359375,0.02085660584270954,-0.0011098384857177734,0.002488780068233609,127.82260131835938,0.9319052696228027,0.17415165901184082,1.1060771942138672,1808.1925048828125,0.0
198.2877960205078,0.0,245.13999938964844,76.0,0.7435720562934875,0.01978074014186859,2.0,1.0045753717422485,1.0045753717422485,1.0045753717422485,0.014752967283129692,0.00020759999461006373,0.5089707374572754,154000.0,-0.00526220491155982,0.01219157362356782,0.10256633162498474,0.38501057028770447,0.01679202914237976,80.7481460571289,0.02042684704065323,-0.00042975880205631256,0.003964559640735388,128.9617156982422,0.9280135631561279,0.20593643188476562,1.1339759826660156,1763.70654296875,0.0
198.92059326171875,0.0,245.13999938964844,77.0,0.7269898056983948,0.002766100224107504,10.0,0.9999529719352722,0.9999529719352722,0.9999529719352722,0.009361349046230316,0.00020640000002458692,0.5006130933761597,156000.0,-0.0003655690816231072,0.004896635829936713,-0.10537604987621307,0.37896212935447693,-0.006048440933227539,81.254150390625,0.0191838089376688,-0.0012430381029844284,0.0027540395967662334,130.82994079589844,0.9920635223388672,0.8675537109375,1.8596413135528564,1075.476318359375,0.0
199.7939453125,0.0,245.13999938964844,78.0,0.7140663266181946,0.02963690273463726,2.0,1.0055142641067505,1.0055142641067505,1.0055142641067505,0.026447787880897522,0.0002052000054391101,0.49417200684547424,158000.0,-0.01166684739291668,-0.011301278311293572,0.1571541726589203,0.40296587347984314,0.02400374412536621,81.63963317871094,0.017986789345741272,-0.0011970195919275284,0.0037647492717951536,131.93618774414062,0.9253432750701904,0.17528343200683594,1.100649118423462,1817.1103515625,0.0
198.7520751953125,0.0,242.7100067138672,79.0,0.7131564021110535,0.011150707490742207,5.0,1.0028516054153442,1.0028516054153442,1.0028516054153442,0.0225031990557909,0.00020399999630171806,0.4937222898006439,160000.0,-0.0045761712826788425,0.007090676110237837,0.07669920474290848,17.10727882385254,16.704312950372696,82.05775451660156,0.017315858975052834,-0.0006709303706884384,0.0036355473566800356,133.3013153076172,0.9293632507324219,0.4298257827758789,1.3592100143432617,1471.4432373046875,0.0
201.7199249267578,0.0,245.10000610351562,80.0,0.7051557302474976,0.0026578684337437153,10.0,1.0007623434066772,1.0007623434066772,1.0007623434066772,0.008386374451220036,0.00020280000171624124,0.4897920489311218,162000.0,-0.0013430688995867968,0.003233102383092046,0.09606499969959259,0.4128636419773102,-16.69441518187523,81.73454284667969,0.01593770831823349,-0.0013781506568193436,0.002676693256944418,135.17520141601562,0.9342436790466309,0.9338529109954834,1.8681190013885498,1070.5958251953125,0.0
202.9445343017578,0.0,245.10000610351562,81.0,0.6883832216262817,0.004186464939266443,10.0,1.0015650987625122,1.0015650987625122,1.0015650987625122,0.009817550890147686,0.00020160000713076442,0.48164892196655273,164000.0,-0.0025344204623252153,-0.0011913515627384186,-0.13635864853858948,0.3529255986213684,-0.05993804335594177,81.84373474121094,0.014199812896549702,-0.0017378954216837883,0.002085565123707056,136.9691619873047,0.9271752834320068,0.860647439956665,1.7878437042236328,1118.6661376953125,0.0
204.06109619140625,0.0,245.10000610351562,82.0,0.6603568196296692,0.007404983974993229,10.0,0.9992839694023132,0.9992839694023132,0.9992839694023132,0.013406745158135891,0.00020039999799337238,0.4683510363101959,166000.0,-0.0066767046228051186,-0.004142284160479903,-0.07437227666378021,0.32574260234832764,-0.02718299627304077,81.66080474853516,0.012565338984131813,-0.0016344739124178886,0.0018062310991808772,138.76336669921875,0.9277122020721436,0.8602020740509033,1.7879364490509033,1118.6082763671875,0.0
204.95753479003906,0.0,245.10000610351562,83.0,0.6457029581069946,0.18464285135269165,1.0,1.0086145401000977,1.0086145401000977,1.0086145401000977,0.06133584305644035,0.00019920000340789557,0.46151745319366455,168000.0,-0.0054369131103158,0.0012397915124893188,-0.17167623341083527,0.31192031502723694,-0.013822287321090698,81.77307891845703,0.01170208677649498,-0.0008632522076368332,0.0009813058422878385,139.80482482910156,0.9461188316345215,0.08924651145935059,1.0353913307189941,1931.6376953125,0.0
204.05006408691406,0.0,242.7100067138672,84.0,0.6444929838180542,0.025485286489129066,2.0,0.9978666305541992,0.9978666305541992,0.9978666305541992,0.02480735443532467,0.00019799999427050352,0.4609593152999878,170000.0,-0.008880062028765678,-0.0034431489184498787,0.0802111029624939,22.51123046875,22.199310153722763,82.87955474853516,0.011472085490822792,-0.0002300012856721878,0.00030759896617382765,140.92527770996094,0.9397742748260498,0.1745588779449463,1.1143603324890137,1794.7528076171875,0.0
206.64488220214844,0.0,245.17999267578125,85.0,0.6371964812278748,0.013210299424827099,5.0,0.9932667016983032,0.9932667016983032,0.9932667016983032,0.02207169309258461,0.0001967999996850267,0.45761173963546753,172000.0,-0.0009221227956004441,0.007957939233165234,-0.034131452441215515,0.34543412923812866,-22.16579633951187,82.47724151611328,0.010943321511149406,-0.0005287639796733856,0.00019839477317873389,142.29507446289062,0.9308199882507324,0.43290042877197266,1.3637444972991943,1466.5506591796875,0.0
207.21644592285156,0.0,245.17999267578125,86.0,0.6302971243858337,0.02042711339890957,2.0,1.0035018920898438,1.0035018920898438,1.0035018920898438,0.0199901033192873,0.0001956000050995499,0.4544619023799896,174000.0,-0.004295616410672665,-0.0033734936150722206,0.41082167625427246,0.36056050658226013,0.01512637734413147,82.86653137207031,0.010423008352518082,-0.0005203131586313248,-0.00018528135842643678,143.41355895996094,0.9362452030181885,0.17626690864562988,1.1125402450561523,1797.6881103515625,0.0
207.9716339111328,0.0,245.17999267578125,87.0,0.6208986639976501,0.0016196962678804994,10.0,0.9999297857284546,0.9999297857284546,0.9999297857284546,0.0070568048395216465,0.00019439999596215785,0.4502149522304535,176000.0,0.0015290217706933618,0.005824638181366026,0.451884388923645,0.31493109464645386,-0.045629411935806274,83.18293762207031,0.009557665325701237,-0.0008653430268168449,0.00035126038710586727,145.21595764160156,0.9334738254547119,0.8629434108734131,1.796438217163086,1113.314208984375,0.0
208.50820922851562,0.0,245.17999267578125,88.0,0.596123218536377,0.0040568700060248375,10.0,0.9995463490486145,0.9995463490486145,0.9995463490486145,0.012661861255764961,0.00019320000137668103,0.43921297788619995,178000.0,-0.0025115590542554855,-0.004040580824948847,0.31940239667892456,0.29967471957206726,-0.015256375074386597,83.10655212402344,0.00817395281046629,-0.0013837125152349472,0.000438098591985181,147.08993530273438,0.9367187023162842,0.9318428039550781,1.8685874938964844,1070.3272705078125,0.0
208.8003387451172,0.0,245.17999267578125,89.0,0.5792948007583618,0.046553634107112885,2.0,0.9966486692428589,0.9966486692428589,0.9966486692428589,0.027136387303471565,0.00019200000679120421,0.43186482787132263,180000.0,-0.01370229572057724,-0.011190736666321754,-0.2229946255683899,0.2982259690761566,-0.0014487504959106445,83.06062316894531,0.007379807066172361,-0.0007941457442939281,0.0007133029866963625,148.20362854003906,0.9334757328033447,0.1747291088104248,1.1082253456115723,1804.6875,0.0
209.31101989746094,0.0,245.17999267578125,90.0,0.5631462931632996,0.004228629171848297,10.0,1.001420259475708,1.001420259475708,1.001420259475708,0.009604222141206264,0.00019079999765381217,0.4249587655067444,182000.0,-0.001046706223860383,0.012655589496716857,0.2499878853559494,0.3044665455818176,0.006240576505661011,83.85324096679688,0.006624338682740927,-0.0007554683834314346,0.0004283983143977821,150.0072784423828,0.9358813762664795,0.8621392250061035,1.798041820526123,1112.321533203125,0.0
209.7091064453125,0.0,245.17999267578125,91.0,0.5454714298248291,0.013850254938006401,4.0,0.9963750243186951,0.9963750243186951,0.9963750243186951,0.01675252430140972,0.00018960000306833535,0.4175040125846863,184000.0,-0.004563645925372839,-0.003516939701512456,0.11962385475635529,0.297901451587677,-0.006565093994140625,84.03838348388672,0.005778239108622074,-0.0008460995741188526,0.000332703028107062,151.29876708984375,0.9402387142181396,0.3456392288208008,1.2858996391296387,1555.3319091796875,0.0
212.23916625976562,0.0,247.61000061035156,92.0,0.5380296111106873,0.13367420434951782,1.0,0.9726346135139465,0.9726346135139465,0.9726346135139465,0.0484163835644722,0.0001883999939309433,0.41440629959106445,186000.0,-0.0038357062730938196,0.0007279396522790194,0.2129305750131607,0.29408392310142517,-0.003817528486251831,84.33415985107422,0.005488487426191568,-0.00028975168243050575,0.0003401435096748173,152.32447814941406,0.9312934875488281,0.08895564079284668,1.020270824432373,1960.2642822265625,0.0
213.04037475585938,0.0,247.61000061035156,93.0,0.5338505506515503,0.03632859140634537,1.0,0.9913926720619202,0.9913926720619202,0.9913926720619202,0.019484389573335648,0.0001871999993454665,0.412678599357605,188000.0,-0.0006031373050063848,0.0032325689680874348,0.11788277328014374,0.30232805013656616,0.008244127035140991,85.16600036621094,0.005374673753976822,-0.00011381367221474648,0.00029550420003943145,153.3565216064453,0.9373660087585449,0.08931088447570801,1.0267035961151123,1947.9822998046875,0.0
211.87466430664062,0.0,245.17999267578125,94.0,0.5314399600028992,0.011046099476516247,6.0,0.9968578219413757,0.9968578219413757,0.9968578219413757,0.016784096136689186,0.00018600000475998968,0.41168439388275146,190000.0,-8.912570774555206e-05,0.0005140115972608328,0.06749634444713593,20.22631072998047,19.923982679843903,86.02726745605469,0.004986426327377558,-0.00038824742659926414,0.00019115711620543152,154.81283569335938,0.9331550598144531,0.5176668167114258,1.4508442878723145,1378.5079345703125,0.0
212.82054138183594,0.0,245.17999267578125,95.0,0.5154420137405396,0.0024778929073363543,10.0,0.9994972348213196,0.9994972348213196,0.9994972348213196,0.009089265950024128,0.00018479999562259763,0.4051665663719177,192000.0,0.002272469224408269,0.002361594932153821,-0.453277587890625,0.304265558719635,-19.922045171260834,85.84649658203125,0.004150486551225185,-0.0008359397761523724,0.00025435740826651454,156.6089324951172,0.9306614398956299,0.8597934246063232,1.7904760837554932,1117.021484375,0.0
213.58274841308594,0.0,245.17999267578125,96.0,0.481145441532135,0.001576155424118042,10.0,1.0011956691741943,1.0011956691741943,1.0011956691741943,0.006143411621451378,0.00018360000103712082,0.3915157914161682,194000.0,0.0010504378005862236,-0.0012220314238220453,-0.17295554280281067,0.28684741258621216,-0.01741814613342285,86.0920639038086,0.0032106940634548664,-0.000939792487770319,0.00020698251319117844,158.40524291992188,0.9299585819244385,0.8607172966003418,1.7906970977783203,1116.8837890625,0.0
216.20703125,0.0,247.57000732421875,97.0,0.4596114456653595,0.022501537576317787,2.0,0.9940836429595947,0.9940836429595947,0.9940836429595947,0.018241429701447487,0.000182400006451644,0.3831520080566406,196000.0,-0.00432425644248724,-0.0053746942430734634,0.7503787875175476,0.2830341160297394,-0.0038132965564727783,86.25010681152344,0.0027032135985791683,-0.0005074804648756981,0.00020140667038504034,159.60281372070312,0.9443175792694092,0.24773502349853516,1.1920738220214844,1677.748779296875,0.0
216.9343719482422,0.0,247.57000732421875,98.0,0.43179255723953247,0.005100489594042301,10.0,1.0006325244903564,1.0006325244903564,1.0006325244903564,0.011937378905713558,0.00018119999731425196,0.3726651668548584,198000.0,-0.001399864675477147,0.0029243917670100927,-0.1415017545223236,0.27887219190597534,-0.004161924123764038,86.57003784179688,0.0022545265965163708,-0.00044868700206279755,0.0002122785954270512,161.4092254638672,0.9405086040496826,0.8606133460998535,1.8011469841003418,1110.40380859375,0.0
217.6331024169922,0.0,247.57000732421875,99.0,0.3936007022857666,0.00462072528898716,10.0,0.9981298446655273,0.9981298446655273,0.9981298446655273,0.012557322159409523,0.00018000000272877514,0.3586953282356262,200000.0,-0.0009491488453932106,0.00045071583008393645,0.19224323332309723,0.2739025056362152,-0.004969686269760132,86.64677429199219,0.0016061367932707071,-0.0006483898032456636,0.0002263907081214711,163.20858764648438,0.9326953887939453,0.8613748550415039,1.7940917015075684,1114.7705078125,0.0
216.15354919433594,0.0,245.16000366210938,100.0,0.3773346245288849,0.015357918106019497,3.0,0.9936912655830383,0.9936912655830383,0.9936912655830383,0.019544674083590508,0.0001787999935913831,0.3528883159160614,202000.0,-0.004664061591029167,-0.0037149127456359565,0.06900537014007568,21.913833618164062,21.639931112527847,87.04578399658203,0.0012516736751422286,-0.0003544631181284785,0.0002501059207133949,164.40968322753906,0.935615062713623,0.2595865726470947,1.195228099822998,1673.3214111328125,0.0
216.82681274414062,0.0,245.16000366210938,101.0,0.36876827478408813,0.0020052141044288874,10.0,1.0002095699310303,1.0002095699310303,1.0002095699310303,0.00898697692900896,0.00017759999900590628,0.34988129138946533,204000.0,0.0027414176147431135,0.007405479205772281,0.08994979411363602,0.2953610420227051,-21.618472576141357,86.8362808227539,0.0009615767630748451,-0.00029009691206738353,0.00022965305834077299,166.20745849609375,0.9330413341522217,0.8594253063201904,1.792487621307373,1115.76806640625,0.0
217.33079528808594,0.0,245.16000366210938,102.0,0.3584422171115875,0.02290079928934574,3.0,1.0014755725860596,1.0014755725860596,1.0014755725860596,0.016798406839370728,0.00017640000442042947,0.3462851345539093,206000.0,-0.00048019830137491226,-0.0032216159161180258,-0.1418282687664032,0.27605554461479187,-0.019305497407913208,87.14616394042969,0.0007137823267839849,-0.0002477944362908602,0.00022341062140185386,167.4056854248047,0.93149733543396,0.26132893562316895,1.192847728729248,1676.6602783203125,0.0
217.70938110351562,0.0,245.16000366210938,103.0,0.34080076217651367,0.0017787270480766892,10.0,1.0009171962738037,1.0009171962738037,1.0009171962738037,0.007406540680676699,0.00017519999528303742,0.340237557888031,208000.0,-0.00036122501478530467,0.0001189732865896076,0.3448373079299927,0.26851385831832886,-0.007541686296463013,87.16361236572266,0.000521900481544435,-0.00019188184523954988,0.00021127884974703193,169.2015380859375,0.9311106204986572,0.8594014644622803,1.7905383110046387,1116.9827880859375,0.0
218.03196716308594,0.0,245.16000366210938,104.0,0.3165122866630554,0.011298208497464657,9.0,1.0047879219055176,1.0047879219055176,1.0047879219055176,0.020359188318252563,0.0001740000006975606,0.3320721387863159,210000.0,-0.0035141105763614178,-0.003152885561576113,0.31288430094718933,0.26293689012527466,-0.005576968193054199,87.29711151123047,0.0003094089624937624,-0.00021249151905067265,0.00019467409583739936,170.98521423339844,0.9294254779815674,0.8486073017120361,1.7780544757843018,1124.8250732421875,0.0
218.28741455078125,0.0,245.16000366210938,105.0,0.3000519871711731,0.015589185059070587,7.0,1.0045366287231445,1.0045366287231445,1.0045366287231445,0.023134730756282806,0.0001728000061120838,0.3266444504261017,212000.0,-0.006307695060968399,-0.0027935844846069813,0.054928969591856,0.2613765299320221,-0.0015603601932525635,87.36048126220703,0.0001876647147582844,-0.00012174424773547798,0.00017506000585854053,172.515380859375,0.9250292778015137,0.5996501445770264,1.5247044563293457,1311.72998046875,0.0
218.54441833496094,0.0,245.16000366210938,106.0,0.28456589579582214,0.0052040209993720055,10.0,1.0008304119110107,1.0008304119110107,1.0008304119110107,0.010922348126769066,0.00017159999697469175,0.3216351568698883,214000.0,-0.0030029076151549816,0.0033047874458134174,-0.12713521718978882,0.25887975096702576,-0.002496778964996338,87.73915100097656,0.00010479606135049835,-8.286865340778604e-05,0.00015335115313064307,174.3063201904297,0.9346935749053955,0.8506228923797607,1.785341501235962,1120.2340087890625,0.0
216.60113525390625,0.0,242.7100067138672,107.0,0.27062907814979553,0.015230762772262096,3.0,1.0028578042984009,1.0028578042984009,1.0028578042984009,0.016914870589971542,0.00017040000238921493,0.3171725273132324,216000.0,-0.007793517783284187,-0.004790610168129206,0.08459185063838959,29.58638572692871,29.327505975961685,87.91253662109375,6.223374657565728e-05,-4.256231477484107e-05,0.00013001225306652486,175.50845336914062,0.9344274997711182,0.2624509334564209,1.1969010829925537,1670.9825439453125,0.0
216.79200744628906,0.0,242.7100067138672,108.0,0.2687334418296814,0.004069800954312086,10.0,1.0040572881698608,1.0040572881698608,1.0040572881698608,0.012822766788303852,0.0001691999932518229,0.31657201051712036,218000.0,0.00011966563761234283,0.00791318342089653,0.02054707705974579,0.4312446117401123,-29.1551411151886,87.2502212524414,3.671520244097337e-05,-2.5518544134683907e-05,0.00010965247929561883,177.34007263183594,0.9681432247161865,0.8579139709472656,1.826078176498413,1095.2435302734375,0.0
217.00079345703125,0.0,242.7100067138672,109.0,0.26018404960632324,0.0017094190698117018,10.0,1.000230312347412,1.000230312347412,1.000230312347412,0.007048219442367554,0.00016799999866634607,0.3138793408870697,220000.0,-0.00038135115755721927,-0.0005010167951695621,0.19579410552978516,0.2845233380794525,-0.1467212736606598,87.64920043945312,1.4249440937419422e-05,-2.246576150355395e-05,9.232199954567477e-05,179.16616821289062,0.9596257209777832,0.860832929611206,1.8204803466796875,1098.611328125,0.0
214.99249267578125,0.0,240.3000030517578,110.0,0.25101473927497864,0.003130614059045911,10.0,0.9988473057746887,0.9988473057746887,0.9988473057746887,0.00911174900829792,0.00016680000408086926,0.3110124468803406,222000.0,0.0010425748769193888,0.001423926034476608,0.07288222014904022,21.479040145874023,21.19451680779457,87.76889038085938,4.805284333997406e-06,-9.444156603422016e-06,7.748735515633598e-05,181.12525939941406,0.9663569927215576,0.9874250888824463,1.953808307647705,1023.6421508789062,0.0
215.02426147460938,0.0,240.3000030517578,111.0,0.2446782886981964,0.0036176058929413557,10.0,1.0011600255966187,1.0011600255966187,1.0011600255966187,0.009916527196764946,0.0001655999949434772,0.3090483546257019,224000.0,0.002114006783813238,0.0010714319068938494,-0.10425461083650589,0.4702218472957611,-21.008818298578262,87.6247329711914,1.3804897207592148e-06,-3.4247946132381912e-06,6.572406709892675e-05,183.3029022216797,0.9432857036590576,1.2289183139801025,2.1722307205200195,920.7127075195312,0.0
217.19105529785156,0.0,242.7100067138672,112.0,0.23769643902778625,0.007302864454686642,10.0,1.002004861831665,1.002004861831665,1.002004861831665,0.019251305609941483,0.0001644000003580004,0.30689769983291626,226000.0,-0.0040605803951621056,-0.006174587178975344,-0.25413963198661804,0.3120325207710266,-0.1581893265247345,87.8462142944336,3.3007890465341916e-07,-1.0504108161057957e-06,5.5526968935737386e-05,185.77127075195312,0.973102331161499,1.489516019821167,2.462639570236206,812.1368408203125,0.0
217.15780639648438,0.0,242.7100067138672,113.0,0.23220811784267426,0.017537686973810196,4.0,1.0020685195922852,1.0020685195922852,1.0020685195922852,0.026486467570066452,0.00016320000577252358,0.30521827936172485,228000.0,-0.005320035386830568,-0.0012594549916684628,0.29786956310272217,0.27452826499938965,-0.03750425577163696,87.94188690185547,9.771189724006035e-08,-2.323670074133588e-07,4.677309698308818e-05,187.3311004638672,0.9421553611755371,0.6119771003723145,1.554154872894287,1286.873291015625,0.0
217.26828002929688,0.0,242.7100067138672,114.0,0.21406257152557373,0.0021517265122383833,10.0,1.001240849494934,1.001240849494934,1.001240849494934,0.00810658186674118,0.00016199999663513154,0.2997373938560486,230000.0,0.00039037474198266864,0.005710410128813237,0.2859939932823181,0.26652780175209045,-0.008000463247299194,87.93951416015625,3.092146272365426e-08,-6.67904345164061e-08,3.925538476323709e-05,189.7239990234375,0.9569370746612549,1.4303765296936035,2.387335777282715,837.7540283203125,0.0
215.18710327148438,0.0,240.22999572753906,115.0,0.19316479563713074,0.005527090281248093,10.0,0.9992537498474121,0.9992537498474121,0.9992537498474121,0.014609068632125854,0.00016080000204965472,0.2935338318347931,232000.0,0.0027933171950280666,0.002402942453045398,0.027805378660559654,7.647128105163574,7.380600303411484,87.95223236083984,4.169444789425825e-09,-2.6752017934228434e-08,3.293404370197095e-05,192.1021270751953,0.9565503597259521,1.4158174991607666,2.3723952770233154,843.030029296875,0.0
215.23818969726562,0.0,240.22999572753906,116.0,0.17678071558475494,0.001958980457857251,10.0,1.0016133785247803,1.0016133785247803,1.0016133785247803,0.007668566890060902,0.00015959999291226268,0.28876468539237976,234000.0,-0.004506878554821014,-0.007300195749849081,-0.007341178134083748,0.2629010081291199,-7.384227097034454,87.81267547607422,4.1037823139689067e-10,-3.759066558028934e-09,2.736994792940095e-05,194.50564575195312,0.9619467258453369,1.4362025260925293,2.398177146911621,833.9668579101562,0.0
215.24356079101562,0.0,240.22999572753906,117.0,0.15044209361076355,0.0037223591934889555,10.0,1.0007803440093994,1.0007803440093994,1.0007803440093994,0.010630378499627113,0.00015839999832678586,0.2812661826610565,236000.0,-0.00036387593718245625,0.004143002617638558,-0.5830467939376831,0.2518119215965271,-0.011089086532592773,87.92854309082031,2.85147964268484e-11,-3.8186343497004227e-10,2.3211268853629008e-05,196.95973205566406,0.9670648574829102,1.481597900390625,2.4486851692199707,816.7650146484375,0.0
215.20013427734375,0.0,240.22999572753906,118.0,0.133206307888031,0.017886154353618622,2.0,1.0025190114974976,1.0025190114974976,1.0025190114974976,0.013775554485619068,0.00015720000374130905,0.27644845843315125,238000.0,-0.0006280047819018364,-0.00026412884471938014,-0.11649787425994873,0.2501642107963562,-0.0016477108001708984,87.87232971191406,4.489421421421946e-12,-2.4025375005426453e-11,1.9783137759077363e-05,198.2130889892578,0.9550771713256836,0.2929563522338867,1.2480616569519043,1602.485595703125,0.0
217.279296875,0.0,242.6300048828125,119.0,0.12062258273363113,0.010467186570167542,6.0,0.9970703721046448,0.9970703721046448,0.9970703721046448,0.018832311034202576,0.000155999994603917,0.2729950547218323,240000.0,-0.00180764589458704,-0.0011796411126852036,0.03534461185336113,0.2523466944694519,0.002182483673095703,87.893798828125,1.545625498249048e-12,-2.9437959231728983e-12,1.6913189028855413e-05,200.07861328125,0.9546952247619629,0.9054241180419922,1.8601453304290771,1075.18505859375,0.0
217.28817749023438,0.0,242.67999267578125,120.0,0.11064000427722931,0.018530646339058876,2.0,0.9995948672294617,0.9995948672294617,0.9995948672294617,0.020701292902231216,0.0001548000000184402,0.2702796161174774,242000.0,0.013672962784767151,0.01548060867935419,0.08025610446929932,22.535388946533203,22.28304225206375,87.9020767211914,1.2940143748196853e-12,-2.5161112342936276e-13,1.4054281564312987e-05,201.35072326660156,0.961634635925293,0.30516934394836426,1.2668306827545166,1578.7437744140625,0.0
217.47544860839844,0.0,242.67999267578125,121.0,0.1006019115447998,0.003429870354011655,10.0,1.0024101734161377,1.0024101734161377,1.0024101734161377,0.010161545127630234,0.00015360000543296337,0.26758328080177307,244000.0,-0.0014177566627040505,-0.015090719447471201,0.1385706514120102,0.26446908712387085,-22.270919859409332,87.86001586914062,3.104432401250523e-13,-9.83571134694633e-13,1.185886503662914e-05,203.81951904296875,0.9626269340515137,1.5009799003601074,2.463634490966797,811.8088989257812,0.0
217.5373077392578,0.0,242.6199951171875,122.0,0.09192689508199692,0.011415182612836361,6.0,1.0016815662384033,1.0016815662384033,1.0016815662384033,0.018470147624611855,0.00015239999629557133,0.26526883244514465,246000.0,-0.004639080259948969,-0.0032213235972449183,0.05049041658639908,10.726200103759766,10.461731016635895,87.85651397705078,3.412687070870196e-13,3.082546696196731e-14,9.87684052233817e-06,205.73043823242188,0.9702937602996826,0.9346253871917725,1.9049408435821533,1049.901611328125,0.0
217.5181427001953,0.0,242.6199951171875,123.0,0.08274666965007782,0.002514368388801813,10.0,0.9987418055534363,0.9987418055534363,0.9987418055534363,0.008657854050397873,0.0001512000017100945,0.2628474533557892,248000.0,0.003760676132515073,0.008399756392464042,0.03735678642988205,0.25208574533462524,-10.47411435842514,87.66643524169922,1.4749678800378418e-13,-1.9377191908323543e-13,8.396431439905427e-06,208.09043884277344,0.9582831859588623,1.3964626789093018,2.3547728061676025,849.339111328125,0.0
217.62234497070312,0.0,242.6199951171875,124.0,0.06417320668697357,0.002301649423316121,10.0,1.000688910484314,1.000688910484314,1.000688910484314,0.00787576287984848,0.0001500000071246177,0.25801318883895874,250000.0,0.0012085080379620194,-0.0025521680945530534,-0.0824645608663559,0.24853697419166565,-0.0035487711429595947,87.82160186767578,1.0911288013523354e-13,-3.838390786855064e-14,7.214744073280599e-06,210.16549682617188,0.9364786148071289,1.1332767009735107,2.0697810649871826,966.2860107421875,0.0
217.76380920410156,0.0,242.6199951171875,125.0,0.03647267445921898,0.0023090362083166838,10.0,1.0003453493118286,1.0003453493118286,1.0003453493118286,0.009143020957708359,0.00014879999798722565,0.2509700655937195,252000.0,-0.0007807868532836437,-0.001989294891245663,0.2509497106075287,0.2435324639081955,-0.005004510283470154,87.67513275146484,8.500969025937444e-14,-2.4103189875859105e-14,6.10302322456846e-06,212.12838745117188,0.9425396919250488,1.014784812927246,1.9573466777801514,1021.79150390625,0.0
217.8809356689453,0.0,242.6199951171875,126.0,0.0034737749956548214,0.003340899245813489,10.0,0.9994145631790161,0.9994145631790161,0.9994145631790161,0.01020732056349516,0.00014760000340174884,0.24282386898994446,254000.0,-0.004231718834489584,-0.0034509319812059402,0.009266529232263565,0.24195483326911926,-0.001577630639076233,87.63345336914062,6.420191933425787e-14,-2.080777092511657e-14,5.162965862837154e-06,214.00543212890625,0.9422640800476074,0.92909836769104,1.8713867664337158,1068.7264404296875,0.0
220.18768310546875,0.0,245.10000610351562,127.0,-0.02552306279540062,0.006126813590526581,10.0,0.9997158050537109,0.9997158050537109,0.9997158050537109,0.017057502642273903,0.0001463999942643568,0.23588064312934875,256000.0,0.0017253067344427109,0.005957025568932295,-0.2398945689201355,0.2403523474931717,-0.0016024857759475708,87.62993621826172,4.9427682677046295e-14,-1.4774236657211573e-14,4.2145943552895915e-06,215.87603759765625,0.9440944194793701,0.9208168983459473,1.8649332523345947,1072.424560546875,0.0
220.25228881835938,0.0,245.10000610351562,128.0,-0.05422644689679146,0.005543115548789501,10.0,0.9990530014038086,0.9990530014038086,0.9990530014038086,0.014928027056157589,0.00014519999967887998,0.2292076051235199,258000.0,-0.00669469079002738,-0.00841999752447009,-0.051450882107019424,0.23808784782886505,-0.0022644996643066406,87.69867706298828,3.747943931120892e-14,-1.1948243365837372e-14,3.6556382383423625e-06,217.8218994140625,0.9370720386505127,1.003204584121704,1.9403016567230225,1030.767822265625,0.0
218.18197631835938,0.0,242.6199951171875,129.0,-0.06756533682346344,0.03544623777270317,3.0,0.9935195446014404,0.9935195446014404,0.9935195446014404,0.028831638395786285,0.00014400000509340316,0.22616195678710938,260000.0,0.005308656487613916,0.012003347277641296,0.037636660039424896,11.3080415725708,11.069953724741936,87.58375549316406,5.752354565987175e-14,2.0044106348662827e-14,3.145801201753784e-06,219.05760192871094,0.9467144012451172,0.28360772132873535,1.2303481101989746,1625.5565185546875,0.0
218.11166381835938,0.0,242.6199951171875,130.0,-0.07117802649736404,0.012662121094763279,4.0,1.0023396015167236,1.0023396015167236,1.0023396015167236,0.017807526513934135,0.00014279999595601112,0.22534705698490143,262000.0,-0.005218862555921078,-0.010527519043534994,-0.09606397897005081,0.23780125379562378,-11.070240318775177,87.27347564697266,3.8352466005548563e-14,-1.9171079654323187e-14,2.590081066955463e-06,220.38258361816406,0.9425880908966064,0.37700963020324707,1.319624900817871,1515.582763671875,0.0
218.00738525390625,0.0,242.6199951171875,131.0,-0.08898890018463135,0.004474672954529524,10.0,0.9995269775390625,0.9995269775390625,0.9995269775390625,0.01126460637897253,0.0001416000013705343,0.22137388586997986,264000.0,-0.001490939175710082,0.0037279233802109957,-0.12561047077178955,0.23453298211097717,-0.0032682716846466064,87.2451171875,1.6765814404113774e-14,-2.158665160143479e-14,2.1881457996641984e-06,222.2641143798828,0.9337067604064941,0.942657470703125,1.8763854503631592,1065.87939453125,0.0
217.88308715820312,0.0,242.6199951171875,132.0,-0.11359503120183945,0.0032145834993571043,10.0,1.001360535621643,1.001360535621643,1.001360535621643,0.010551989078521729,0.00014040000678505749,0.21599337458610535,266000.0,-0.0033058016560971737,-0.0018148624803870916,-0.08664058148860931,0.229509636759758,-0.005023345351219177,87.12821960449219,3.354933691968043e-11,3.3532571105276314e-11,1.7209007410201593e-06,224.19252014160156,0.9342186450958252,0.9883856773376465,1.9226264953613281,1040.243896484375,0.0
219.7718505859375,0.0,245.0500030517578,133.0,-0.12729032337665558,0.020230885595083237,2.0,0.994031548500061,0.994031548500061,0.994031548500061,0.017404036596417427,0.00013919999764766544,0.21305006742477417,268000.0,-0.0068181646056473255,-0.003512362949550152,0.1542557328939438,0.2375001162290573,0.007990479469299316,87.24745178222656,1.1673107792875559e-11,-2.187622912680487e-11,-2.2911049200047273e-06,225.32298278808594,0.9357254505157471,0.18917274475097656,1.124920129776001,1777.90478515625,0.0
219.5401611328125,0.0,245.0500030517578,134.0,-0.14159752428531647,0.001896486384794116,10.0,0.998889148235321,0.998889148235321,0.998889148235321,0.008996360935270786,0.00013800000306218863,0.21002809703350067,270000.0,0.0020068828016519547,0.00882504740729928,0.050953060388565063,0.2286113202571869,-0.008888795971870422,87.12899780273438,6.089896642524906e-11,4.92258586323735e-11,-2.118253860317054e-06,227.21307373046875,0.9536392688751221,0.9310061931610107,1.8846666812896729,1061.1956787109375,0.0
221.64712524414062,0.0,247.52000427246094,135.0,-0.1590668261051178,0.013676656410098076,5.0,1.0035682916641235,1.0035682916641235,1.0035682916641235,0.02469942905008793,0.00013679999392479658,0.20638823509216309,272000.0,-0.006224513985216618,-0.008231396786868572,0.006081266328692436,0.22621488571166992,-0.0023964345455169678,86.94649505615234,1.0580499670842514e-10,4.490603028317608e-11,-1.5427779089804972e-06,228.6270751953125,0.9389832019805908,0.4694805145263672,1.4084906578063965,1419.96044921875,0.0
221.5874481201172,0.0,247.52000427246094,136.0,-0.18274693191051483,0.0061832619830966,10.0,1.0019036531448364,1.0019036531448364,1.0019036531448364,0.013386505655944347,0.00013559999933931977,0.2015647143125534,274000.0,-0.0023114937357604504,0.003913020249456167,0.24007539451122284,0.22501814365386963,-0.001196742057800293,87.07701110839844,5.298098071371271e-11,-5.2824015994712425e-11,-8.598073009125073e-07,230.5745391845703,0.9374086856842041,1.0045018196105957,1.941932201385498,1029.9022216796875,0.0
221.5425262451172,0.0,247.52000427246094,137.0,-0.21057729423046112,0.0022018831223249435,10.0,0.9984866380691528,0.9984866380691528,0.9984866380691528,0.011890572495758533,0.00013440000475384295,0.19603024423122406,276000.0,-0.0012125247158110142,0.0010989690199494362,-0.07860862463712692,0.22272281348705292,-0.0022953301668167114,86.97025299072266,6.997551149634518e-11,1.6994530782632467e-11,-6.714164442200854e-07,232.45497131347656,0.9377114772796631,0.9367258548736572,1.8744585514068604,1066.9749755859375,0.0
221.46359252929688,0.0,247.52000427246094,138.0,-0.23520779609680176,0.004388301633298397,10.0,0.9987314939498901,0.9987314939498901,0.9987314939498901,0.009821201674640179,0.0001331999956164509,0.1912592351436615,278000.0,-0.00027176589355804026,0.0009407588222529739,-0.15400010347366333,0.22185368835926056,-0.0008691251277923584,87.03074645996094,6.093808790907929e-11,-9.037423587265891e-12,-1.1129084214189788e-06,234.33346557617188,0.9396970272064209,0.9328429698944092,1.872560977935791,1068.0562744140625,0.0
221.37562561035156,0.0,247.52000427246094,139.0,-0.2505651116371155,0.01215893030166626,5.0,0.9990185499191284,0.9990185499191284,0.9990185499191284,0.02179308608174324,0.0001320000010309741,0.18834149837493896,280000.0,-0.0019208373269066215,-0.0016490714333485812,-0.34105122089385986,0.21842889487743378,-0.0034247934818267822,86.95256042480469,5.440770750597679e-11,-6.530380403102498e-12,-1.7671396790319704e-06,235.74412536621094,0.9372107982635498,0.46776390075683594,1.4049980640411377,1423.489990234375,0.0
221.24246215820312,0.0,247.52000427246094,140.0,-0.25775355100631714,0.03170372545719147,2.0,0.9998526573181152,0.9998526573181152,0.9998526573181152,0.023695778101682663,0.00013080000644549727,0.1869916170835495,282000.0,-0.0051188082434237,-0.003197970916517079,0.269499272108078,0.21968960762023926,0.001260712742805481,86.95960235595703,7.652615346964708e-11,2.2118445963670297e-11,-1.19473611448484e-06,236.88381958007812,0.9451570510864258,0.18896007537841797,1.1341381072998047,1763.4539794921875,0.0
221.10789489746094,0.0,247.52000427246094,141.0,-0.26687565445899963,0.018512962386012077,7.0,0.9977189302444458,0.9977189302444458,0.9977189302444458,0.02597028575837612,0.00012959999730810523,0.1852956861257553,284000.0,-0.00553842494264245,-0.00041961669921875,-0.16944175958633423,0.21636764705181122,-0.0033219605684280396,86.8530502319336,1.0354871821105505e-10,2.7022564741407962e-11,1.3222247616795357e-05,238.48240661621094,0.9382514953613281,0.6546792984008789,1.5929527282714844,1255.5302734375,0.0
223.2627410888672,0.0,250.0,142.0,-0.2765529453754425,0.017787456512451172,2.0,0.9983795285224915,0.9983795285224915,0.9983795285224915,0.013847004622220993,0.00012840000272262841,0.18350927531719208,286000.0,-0.004439151845872402,0.0010992730967700481,-0.11025575548410416,0.21632534265518188,-4.2304396629333496e-05,86.83956146240234,1.6912213816888677e-12,-1.0185749682936618e-10,1.1862093742820434e-05,239.6156463623047,0.9391195774078369,0.18893003463745117,1.12807035446167,1772.939453125,0.0
223.39390563964844,0.0,250.0,143.0,-0.2822621166706085,0.033516913652420044,2.0,0.9955237507820129,0.9955237507820129,0.9955237507820129,0.033631037920713425,0.00012719999358523637,0.18246451020240784,288000.0,-0.005219625309109688,-0.0007804734632372856,0.05204305052757263,0.21510329842567444,-0.0012220442295074463,87.01725769042969,9.388216766492707e-12,7.69699538480384e-12,9.608570508135017e-06,240.7490997314453,0.9389293193817139,0.18914079666137695,1.1280910968780518,1772.9068603515625,0.0
223.5315399169922,0.0,250.0,144.0,-0.2879123091697693,0.015339210629463196,4.0,1.0007461309432983,1.0007461309432983,1.0007461309432983,0.017388513311743736,0.00012599999899975955,0.18143664300441742,290000.0,-0.004595912992954254,0.0006237123161554337,0.02295815758407116,0.2154446691274643,0.00034137070178985596,87.27288818359375,6.554573550587861e-11,5.61575187393859e-11,7.079484930727631e-06,242.13905334472656,0.9377555847167969,0.44637584686279297,1.3841526508331299,1444.9276123046875,0.0
223.68431091308594,0.0,250.0,145.0,-0.3038652837276459,0.003258300246670842,10.0,1.0001850128173828,1.0001850128173828,1.0001850128173828,0.008555701933801174,0.00012480000441428274,0.17856904864311218,292000.0,-0.0016503181541338563,0.002945594838820398,-0.09220052510499954,0.2140897810459137,-0.0013548880815505981,87.09715270996094,6.295806931344572e-11,-2.5876661924328914e-12,-4.613753390003694e-06,244.02186584472656,0.9377810955047607,0.9391765594482422,1.876978874206543,1065.542236328125,0.0
221.7517547607422,0.0,247.5500030517578,146.0,-0.3152444064617157,0.017035020515322685,3.0,0.9970009326934814,0.9970009326934814,0.9970009326934814,0.021676084026694298,0.0001235999952768907,0.17654438316822052,294000.0,-0.007564733270555735,-0.005914415116421878,0.04491988569498062,15.770710945129395,15.55662116408348,87.24858093261719,2.758877848396679e-10,2.129297155262222e-10,6.890717486385256e-06,245.24671936035156,0.9368867874145508,0.2818591594696045,1.218766689300537,1641.0035400390625,0.0
217.49664306640625,0.0,242.5800018310547,147.0,-0.31557512283325195,0.04978432506322861,1.0,0.9973331093788147,0.9973331093788147,0.9973331093788147,0.016682688146829605,0.00012240000069141388,0.17648601531982422,296000.0,3.885291516780853e-05,0.007603586185723543,0.10198801755905151,11.514892578125,-4.2558183670043945,87.00830841064453,3.539016302234188e-12,-2.7234876853743373e-10,5.213189069763757e-06,246.2872314453125,0.9388232231140137,0.0959169864654541,1.0347611904144287,1932.8135986328125,0.0
217.55120849609375,0.0,242.5800018310547,148.0,-0.31721770763397217,0.013890775851905346,5.0,1.0004158020019531,1.0004158020019531,1.0004158020019531,0.022476384416222572,0.00012119999882997945,0.17619642615318298,298000.0,0.0014220339944586158,0.0013831810792908072,0.05486452579498291,0.2436060607433319,-11.271286517381668,87.20867156982422,1.4706993760847664e-13,-3.3919463646257114e-12,4.716529929282842e-06,247.6984405517578,0.9369552135467529,0.46848392486572266,1.405463695526123,1423.0184326171875,0.0
215.40243530273438,0.0,240.1199951171875,149.0,-0.3152812123298645,0.0005926394951529801,10.0,1.000112771987915,1.000112771987915,1.000112771987915,0.003968449309468269,0.00011999999696854502,0.1765381395816803,300000.0,-0.0007113862666301429,-0.0021334202610887587,0.05765356495976448,13.227729797363281,12.98412373661995,87.11324310302734,4.7364966115903684e-11,4.721789617829521e-11,4.474051820579916e-06,249.5731658935547,0.9367730617523193,0.9322054386138916,1.8689992427825928,1070.0916748046875,0.0
213.21798706054688,0.0,237.6699981689453,150.0,-0.3141295611858368,0.005020758602768183,10.0,1.0011680126190186,1.0011680126190186,1.0011680126190186,0.013053004629909992,0.0001188000023830682,0.17674139142036438,302000.0,-0.0016585640842095017,-0.0009471778175793588,0.05631141737103462,15.324450492858887,2.0967206954956055,87.01837158203125,6.605086616540135e-11,1.868590004949766e-11,7.561415714008035e-06,251.44688415527344,0.9375267028808594,0.930044412612915,1.867591142654419,1070.8984375,0.0
208.82427978515625,0.0,232.75999450683594,151.0,-0.3149010241031647,0.009220685809850693,10.0,0.9984933137893677,0.9984933137893677,0.9984933137893677,0.014553336426615715,0.00011760000052163377,0.1766050159931183,304000.0,-0.0021142964251339436,-0.0004557323409244418,0.010738901793956757,23.420276641845703,8.095826148986816,86.88285827636719,6.994860940467973e-11,3.897743239278384e-12,9.075783054868225e-06,253.32151794433594,0.9366061687469482,0.9319729804992676,1.868600606918335,1070.320068359375,0.0
208.89614868164062,0.0,232.75999450683594,152.0,-0.311463326215744,0.005258115939795971,10.0,0.9993383288383484,0.9993383288383484,0.9993383288383484,0.011787584982812405,0.00011639999866019934,0.17721346020698547,306000.0,0.00212568836286664,0.004239984788000584,0.21682943403720856,0.43705177307128906,-22.983224868774414,86.45355987548828,8.042133625707493e-11,1.0472726852395198e-11,2.5712736260175006e-06,255.26390075683594,0.939833402633667,0.9964640140533447,1.93631911277771,1032.8878173828125,0.0
208.90274047851562,0.0,232.75999450683594,153.0,-0.3104747235774994,0.01158581767231226,7.0,0.9979984164237976,0.9979984164237976,0.9979984164237976,0.020820684731006622,0.00011519999679876491,0.17738847434520721,308000.0,0.0016200902173295617,-0.0005055981455370784,-0.11981607228517532,0.2885696291923523,-0.14848214387893677,86.64962768554688,4.852472243466188e-11,-3.1896613822413045e-11,1.777340003172867e-06,256.85675048828125,0.9352648258209229,0.6513240337371826,1.586611270904541,1260.548583984375,0.0
206.74285888671875,0.0,230.3800048828125,154.0,-0.3093939423561096,0.011495204642415047,4.0,1.0002347230911255,1.0002347230911255,1.0002347230911255,0.017835861071944237,0.0001140000022132881,0.1775803118944168,310000.0,-0.004054601304233074,-0.005674691521562636,0.06554362922906876,24.841854095458984,24.553284466266632,86.56067657470703,6.545671643598538e-11,1.6931994001323503e-11,1.1262152384006185e-06,258.17578125,0.9383430480957031,0.37462329864501953,1.3129875659942627,1523.243896484375,0.0
204.4683837890625,0.0,227.99000549316406,155.0,-0.3099762499332428,0.014144688844680786,3.0,0.998071014881134,0.998071014881134,0.998071014881134,0.01657996140420437,0.00011280000035185367,0.17747700214385986,312000.0,0.009374751709401608,0.013429353013634682,0.023370422422885895,24.34279441833496,-0.49905967712402344,86.05999755859375,1.1006398570323483e-10,4.460726926724945e-11,-6.617375220230315e-06,259.4078674316406,0.9429872035980225,0.28321146965026855,1.2262206077575684,1631.0281982421875,0.0
204.22113037109375,0.0,227.99000549316406,156.0,-0.31513285636901855,0.00087093620095402,10.0,0.9999683499336243,0.9999683499336243,0.9999683499336243,0.007006376050412655,0.00011159999849041924,0.1765643209218979,314000.0,0.0031211357563734055,-0.006253615953028202,-0.3116564452648163,0.4437585473060608,-23.8990358710289,85.92589569091797,6.485128406508167e-11,-4.521270163815316e-11,-5.24632969245431e-06,261.3007507324219,0.9441578388214111,0.942671537399292,1.8868563175201416,1059.96435546875,0.0
203.9794464111328,0.0,227.99000549316406,157.0,-0.32323157787323,0.0017613705713301897,10.0,1.001190423965454,1.001190423965454,1.001190423965454,0.007237321697175503,0.00011039999662898481,0.17514066398143768,316000.0,-0.0013096110196784139,-0.004430746776051819,-0.13911236822605133,0.2629340887069702,-0.18082445859909058,86.11092376708984,6.538941610401139e-11,5.381320389297173e-13,-3.7579309264401672e-06,263.177490234375,0.9346432685852051,0.9358704090118408,1.8705382347106934,1069.21142578125,0.0
203.73731994628906,0.0,228.0399932861328,158.0,-0.33171147108078003,0.009093554690480232,5.0,1.0025466680526733,1.0025466680526733,1.0025466680526733,0.022763898596167564,0.00010920000204350799,0.17366132140159607,318000.0,0.0034572225995361805,0.004766833619214594,-0.6079186797142029,23.748645782470703,23.485711693763733,86.21399688720703,3.514614640987013e-11,-3.024326969414126e-11,-4.524789801507723e-06,264.58795166015625,0.9372496604919434,0.4671316146850586,1.4044017791748047,1424.0941162109375,0.0
207.86294555664062,0.0,233.00999450683594,159.0,-0.3377162218093872,0.003981973510235548,10.0,1.0014169216156006,1.0014169216156006,1.0014169216156006,0.012088993564248085,0.00010800000018207356,0.17262154817581177,320000.0,-0.002205523895099759,-0.00566274649463594,-0.19959010183811188,0.3195757269859314,-23.42907005548477,85.58788299560547,6.247643374868161e-11,2.7330287338811488e-11,-6.461800239776494e-06,266.5281677246094,0.9338047504425049,1.0006182193756104,1.9344444274902344,1033.8887939453125,0.0
205.35711669921875,0.0,230.5500030517578,160.0,-0.34052392840385437,0.007330385502427816,5.0,0.9973767995834351,0.9973767995834351,0.9973767995834351,0.014060904271900654,0.00010679999832063913,0.17213736474514008,322000.0,0.0023994087241590023,0.004604932619258761,0.05105641484260559,15.140788078308105,14.821212351322174,85.51817321777344,2.181805569545503e-10,1.5570412320586868e-10,1.256893574463902e-05,267.9344482421875,0.934805154800415,0.46611952781677246,1.4009454250335693,1427.6075439453125,0.0
207.21231079101562,0.0,233.00999450683594,161.0,-0.33998069167137146,0.015538312494754791,5.0,1.0017616748809814,1.0017616748809814,1.0017616748809814,0.025371406227350235,0.0001055999964592047,0.17223092913627625,324000.0,-0.0017926417058333755,-0.004192050429992378,0.025275258347392082,0.27685004472732544,-14.86393803358078,85.0438232421875,7.068737956084092e-13,-2.174736831589419e-10,1.068164510797942e-05,269.3436584472656,0.9373345375061035,0.46663665771484375,1.403991937637329,1424.5098876953125,0.0
209.04794311523438,0.0,235.4600067138672,162.0,-0.3438339829444885,0.013105248101055622,10.0,1.0016486644744873,1.0016486644744873,1.0016486644744873,0.022912483662366867,0.00010440000187372789,0.1715695708990097,326000.0,-0.010777520015835762,-0.008984878310002387,0.32412269711494446,0.23389120399951935,-0.04295884072780609,84.99718475341797,3.930499675730559e-11,3.859812296169718e-11,8.743749276618473e-06,271.22210693359375,0.9383609294891357,0.9343385696411133,1.8727200031280518,1067.965576171875,0.0
210.85130310058594,0.0,237.9499969482422,163.0,-0.3571383059024811,0.007372580468654633,10.0,1.0011755228042603,1.0011755228042603,1.0011755228042603,0.014508393593132496,0.00010320000001229346,0.16930241882801056,328000.0,-0.004067984409630299,0.006709535606205463,0.179142028093338,0.21971432864665985,-0.014176875352859497,84.90939331054688,6.274591957122766e-11,2.344092281392207e-11,6.686947472189786e-06,273.120849609375,0.9548377990722656,0.938441276550293,1.8933005332946777,1056.3565673828125,0.0
212.60154724121094,0.0,240.3699951171875,164.0,-0.36551961302757263,0.002675902796909213,10.0,0.9990726709365845,0.9990726709365845,0.9990726709365845,0.008334392681717873,0.00010199999815085903,0.1678880751132965,330000.0,0.0005265868385322392,0.004594571248162538,-0.1974400281906128,0.21588650345802307,-0.00382782518863678,84.72818756103516,5.908203787319266e-11,-3.663881698034999e-12,5.059509931015782e-06,274.9935607910156,0.9379310607910156,0.9291884899139404,1.8671417236328125,1071.1561279296875,0.0
212.18048095703125,0.0,240.3699951171875,165.0,-0.36838966608047485,0.01480923406779766,5.0,1.0036969184875488,1.0036969184875488,1.0036969184875488,0.015149950049817562,0.00010080000356538221,0.16740691661834717,332000.0,-0.0005842411192134023,-0.0011108279577456415,0.3066440224647522,0.21460208296775818,-0.0012844204902648926,84.6097183227539,7.42125180752673e-11,1.5130480202074637e-11,2.2163019366416847e-06,276.46917724609375,0.932713508605957,0.5374240875244141,1.4701588153839111,1360.397705078125,0.0
209.72691345214844,0.0,237.9499969482422,166.0,-0.3706149756908417,0.01741139218211174,2.0,1.0028738975524902,1.0028738975524902,1.0028738975524902,0.026276031509041786,9.960000170394778e-05,0.16703474521636963,334000.0,-0.0036776941269636154,-0.003093453007750213,-1.071223258972168,24.889720916748047,24.67511883378029,84.70437622070312,7.183338923688609e-10,6.441213742935936e-10,2.7493315428728238e-05,277.59613037109375,0.9323368072509766,0.18886780738830566,1.1212303638458252,1783.755859375,0.0
213.67926025390625,0.0,242.72000122070312,167.0,-0.3726360499858856,0.0016222071135416627,10.0,1.0006128549575806,1.0006128549575806,1.0006128549575806,0.009073738008737564,9.839999984251335e-05,0.1666976362466812,336000.0,-4.927497502649203e-05,0.0036284191519371234,-0.11341573297977448,0.2730671763420105,-24.616653740406036,84.32283020019531,4.406885446839315e-12,-7.139270069220216e-10,1.8877664842875674e-05,279.47210693359375,0.938591718673706,0.9318249225616455,1.8704373836517334,1069.268798828125,0.0
213.44651794433594,0.0,242.72000122070312,168.0,-0.377991259098053,0.0017223488539457321,10.0,1.0001343488693237,1.0001343488693237,1.0001343488693237,0.007338050752878189,9.719999798107892e-05,0.16580739617347717,338000.0,0.002574397949501872,0.002623672924528364,-0.42342790961265564,0.2154899537563324,-0.0575772225856781,84.24844360351562,2.702676103749635e-11,2.2619875590657035e-11,1.6395943021052517e-05,281.3452453613281,0.9373254776000977,0.9301159381866455,1.8674662113189697,1070.9700927734375,0.0
213.20457458496094,0.0,242.72000122070312,169.0,-0.3816067576408386,0.013866176828742027,2.0,1.0010225772857666,1.0010225772857666,1.0010225772857666,0.019228041172027588,9.600000339560211e-05,0.16520877182483673,340000.0,-0.0019726932514458895,-0.0045470912009477615,-0.13623642921447754,0.21784619987010956,0.0023562461137771606,84.2713851928711,7.420759839948943e-11,4.718083736199308e-11,1.4116465536062606e-05,282.48089599609375,0.9409763813018799,0.1891636848449707,1.130164384841919,1769.6544189453125,0.0
213.0038299560547,0.0,242.72000122070312,170.0,-0.38675037026405334,0.003256849478930235,10.0,1.001010537147522,1.001010537147522,1.001010537147522,0.010278720408678055,9.480000153416768e-05,0.16436176002025604,342000.0,0.0002004744455916807,0.00217316769703757,-0.3477869927883148,0.21416647732257843,-0.003679722547531128,84.39922332763672,6.234120164538837e-11,-1.186639675410106e-11,1.4334173101815395e-05,284.35589599609375,0.9373974800109863,0.9323267936706543,1.8697459697723389,1069.6641845703125,0.0
214.93980407714844,0.0,245.1199951171875,171.0,-0.39654892683029175,0.00425639096647501,10.0,1.0002614259719849,1.0002614259719849,1.0002614259719849,0.012854735367000103,9.359999967273325e-05,0.16275940835475922,344000.0,-0.0004902193322777748,-0.0006906937778694555,-0.021334199234843254,0.2096811980009079,-0.004485279321670532,84.29206848144531,6.75006509021081e-11,5.159449256719739e-12,2.2180347514222376e-05,286.2317810058594,0.9377284049987793,0.9324285984039307,1.8701786994934082,1069.4166259765625,0.0
216.9364776611328,0.0,247.5800018310547,172.0,-0.40428322553634644,0.012090848758816719,5.0,1.001937985420227,1.001937985420227,1.001937985420227,0.019383922219276428,9.239999781129882e-05,0.16150476038455963,346000.0,-0.003875424386933446,-0.003385205054655671,-0.11736403405666351,0.2108965367078781,0.0012153387069702148,84.03752899169922,5.588214266327718e-11,-1.1618508238830927e-11,1.5583775166305713e-05,287.71417236328125,0.9381322860717773,0.5382945537567139,1.4764502048492432,1354.6005859375,0.0
216.8695831298828,0.0,247.5800018310547,173.0,-0.41252461075782776,0.0010309633798897266,10.0,1.000107765197754,1.000107765197754,1.000107765197754,0.00615389971062541,9.1200003225822e-05,0.16017982363700867,348000.0,-0.000707253988366574,0.003168170398566872,-0.009280413389205933,0.20994925498962402,-0.0009472817182540894,84.20262145996094,6.718374467862276e-11,1.130160201534558e-11,9.924455298460089e-06,289.5903015136719,0.9399621486663818,0.9309787750244141,1.8709619045257568,1068.9691162109375,0.0
216.80894470214844,0.0,247.5800018310547,174.0,-0.4244017004966736,0.0028641039971262217,10.0,1.000478982925415,1.000478982925415,1.000478982925415,0.01058757770806551,9.000000136438757e-05,0.15828900039196014,350000.0,0.00012094042904209346,0.0008281944174086675,-0.17382222414016724,0.20798149704933167,-0.0019677579402923584,84.15923309326172,6.339351266149151e-11,-3.790232017131245e-12,8.527226782462094e-06,291.4599914550781,0.9345798492431641,0.9298028945922852,1.8644089698791504,1072.726318359375,0.0
216.7738037109375,0.0,247.5800018310547,175.0,-0.4367676377296448,0.004851535428315401,10.0,1.0005898475646973,1.0005898475646973,1.0005898475646973,0.01152147725224495,8.879999950295314e-05,0.15634331107139587,352000.0,-0.0001527298300061375,-0.00027367025904823095,-0.2157829999923706,0.20624308288097382,-0.0017384141683578491,83.57457733154297,6.917583866838939e-11,5.7823260068978755e-12,6.5286872086289804e-06,293.3404846191406,0.9445524215698242,0.9303727149963379,1.8749525547027588,1066.6939697265625,0.0
216.82290649414062,0.0,247.5800018310547,176.0,-0.4503263533115387,0.003958303947001696,10.0,0.9995320439338684,0.9995320439338684,0.9995320439338684,0.010674376040697098,8.759999764151871e-05,0.1542387306690216,354000.0,0.0003950018435716629,0.0005477316735778004,0.11496219784021378,0.2047279179096222,-0.0015151649713516235,83.8501968383789,7.776765342804026e-11,8.591814759650873e-12,5.270808287605178e-06,295.23809814453125,0.9363510608673096,0.9557449817657471,1.8921186923980713,1057.016357421875,0.0
216.87310791015625,0.0,247.5800018310547,177.0,-0.4584406018257141,0.06192621961236,2.0,0.9977684020996094,0.9977684020996094,0.9977684020996094,0.02638293243944645,8.64000030560419e-05,0.15299053490161896,356000.0,-0.0095150675624609,-0.009910069406032562,-0.38906481862068176,0.20507901906967163,0.0003511011600494385,83.54322814941406,4.478500070792535e-10,3.700823536512132e-10,-1.2140529179305304e-05,296.38458251953125,0.9511349201202393,0.19015169143676758,1.1413085460662842,1752.375244140625,0.0
219.12393188476562,0.0,250.0,178.0,-0.4634496569633484,0.003964575007557869,10.0,1.0005879402160645,1.0005879402160645,1.0005879402160645,0.012935184873640537,8.520000119460747e-05,0.15222686529159546,358000.0,-0.0010025892406702042,0.008512478321790695,-0.20575286448001862,0.20476984977722168,-0.00030916929244995117,84.02778625488281,8.918103343476258e-13,-4.4695819674490586e-10,-1.0295263564330526e-05,298.3223571777344,0.9336178302764893,0.9984440803527832,1.9320833683013916,1035.152099609375,0.0
219.21763610839844,0.0,250.0,179.0,-0.46883681416511536,0.026700962334871292,1.0,0.9970077872276306,0.9970077872276306,0.9970077872276306,0.01818522997200489,8.399999933317304e-05,0.15140827000141144,360000.0,-0.0018439722480252385,-0.0008413830073550344,0.19207219779491425,0.20417286455631256,-0.0005969852209091187,83.6456069946289,2.1087380105977438e-11,2.0195569771629812e-11,-8.228154001699295e-06,299.3611755371094,0.9374439716339111,0.09603524208068848,1.0335018634796143,1935.168701171875,0.0
219.3953857421875,0.0,250.0,180.0,-0.46911224722862244,0.040380340069532394,3.0,1.0102298259735107,1.0102298259735107,1.0102298259735107,0.07824492454528809,8.27999974717386e-05,0.15136657655239105,362000.0,-0.021054169163107872,-0.019210196915082633,-0.03399847447872162,0.20350421965122223,-0.000668644905090332,83.77348327636719,4.9279792052603355e-11,2.8192411946625917e-11,-4.576483661367092e-06,300.581787109375,0.9334654808044434,0.28191280364990234,1.2154004573822021,1645.5484619140625,0.0
215.33169555664062,0.0,245.1199951171875,181.0,-0.47021371126174927,0.004340632818639278,10.0,0.9993060827255249,0.9993060827255249,0.9993060827255249,0.015224352478981018,8.160000288626179e-05,0.1512000411748886,364000.0,0.0013837848091498017,0.022437953972257674,0.07796677201986313,29.097646713256836,28.894142493605614,83.8585205078125,1.4115503210732072e-10,9.187524005471737e-11,-2.8860602469649166e-05,302.45880126953125,0.9391429424285889,0.9324624538421631,1.8716273307800293,1068.589111328125,0.0
207.06788635253906,0.0,235.4199981689453,182.0,-0.4720156192779541,0.021189533174037933,1.0,1.0005271434783936,1.0005271434783936,1.0005271434783936,0.013752942904829979,8.040000102482736e-05,0.15092772245407104,366000.0,-0.009257737547159195,-0.010641522356308997,0.06586851179599762,65.47726440429688,36.37961769104004,83.45085144042969,3.695256947655601e-11,-1.0420246263076471e-10,-2.4232538635260426e-05,303.50653076171875,0.9453732967376709,0.09661054611206055,1.042011022567749,1919.365966796875,0.0
202.96795654296875,0.0,230.58999633789062,183.0,-0.47063955664634705,0.00574639905244112,5.0,0.9993254542350769,0.9993254542350769,0.9993254542350769,0.012327478267252445,7.919999916339293e-05,0.1511356234550476,368000.0,0.001501187332905829,0.010758924880065024,-0.754032552242279,37.95723342895508,-27.520030975341797,82.80870056152344,1.039788567747113e-11,-2.6554683799084877e-11,-2.1862235371372662e-05,304.91387939453125,0.936730146408081,0.4653937816619873,1.4021456241607666,1426.3856201171875,0.0
200.97186279296875,0.0,228.11000061035156,184.0,-0.46862348914146423,0.0006549159297719598,10.0,0.9999488592147827,0.9999488592147827,0.9999488592147827,0.004381652921438217,7.79999973019585e-05,0.1514405757188797,370000.0,0.0003835210227407515,-0.0011176663101650774,-0.11027731746435165,7.504344940185547,-30.45288848876953,83.11199951171875,5.2443844406058204e-11,4.2045958728587074e-11,-2.1333544282242656e-05,306.7918701171875,0.9389545917510986,0.9337978363037109,1.872774600982666,1067.934326171875,0.0
196.80076599121094,0.0,223.25,185.0,-0.469083309173584,0.016391891986131668,3.0,0.9963191151618958,0.9963191151618958,0.9963191151618958,0.01618586853146553,7.680000271648169e-05,0.15137095749378204,372000.0,0.0003783476131502539,-5.173409590497613e-06,0.055258531123399734,34.878902435302734,27.374557495117188,83.44703674316406,9.605385237199116e-11,4.361000796593295e-11,-2.4477541956002824e-05,308.0225830078125,0.9405105113983154,0.28476428985595703,1.225301742553711,1632.251953125,0.0
196.82723999023438,0.0,223.25,186.0,-0.4715909957885742,0.003810429247096181,10.0,1.000719666481018,1.000719666481018,1.000719666481018,0.010256024077534676,7.560000085504726e-05,0.1509920060634613,374000.0,-0.002427320461720228,-0.002805668074870482,0.14781519770622253,0.4468301832675934,-34.43207225203514,82.9390640258789,5.524965554504213e-11,-4.0804196826949024e-11,-1.3777257663605269e-05,309.9201965332031,0.9531364440917969,0.9391441345214844,1.892307996749878,1056.91064453125,0.0
196.89285278320312,0.0,223.25,187.0,-0.4741877019405365,0.04362080991268158,1.0,1.0066262483596802,1.0066262483596802,1.0066262483596802,0.04022422432899475,7.439999899361283e-05,0.15060026943683624,376000.0,-0.04180605709552765,-0.03937873663380742,0.21846213936805725,0.5386976599693298,0.09186747670173645,83.33365631103516,3.753334587575097e-10,3.2008380321246754e-10,-2.0532877897494473e-05,310.96563720703125,0.9427690505981445,0.0969536304473877,1.0397436618804932,1923.551513671875,0.0
196.95343017578125,0.0,223.25,188.0,-0.47551172971725464,0.0015949094668030739,10.0,1.0000200271606445,1.0000200271606445,1.0000200271606445,0.00850285217165947,7.31999971321784e-05,0.15040114521980286,378000.0,0.0003610217827372253,0.042167078878264874,-0.031136492267251015,0.2696089446544647,-0.2690887153148651,83.19986724853516,5.873383029930679e-11,-3.165996284582029e-10,-7.192902558017522e-06,312.91552734375,0.9401862621307373,1.004328966140747,1.9445397853851318,1028.521240234375,0.0
194.78175354003906,0.0,220.75999450683594,189.0,-0.4785670340061188,0.007511581294238567,10.0,0.9958044290542603,0.9958044290542603,0.9958044290542603,0.013516973704099655,7.200000254670158e-05,0.14994218945503235,380000.0,-0.0018044647295027971,-0.0021654865122400224,-0.02441667579114437,4.092260360717773,3.8226514160633087,83.25119018554688,5.922580481598771e-11,4.919745166809264e-13,-8.777487892075442e-06,314.8021240234375,0.9400017261505127,0.9408955574035645,1.8809192180633545,1063.31005859375,0.0
194.65005493164062,0.0,220.75999450683594,190.0,-0.4801598787307739,0.01530863344669342,4.0,1.0026743412017822,1.0026743412017822,1.0026743412017822,0.021243518218398094,7.080000068526715e-05,0.14970356225967407,382000.0,0.0028558510821312666,0.004660315811634064,-0.4810786247253418,0.2228977084159851,-3.8693626523017883,82.80345916748047,5.92875887273081e-11,6.178391132038996e-14,5.758810175393592e-07,316.13739013671875,0.9498071670532227,0.37998294830322266,1.3298170566558838,1503.967041015625,0.0
192.33209228515625,0.0,218.35000610351562,191.0,-0.4812580347061157,0.01113891787827015,4.0,0.9971675276756287,0.9971675276756287,0.9971675276756287,0.013228755444288254,6.959999882383272e-05,0.14953923225402832,384000.0,-0.005199335515499115,-0.008055186597630382,0.06159212812781334,20.71544647216797,20.492548763751984,82.36090087890625,7.020935915980075e-11,1.092177043249265e-11,4.805384605788277e-07,317.4651794433594,0.9456851482391357,0.37659215927124023,1.3223035335540771,1512.5125732421875,0.0
191.99134826660156,0.0,218.35000610351562,192.0,-0.48308587074279785,0.01295242179185152,10.0,1.0041711330413818,1.0041711330413818,1.0041711330413818,0.018768567591905594,6.839999696239829e-05,0.1492663025856018,386000.0,-0.00817242730408907,-0.0029730917885899544,-0.14015527069568634,0.37256506085395813,-20.34288141131401,82.03138732910156,6.506549465878919e-11,-5.1438645010115636e-12,2.475128212608979e-06,319.3594055175781,0.9482631683349609,0.9405379295349121,1.8888282775878906,1058.8577880859375,0.0
196.04933166503906,0.0,223.22999572753906,193.0,-0.48636674880981445,0.013673187233507633,4.0,1.0017386674880981,1.0017386674880981,1.0017386674880981,0.022051682695746422,6.720000237692147e-05,0.14877723157405853,388000.0,-0.00574397761374712,0.0024284496903419495,-0.04506559297442436,0.2287534475326538,-0.14381161332130432,82.33721160888672,8.311205196287474e-11,1.8046557304085553e-11,2.029102233791491e-06,320.6927795410156,0.9491362571716309,0.3755948543548584,1.3247523307800293,1509.7166748046875,0.0
204.30072021484375,0.0,232.92999267578125,194.0,-0.4899446964263916,0.0009037020499818027,10.0,1.0006773471832275,1.0006773471832275,1.0006773471832275,0.005296398885548115,6.600000051548705e-05,0.14824607968330383,390000.0,0.00033613829873502254,0.0060801159124821424,-0.2976871132850647,0.230234295129776,0.0014808475971221924,82.22756958007812,4.2110044617960085e-11,-4.100200734491466e-11,1.1368249033694156e-05,322.57086181640625,0.9393186569213867,0.9331421852111816,1.8724830150604248,1068.1005859375,0.0
208.3752899169922,0.0,237.75999450683594,195.0,-0.4962157607078552,0.0028403080068528652,10.0,1.00050950050354,1.00050950050354,1.00050950050354,0.008188027888536453,6.479999865405262e-05,0.14731937646865845,392000.0,0.00022426698706112802,-0.00011187131167389452,-0.26141294836997986,0.21908335387706757,-0.011150941252708435,82.25873565673828,6.737123359190633e-11,2.5261188973946247e-11,9.154964573099278e-06,324.5198669433594,0.9391880035400391,1.0041944980621338,1.943403720855713,1029.122314453125,0.0
210.25103759765625,0.0,240.24000549316406,196.0,-0.5017813444137573,0.002285065595060587,10.0,0.9993168115615845,0.9993168115615845,0.9993168115615845,0.009290048852562904,6.359999679261819e-05,0.14650166034698486,394000.0,-0.005571883171796799,-0.005796150158857927,-0.24014773964881897,0.21282729506492615,-0.0062560588121414185,81.5491714477539,6.208135394647485e-11,-5.289879645431483e-12,6.864890110591659e-06,326.3923034667969,0.9359066486358643,0.9309124946594238,1.8668453693389893,1071.3262939453125,0.0
214.36183166503906,0.0,245.10000610351562,197.0,-0.5073242783546448,0.014246630482375622,7.0,0.9970611333847046,0.9970611333847046,0.9970611333847046,0.01628052070736885,6.240000220714137e-05,0.1456918567419052,396000.0,-0.0067829713225364685,-0.0012110881507396698,-0.15536324679851532,0.21365436911582947,0.0008270740509033203,82.15338134765625,2.407410382154751e-10,1.7865968426900025e-10,-2.1866298993700184e-05,327.9858703613281,0.9346508979797363,0.6533520221710205,1.588024616241455,1259.4267578125,0.0
214.21658325195312,0.0,245.10000610351562,198.0,-0.5114494562149048,0.001883959979750216,10.0,1.000685691833496,1.000685691833496,1.000685691833496,0.006245555821806192,6.120000034570694e-05,0.1450919210910797,398000.0,-0.001526111620478332,0.0052568597020581365,-0.29711228609085083,0.21203985810279846,-0.0016145110130310059,81.7264175415039,1.5466945215911188e-12,-2.39194343693884e-10,-1.9479541151667945e-05,329.8726806640625,0.9411716461181641,0.9403095245361328,1.8815045356750488,1062.9794921875,0.0
214.0957489013672,0.0,245.10000610351562,199.0,-0.5172829031944275,0.002913375850766897,10.0,1.0000873804092407,1.0000873804092407,1.0000873804092407,0.008039622567594051,5.999999848427251e-05,0.14424854516983032,400000.0,-0.003063690848648548,-0.001537579228170216,0.012608721852302551,0.2129734754562378,0.0009336173534393311,81.58667755126953,4.8188581597274904e-11,4.6641887075683786e-11,-1.7792774087865837e-05,331.8088684082031,0.9790525436401367,0.9499959945678711,1.9290752410888672,1036.7664794921875,0.0
213.91757202148438,0.0,245.10000610351562,200.0,-0.5261942148208618,0.0018658138578757644,10.0,0.9995259046554565,0.9995259046554565,0.9995259046554565,0.008817054331302643,5.880000026081689e-05,0.14296862483024597,402000.0,-0.0007330643129535019,0.002330626535695046,0.1690804809331894,0.20841732621192932,-0.004556149244308472,81.27661895751953,8.070528967341062e-11,3.2516708076135714e-11,-1.1427110621298198e-05,333.7552795410156,0.9361448287963867,1.0041108131408691,1.9402787685394287,1030.77978515625,0.0
216.0303192138672,0.0,247.58999633789062,201.0,-0.5321427583694458,0.01217788178473711,6.0,1.003840684890747,1.003840684890747,1.003840684890747,0.02280258759856224,5.759999839938246e-05,0.14212042093276978,404000.0,-0.005689069163054228,-0.004956004850100726,0.4449306130409241,0.20714838802814484,-0.0012689381837844849,81.4647216796875,5.424956664445979e-11,-2.6455723028950828e-11,-2.726489765336737e-05,335.27410888671875,0.9383413791656494,0.5747075080871582,1.5130760669708252,1321.81103515625,0.0
213.8283233642578,0.0,245.13999938964844,202.0,-0.5364412665367126,0.0012454146053642035,10.0,1.0009387731552124,1.0009387731552124,1.0009387731552124,0.0062864976935088634,5.6400000175926834e-05,0.14151081442832947,406000.0,0.003931947983801365,0.009621017146855593,0.04967311769723892,15.795602798461914,15.58845441043377,81.51215362548828,6.236117872093772e-11,8.111612076477925e-12,-1.9854458514600992e-05,337.14678955078125,0.9363017082214355,0.9309802055358887,1.8673083782196045,1071.0606689453125,0.0
213.8314666748047,0.0,245.14999389648438,203.0,-0.5382157564163208,0.01334004383534193,5.0,0.9960079193115234,0.9960079193115234,0.9960079193115234,0.019475692883133888,5.5199998314492404e-05,0.1412598192691803,408000.0,-0.009273441508412361,-0.013205389492213726,0.08009449392557144,20.999813079833984,5.20421028137207,80.88487243652344,9.188953764560637e-11,2.952835892466865e-11,-2.7280655558570288e-05,338.55767822265625,0.9373860359191895,0.4680607318878174,1.405468225479126,1423.0135498046875,0.0
211.74952697753906,0.0,242.72999572753906,204.0,-0.538365364074707,0.004707104992121458,10.0,0.9988185167312622,0.9988185167312622,0.9988185167312622,0.010784869082272053,5.400000009103678e-05,0.1412387192249298,410000.0,-0.0025954002048820257,0.006678041303530335,0.0169234462082386,18.20498275756836,-2.794830322265625,80.86741638183594,5.772522043701045e-11,-3.416431720859592e-11,-1.743172288115602e-05,340.4366149902344,0.9389894008636475,0.9343583583831787,1.8733713626861572,1067.59423828125,0.0
211.64466857910156,0.0,242.72999572753906,205.0,-0.5397632718086243,0.003356472821906209,10.0,1.0005594491958618,1.0005594491958618,1.0005594491958618,0.010459806770086288,5.279999822960235e-05,0.14104145765304565,412000.0,0.0009205069509334862,0.003515907155815512,-0.03713312745094299,0.45245957374572754,-17.752523183822632,80.32575225830078,6.135992408617952e-11,3.6347036491690687e-12,-9.44969906413462e-06,342.3136291503906,0.9385225772857666,0.9326364994049072,1.8711862564086914,1068.8409423828125,0.0
211.62319946289062,0.0,242.72999572753906,206.0,-0.5431214570999146,0.0014606156619265676,10.0,1.0003107786178589,1.0003107786178589,1.0003107786178589,0.00680320942774415,5.160000000614673e-05,0.14056867361068726,414000.0,0.0007559209479950368,-0.00016458600293844938,0.42849573493003845,0.2869190275669098,-0.16554054617881775,80.94668579101562,6.791113504878155e-11,6.551210962602028e-12,-1.405019429512322e-05,344.2569885253906,0.938002347946167,0.999812126159668,1.9378361701965332,1032.0791015625,0.0
211.5020751953125,0.0,242.72999572753906,207.0,-0.5452245473861694,0.0006806115852668881,10.0,1.0018365383148193,1.0018365383148193,1.0018365383148193,0.00585133908316493,5.0400001782691106e-05,0.14027321338653564,416000.0,8.548386540496722e-05,-0.0006704370825900696,0.22459614276885986,0.2566370666027069,-0.03028196096420288,80.35843658447266,6.067192581671321e-11,-7.239209232068333e-12,-1.402093403157778e-05,346.13299560546875,0.9339194297790527,0.936173677444458,1.8701171875,1069.4520263671875,0.0
211.48121643066406,0.0,242.72999572753906,208.0,-0.5456255078315735,0.001380211440846324,10.0,1.0011303424835205,1.0011303424835205,1.0011303424835205,0.006833829917013645,4.9199999921256676e-05,0.14021703600883484,418000.0,-1.324973982264055e-05,-9.873360522760777e-05,0.0406566858291626,0.2363797128200531,-0.02025735378265381,80.74159240722656,7.644300470399656e-11,1.5771078887283352e-11,-1.0908750027738279e-06,348.0105285644531,0.9373400211334229,0.934668779373169,1.8720362186431885,1068.3555908203125,0.0
211.3709716796875,0.0,242.72999572753906,209.0,-0.5489252805709839,0.0015923788305372,10.0,1.0004589557647705,1.0004589557647705,1.0004589557647705,0.006421636790037155,4.8000001697801054e-05,0.1397552192211151,420000.0,0.0010340845910832286,0.0010473343309058691,-0.42040908336639404,0.2243833988904953,-0.0119963139295578,80.46794128417969,8.142921753551136e-11,4.986212831514791e-12,-7.138120849958796e-07,349.90032958984375,0.9452311992645264,0.9389443397521973,1.8841967582702637,1061.4605712890625,0.0
211.25497436523438,0.0,242.72999572753906,210.0,-0.554509162902832,0.0019317464902997017,10.0,1.000756025314331,1.000756025314331,1.000756025314331,0.007978647947311401,4.6799999836366624e-05,0.13897714018821716,422000.0,-0.0011266947258263826,-0.0021607793169096112,0.22390474379062653,0.21419548988342285,-0.010187909007072449,80.40140533447266,5.801702521179841e-11,-2.3412192323712944e-11,-4.66737901660963e-06,351.79046630859375,0.9470415115356445,0.9372920989990234,1.8843555450439453,1061.3712158203125,0.0
211.1785888671875,0.0,242.72999572753906,211.0,-0.5613906979560852,0.004213989246636629,10.0,1.0018473863601685,1.0018473863601685,1.0018473863601685,0.010852497071027756,4.5600001612911e-05,0.13802410662174225,424000.0,-0.002374818082898855,-0.0012481233570724726,0.22863256931304932,0.21315476298332214,-0.001040726900100708,80.6375503540039,6.74624661689549e-11,9.445440957156492e-12,-1.3567804444392095e-06,353.7491149902344,0.9427313804626465,1.0099732875823975,1.9527337551116943,1024.20556640625,0.0
211.03402709960938,0.0,242.72999572753906,212.0,-0.5679411292076111,0.0024305912666022778,10.0,0.9996285438537598,0.9996285438537598,0.9996285438537598,0.0078680869191885,4.439999975147657e-05,0.13712280988693237,426000.0,0.001568470848724246,0.003943288931623101,-0.41119155287742615,0.21635818481445312,0.0032034218311309814,80.10614776611328,5.959298332580687e-11,-7.869482843148035e-12,-1.3517202432922204e-06,355.6323547363281,0.9433586597442627,0.9342095851898193,1.8775885105133057,1065.1962890625,0.0
210.92877197265625,0.0,242.72999572753906,213.0,-0.5719903707504272,0.001570994034409523,10.0,0.9995108842849731,0.9995108842849731,0.9995108842849731,0.006331795826554298,4.320000152802095e-05,0.1365685611963272,428000.0,0.0005174335092306137,-0.0010510373394936323,0.10653364658355713,0.21424086391925812,-0.0021173208951950073,80.08683013916016,5.0581268340454955e-11,-9.011714985351915e-12,3.1654535632696934e-06,357.5098571777344,0.9394090175628662,0.9325411319732666,1.8719704151153564,1068.39306640625,0.0
212.8642120361328,0.0,245.17999267578125,214.0,-0.5748077034950256,0.0020550538320094347,10.0,0.9999732971191406,0.9999732971191406,0.9999732971191406,0.00866828765720129,4.199999966658652e-05,0.13618436455726624,430000.0,-0.0013736929977312684,-0.0018911265069618821,0.49912604689598083,0.21155774593353271,-0.002683117985725403,79.6576919555664,1.2354833822669775e-10,7.29670698862428e-11,-1.604326826054603e-05,359.3930969238281,0.9415082931518555,0.9362776279449463,1.8778131008148193,1065.0692138671875,0.0
212.73910522460938,0.0,245.17999267578125,215.0,-0.5776300430297852,0.007465285249054432,10.0,1.0011790990829468,1.0011790990829468,1.0011790990829468,0.016415515914559364,4.0800001443130895e-05,0.13580051064491272,432000.0,-0.0036677673924714327,-0.0022940743947401643,0.17935490608215332,0.21344523131847382,0.001887485384941101,79.66289520263672,3.932062314637719e-11,-8.422771508032056e-11,-1.2271917512407526e-05,361.28070068359375,0.9407713413238525,0.9411661624908447,1.8819618225097656,1062.7210693359375,0.0
214.72735595703125,0.0,247.5800018310547,216.0,-0.5808435082435608,0.0019994163885712624,10.0,0.9996660351753235,0.9996660351753235,0.9996660351753235,0.007599261589348316,3.9599999581696466e-05,0.13536487519741058,434000.0,-0.002110849367454648,0.0015569180250167847,0.18238317966461182,0.2079576998949051,-0.005487531423568726,79.80803680419922,7.021851849975391e-11,3.0897895353376725e-11,-1.6048466932261363e-05,363.2386169433594,0.9455597400665283,1.0068433284759521,1.9524250030517578,1024.367431640625,0.0
216.7593231201172,0.0,250.0,217.0,-0.5841793417930603,0.0010309370700269938,10.0,0.9996148943901062,0.9996148943901062,0.9996148943901062,0.006498662289232016,3.840000135824084e-05,0.13491404056549072,436000.0,0.0023858919739723206,0.004496741341426969,-0.17777496576309204,0.21009835600852966,0.0021406561136245728,79.67725372314453,7.912766969431217e-11,8.909151194558262e-12,5.3265507631294895e-06,365.1169738769531,0.9383628368377686,0.9343998432159424,1.872788429260254,1067.9263916015625,0.0
216.5802764892578,0.0,250.0,218.0,-0.5854747295379639,0.0332171693444252,2.0,1.007037878036499,1.007037878036499,1.007037878036499,0.029720796272158623,3.719999949680641e-05,0.13473935425281525,438000.0,-0.01155494712293148,-0.013940839096903801,-0.7773618698120117,0.21410050988197327,0.0040021538734436035,79.44415283203125,7.518493206487564e-13,-7.837582037366342e-11,4.535876541922335e-06,366.25665283203125,0.9432539939880371,0.19077467918395996,1.1340506076812744,1763.5904541015625,0.0
212.36007690429688,0.0,245.19000244140625,219.0,-0.5859572887420654,0.0005182452732697129,10.0,0.9991948008537292,0.9991948008537292,0.9991948008537292,0.004996656905859709,3.600000127335079e-05,0.13467435538768768,440000.0,-0.0008079217514023185,0.010747025371529162,0.09904132038354874,37.97254180908203,37.75844129920006,79.25529479980469,5.846911149687273e-11,5.771726217622397e-11,4.6399027269217186e-06,368.14447021484375,0.9442849159240723,0.9379785060882568,1.8822908401489258,1062.5352783203125,0.0
208.1222686767578,0.0,240.42999267578125,220.0,-0.5871272683143616,0.0012555584544315934,10.0,0.9997647404670715,0.9997647404670715,0.9997647404670715,0.006032826378941536,3.479999941191636e-05,0.1345168650150299,442000.0,-0.0005779488128609955,0.00022997293854132295,0.023372480645775795,40.51710510253906,2.5445632934570312,79.08479309082031,7.86159054522173e-11,2.0146793955344577e-11,1.4472066141024698e-05,370.06854248046875,0.9817354679107666,0.9366693496704102,1.9184317588806152,1042.5184326171875,0.0
208.11842346191406,0.0,240.42999267578125,221.0,-0.5867593288421631,0.008948134258389473,10.0,1.0021463632583618,1.0021463632583618,1.0021463632583618,0.03376667574048042,3.360000118846074e-05,0.13456636667251587,444000.0,-0.0074794963002204895,-0.006901547487359494,-0.16099007427692413,0.7451815009117126,-39.77192360162735,78.79998779296875,6.388332224327442e-11,-1.4732583208942884e-11,1.9333256204845384e-05,371.9670104980469,0.9557394981384277,0.9369986057281494,1.8927655220031738,1056.6551513671875,0.0
208.03538513183594,0.0,240.42999267578125,222.0,-0.5853720903396606,0.0008922057459130883,10.0,1.000736117362976,1.000736117362976,1.000736117362976,0.00596240907907486,3.239999932702631e-05,0.13475316762924194,446000.0,-0.0019822355825453997,0.00549726071767509,0.5927299857139587,0.3430195152759552,-0.40216198563575745,78.79458618164062,5.7987569607176326e-11,-5.895752636098095e-12,2.481422598066274e-05,373.93194580078125,0.942401647567749,1.0166645050048828,1.959087610244751,1020.8836669921875,0.0
205.76943969726562,0.0,237.9600067138672,223.0,-0.5855920314788818,0.008818241767585278,10.0,0.9955928921699524,0.9955928921699524,0.9955928921699524,0.014493720605969429,3.1200001103570685e-05,0.13472352921962738,448000.0,-0.007559468038380146,-0.005577232455834746,0.0395558625459671,10.1531982421875,9.810178726911545,78.87664031982422,7.840771781841838e-11,2.042014821124205e-11,1.2512550711107906e-05,375.8274230957031,0.9530909061431885,0.9368884563446045,1.8899998664855957,1058.201416015625,0.0
203.31968688964844,0.0,235.47999572753906,224.0,-0.5862777233123779,0.0001569749292684719,10.0,1.0004315376281738,1.0004315376281738,1.0004315376281738,0.0026401779614388943,2.9999999242136255e-05,0.1346311867237091,450000.0,-0.00011832490417873487,0.007441143134201411,-0.022201035171747208,7.176988124847412,-2.976210117340088,77.9477767944336,6.272700414644561e-11,-1.5680713671972768e-11,1.3088590094412211e-05,377.71685791015625,0.9453504085540771,0.9384188652038574,1.8837916851043701,1061.6885986328125,0.0
203.12832641601562,0.0,235.47999572753906,225.0,-0.5864620208740234,0.0013162139803171158,10.0,1.0006687641143799,1.0006687641143799,1.0006687641143799,0.006779788061976433,2.879999919969123e-05,0.13460639119148254,452000.0,-0.0005423699622042477,-0.00042404505802551284,0.23548822104930878,0.27028676867485046,-6.906701356172562,77.82241821289062,6.698046284281389e-11,4.253458696368284e-12,1.344329120911425e-05,379.606689453125,0.9435772895812988,0.9405364990234375,1.8841354846954346,1061.4951171875,0.0
200.91384887695312,0.0,233.0,226.0,-0.5867749452590942,0.0005390736041590571,10.0,0.9997881650924683,0.9997881650924683,0.9997881650924683,0.004348921123892069,2.7599999157246202e-05,0.13456426560878754,454000.0,-0.0004913249867968261,5.104497540742159e-05,0.002194439060986042,7.161078453063965,6.890791684389114,78.69158935546875,6.527360596475518e-11,-1.7068568780587157e-12,2.989567974509555e-06,381.5029602050781,0.9532101154327393,0.9376382827758789,1.890876054763794,1057.7110595703125,0.0
200.7816162109375,0.0,233.0,227.0,-0.5866855978965759,0.01323615200817585,4.0,1.0035059452056885,1.0035059452056885,1.0035059452056885,0.028977686539292336,2.6399999114801176e-05,0.13457627594470978,456000.0,-0.009827771224081516,-0.00933644623728469,-0.05749472603201866,0.2533048987388611,-6.907773554325104,78.28395080566406,7.43991812601763e-11,9.125575295421129e-12,1.1479589829832548e-06,382.8279724121094,0.9429113864898682,0.3766908645629883,1.3196303844451904,1515.57666015625,0.0
200.47775268554688,0.0,233.0,228.0,-0.5872308015823364,0.002324590925127268,10.0,1.0007905960083008,1.0007905960083008,1.0007905960083008,0.0086464649066329,2.5200000891345553e-05,0.13450296223163605,458000.0,-0.0026203603483736515,0.007207410875707865,-0.01608516275882721,0.23875589668750763,-0.014549002051353455,77.54863739013672,7.780974475846136e-11,3.4105634982850574e-12,-9.250686616724124e-07,384.8039245605469,0.9578566551208496,1.0127201080322266,1.970599889755249,1014.9197387695312,0.0
200.3267364501953,0.0,233.0,229.0,-0.5902604460716248,0.0012882280861958861,10.0,0.9990383386611938,0.9990383386611938,0.9990383386611938,0.006735968869179487,2.4000000848900527e-05,0.13409613072872162,460000.0,-0.0022013268899172544,0.00041903345845639706,0.4024610221385956,0.22784337401390076,-0.010912522673606873,78.40650177001953,3.990477392967762e-11,-3.7904970828783746e-11,-1.4305248896562262e-07,386.694091796875,0.9463605880737305,0.9383959770202637,1.884777545928955,1061.1334228515625,0.0
200.02781677246094,0.0,233.0,230.0,-0.5922240614891052,0.0019063923973590136,10.0,1.001530408859253,1.001530408859253,1.001530408859253,0.010732777416706085,2.28000008064555e-05,0.13383300602436066,462000.0,-0.0026272539980709553,-0.00042592710815370083,0.05584895610809326,0.22999410331249237,0.0021507292985916138,77.00357818603516,7.454849237920058e-11,3.4643718449522964e-11,-4.19234538640012e-06,388.5923767089844,0.9434163570404053,0.9492294788360596,1.892669916152954,1056.7086181640625,0.0
201.80108642578125,0.0,235.3699951171875,231.0,-0.5916410684585571,0.002196549903601408,10.0,1.0034539699554443,1.0034539699554443,1.0034539699554443,0.00862549152225256,2.1600000764010474e-05,0.13391104340553284,464000.0,-0.0019985635299235582,0.000628690468147397,-0.2841877341270447,0.22791993618011475,-0.0020741671323776245,77.60122680664062,5.933308011574212e-11,-1.521541226345846e-11,-4.0541494854551274e-06,390.4875183105469,0.949033260345459,0.940666675567627,1.8897221088409424,1058.3570556640625,0.0
205.791015625,0.0,240.19000244140625,232.0,-0.5922274589538574,0.0009089235099963844,10.0,1.000154972076416,1.000154972076416,1.000154972076416,0.006026699207723141,2.0400000721565448e-05,0.13383254408836365,466000.0,0.0006534455460496247,0.002652009075973183,0.09974328428506851,0.21921277046203613,-0.008707165718078613,76.90741729736328,8.010939134273087e-11,2.0776311226988753e-11,-1.6331443475792184e-05,392.39013671875,0.9583666324615479,0.938798189163208,1.8971867561340332,1054.192626953125,0.0
207.50186157226562,0.0,242.57000732421875,233.0,-0.592822253704071,0.006481082644313574,10.0,1.0022480487823486,1.0022480487823486,1.0022480487823486,0.0166707132011652,1.920000067912042e-05,0.1337529718875885,468000.0,-0.0038083784747868776,-0.004461824020836502,0.14825719594955444,0.21607384085655212,-0.003138929605484009,76.73309326171875,6.311438177641904e-11,-1.6995009566311836e-11,-1.5662011719541624e-05,394.3531188964844,0.9467122554779053,1.0105841159820557,1.9573259353637695,1021.802490234375,0.0
207.2556610107422,0.0,242.57000732421875,234.0,-0.5931799411773682,0.0016859272727742791,10.0,0.9996368288993835,0.9996368288993835,0.9996368288993835,0.008419251069426537,1.8000000636675395e-05,0.13370512425899506,470000.0,-0.0015175258740782738,0.002290852600708604,-0.020216211676597595,0.21520085632801056,-0.0008729845285415649,76.48728942871094,6.490293719130236e-11,1.7885554148833194e-12,-6.353445314744022e-06,396.2834777832031,0.9489965438842773,0.9755973815917969,1.9246187210083008,1039.1671142578125,0.0
206.94671630859375,0.0,242.57000732421875,235.0,-0.5937565565109253,0.005365124437958002,10.0,0.9972637295722961,0.9972637295722961,0.9972637295722961,0.01377601083368063,1.680000059423037e-05,0.13362804055213928,472000.0,-0.0028481497429311275,-0.0013306238688528538,-0.1473269760608673,0.21403782069683075,-0.0011630356311798096,76.07660675048828,6.343583297541144e-11,-1.4671042158909131e-12,-5.456692633742932e-06,398.16693115234375,0.941880464553833,0.9361753463745117,1.8780767917633057,1064.9193115234375,0.0
210.87509155273438,0.0,247.52000427246094,236.0,-0.5943566560745239,0.0026508707087486982,10.0,1.0015199184417725,1.0015199184417725,1.0015199184417725,0.009910793043673038,1.5600000551785342e-05,0.13354790210723877,474000.0,-0.0038426988758146763,-0.0009945491328835487,0.23633863031864166,0.21472664177417755,0.0006888210773468018,75.36497497558594,6.348578607262567e-11,4.995309721422814e-14,-3.1722229323349893e-06,400.0538635253906,0.9431211948394775,0.9378502368927002,1.880997657775879,1063.265625,0.0
210.70639038085938,0.0,247.52000427246094,237.0,-0.594759464263916,0.0018617635359987617,10.0,0.9995834231376648,0.9995834231376648,0.9995834231376648,0.007620471064001322,1.4399999599845614e-05,0.13349410891532898,476000.0,-0.0015050808433443308,0.0023376180324703455,-0.31611818075180054,0.21633455157279968,0.0016079097986221313,75.50433349609375,6.964211152205024e-11,6.156325449424571e-12,-4.470938165468397e-06,401.9423522949219,0.9461190700531006,0.9367096424102783,1.8828504085540771,1062.2197265625,0.0
210.6871337890625,0.0,247.5800018310547,238.0,-0.5949569344520569,0.0007755417027510703,10.0,1.000193476676941,1.000193476676941,1.000193476676941,0.004710609558969736,1.3199999557400588e-05,0.13346773386001587,478000.0,-0.0021715201437473297,-0.0006664393004029989,0.05675312504172325,18.131305694580078,17.91497114300728,76.31016540527344,5.2634525210537575e-11,-1.7007586311512668e-11,-3.817210199485999e-06,403.8969421386719,0.9481673240661621,1.0011746883392334,1.9493646621704102,1025.9755859375,0.0
208.5080108642578,0.0,245.1999969482422,239.0,-0.5951817631721497,0.005062154494225979,10.0,0.9995185732841492,0.9995185732841492,0.9995185732841492,0.01119760051369667,1.2000000424450263e-05,0.13343772292137146,480000.0,-0.00637097517028451,-0.00419945502653718,0.07411184161901474,19.88105010986328,1.7497444152832031,75.79487609863281,6.772098160023887e-11,1.5086456389701297e-11,-5.959876034467015e-06,405.7916564941406,0.9529445171356201,0.9360501766204834,1.8890211582183838,1058.7496337890625,0.0
206.17333984375,0.0,242.72000122070312,240.0,-0.5956025719642639,0.0032422062940895557,10.0,0.9994861483573914,0.9994861483573914,0.9994861483573914,0.010822653770446777,1.0800000382005237e-05,0.13338160514831543,482000.0,-0.0038559481035917997,0.00251502706669271,-1.803980827331543,7.588656425476074,-12.292393684387207,74.6331558227539,1.1594393500846678e-10,4.822295340822791e-11,-2.4896589820855297e-05,407.67803955078125,0.9444715976715088,0.9365098476409912,1.8810031414031982,1063.2626953125,0.0
206.08128356933594,0.0,242.72000122070312,241.0,-0.5963969230651855,0.000991773558780551,10.0,1.0010038614273071,1.0010038614273071,1.0010038614273071,0.00548538938164711,9.60000033956021e-06,0.13327570259571075,484000.0,-0.0011690199607983232,0.0026869281427934766,-0.15490873157978058,0.3461924195289612,-7.242464005947113,75.29353332519531,3.6407217518519275e-11,-7.95367174899475e-11,-1.5538022125838324e-05,409.5638732910156,0.9446227550506592,0.935723066329956,1.8803739547729492,1063.6185302734375,0.0
205.92544555664062,0.0,242.72000122070312,242.0,-0.5970703363418579,0.0007437621243298054,10.0,1.0001657009124756,1.0001657009124756,1.0001657009124756,0.004366611130535603,8.400000297115184e-06,0.1331859678030014,486000.0,-0.0006820723647251725,0.00048694759607315063,-0.043455563485622406,0.27023786306381226,-0.07595455646514893,74.8992691040039,6.567947574698252e-11,2.9272258228463244e-11,-1.9295608581160195e-05,411.45306396484375,0.9469516277313232,0.9367034435272217,1.8836774826049805,1061.7530517578125,0.0
203.8095245361328,0.0,240.27000427246094,243.0,-0.5971500277519226,1.299983159697149e-05,10.0,0.9999578595161438,0.9999578595161438,0.9999578595161438,0.0007828723173588514,7.199999799922807e-06,0.13317535817623138,488000.0,-0.0006487908540293574,3.3281510695815086e-05,0.04791175201535225,13.45252799987793,13.182290136814117,75.03223419189453,7.4918973802518e-11,9.239498055535478e-12,-1.069694735633675e-05,413.4085388183594,0.9432222843170166,1.0067417621612549,1.9499852657318115,1025.64892578125,0.0
203.69329833984375,0.0,240.27000427246094,244.0,-0.5966025590896606,0.0006538488669320941,10.0,0.9998024106025696,0.9998024106025696,0.9998024106025696,0.004809188656508923,6.000000212225132e-06,0.13324828445911407,490000.0,-0.0013853583950549364,-0.000736567541025579,-0.20163099467754364,0.30440646409988403,-13.148121535778046,74.7571792602539,5.0522631217519987e-11,-2.439634258499801e-11,-9.678759852249641e-06,415.3075866699219,0.9416277408599854,0.9517917633056641,1.8934462070465088,1056.2752685546875,0.0
203.39613342285156,0.0,240.27000427246094,245.0,-0.5962190628051758,0.0003993909922428429,10.0,1.0011537075042725,1.0011537075042725,1.0011537075042725,0.003887931117787957,4.800000169780105e-06,0.13329941034317017,492000.0,-0.0012866959441453218,9.866245090961456e-05,-0.1350647509098053,0.27557137608528137,-0.02883508801460266,73.52103424072266,6.561725468534618e-11,1.5094623467826196e-11,-9.954177585314028e-06,417.1911926269531,0.9448466300964355,0.9330644607543945,1.8779339790344238,1065.000244140625,0.0
203.43255615234375,0.0,240.27000427246094,246.0,-0.596129834651947,0.0004923922242596745,10.0,0.9993154406547546,0.9993154406547546,0.9993154406547546,0.0038579022511839867,3.5999998999614036e-06,0.13331128656864166,494000.0,-0.0027417135424911976,-0.0014550175983458757,-0.24488501250743866,0.2503599524497986,-0.025211423635482788,75.21417236328125,1.0263360300521995e-10,3.701634831987377e-11,-2.9403936423477717e-06,419.0893249511719,0.9582388401031494,0.9341580867767334,1.8924181461334229,1056.8489990234375,0.0
203.23117065429688,0.0,240.27000427246094,247.0,-0.5962043404579163,0.0008639314910396934,10.0,0.9996892809867859,0.9996892809867859,0.9996892809867859,0.005221122410148382,2.4000000848900527e-06,0.13330134749412537,496000.0,-0.0021612478885799646,0.000580465653911233,-0.13481029868125916,0.2340705394744873,-0.01628941297531128,73.95983123779297,4.126235811363621e-11,-6.137124489158374e-11,-4.7601183723600116e-06,420.9898681640625,0.9420387744903564,0.9526393413543701,1.894700050354004,1055.5762939453125,0.0
203.13046264648438,0.0,240.27000427246094,248.0,-0.5964678525924683,0.0007592586916871369,10.0,0.9999866485595703,0.9999866485595703,0.9999866485595703,0.005569580942392349,1.2000000424450263e-06,0.13326622545719147,498000.0,-0.0017296255100518465,0.00043162237852811813,0.01932533085346222,0.23023991286754608,-0.003830626606941223,74.0001449584961,5.844105060992533e-11,1.7178692496289116e-11,-1.0287810255249497e-05,422.94378662109375,0.9420695304870605,1.0064263343811035,1.9485173225402832,1026.4217529296875,0.0
202.9700927734375,0.0,240.27000427246094,249.0,-0.5966842770576477,0.0005648924270644784,10.0,1.000099539756775,1.000099539756775,1.000099539756775,0.004317991901189089,0.0,0.13323739171028137,500000.0,0.0006505794590339065,0.002380204969085753,-0.20776726305484772,0.2228669822216034,-0.007372930645942688,73.12410736083984,5.632291161239422e-11,-2.118138997531105e-12,-1.1196270861546509e-05,424.83251953125,0.9447252750396729,0.9383306503295898,1.883082628250122,1062.0887451171875,0.0
