Metrics/EpRet,Metrics/EpCost,Metrics/EpLen,Train/Epoch,Train/Entropy,Train/KL,Train/StopIter,Train/PolicyRatio,Train/PolicyRatio/Min,Train/PolicyRatio/Max,Train/PolicyRatio/Std,Train/LR,Train/PolicyStd,TotalEnvSteps,Loss/Loss_pi,Loss/Loss_pi/Delta,Value/Adv,Loss/Loss_reward_critic,Loss/Loss_reward_critic/Delta,Value/reward,Loss/Loss_cost_critic,Loss/Loss_cost_critic/Delta,Value/cost,Time/Total,Time/Rollout,Time/Update,Time/Epoch,Time/FPS,Metrics/LagrangeMultiplier
12.571477890014648,20.038461685180664,38.07692337036133,0.0,1.421244502067566,0.0030992242973297834,10.0,0.9988270998001099,0.9988270998001099,0.9988270998001099,0.010482321493327618,0.00029880000511184335,1.002309799194336,2000.0,-0.003902860451489687,-0.003902860451489687,0.4062742590904236,12.010811805725098,12.010811805725098,-0.04100872576236725,31.25148582458496,31.25148582458496,-0.18505527079105377,1.9352474212646484,1.0343728065490723,0.9006829261779785,1.935084342956543,1033.5467529296875,0.0
13.567069053649902,21.714284896850586,40.42856979370117,1.0,1.4180500507354736,0.006935739424079657,10.0,0.9998734593391418,0.9998734593391418,0.9998734593391418,0.01406170055270195,0.0002975999959744513,0.999114990234375,4000.0,-0.004680163227021694,-0.0007773027755320072,0.741978645324707,8.540706634521484,-3.4701051712036133,3.0010693073272705,18.4627628326416,-12.78872299194336,6.97913122177124,3.8304131031036377,1.0214457511901855,0.8680703639984131,1.8895368576049805,1058.460693359375,0.0
16.098865509033203,21.40999984741211,41.439998626708984,2.0,1.413697600364685,0.004081758204847574,10.0,1.0001449584960938,1.0001449584960938,1.0001449584960938,0.010911412537097931,0.00029639998683705926,0.9947732090950012,6000.0,-0.005394709762185812,-0.0007145465351641178,0.42127561569213867,15.449562072753906,6.908855438232422,5.460855007171631,16.52288246154785,-1.93988037109375,11.637246131896973,5.82395076751709,1.0202078819274902,0.9677982330322266,1.9880330562591553,1006.0197143554688,0.0
19.875141143798828,22.25,46.04999923706055,3.0,1.411686897277832,0.004374021198600531,10.0,0.9959198236465454,0.9959198236465454,0.9959198236465454,0.01160850003361702,0.00029520000680349767,0.9927753210067749,8000.0,-0.003829213324934244,0.0015654964372515678,-0.26063281297683716,13.317538261413574,-2.132023811340332,6.896370887756348,11.738161087036133,-4.784721374511719,13.938586235046387,7.701669692993164,1.0073356628417969,0.8645725250244141,1.8719356060028076,1068.4132080078125,0.0
22.36471176147461,23.8799991607666,49.33000183105469,4.0,1.4094657897949219,0.0012571890838444233,10.0,0.9999929666519165,0.9999929666519165,0.9999929666519165,0.006875055842101574,0.00029399999766610563,0.9905721545219421,10000.0,-0.0023640189319849014,0.0014651943929493427,-0.1227000281214714,12.017071723937988,-1.300466537475586,8.391230583190918,11.073854446411133,-0.664306640625,15.525138854980469,9.583412170410156,1.0075721740722656,0.8684868812561035,1.87608003616333,1066.052734375,0.0
24.04965591430664,23.6299991607666,50.20000076293945,5.0,1.405656099319458,0.0014473390765488148,10.0,0.9984086155891418,0.9984086155891418,0.9984086155891418,0.006544522475451231,0.0002927999885287136,0.9868070483207703,12000.0,-0.002118021482601762,0.0002459974493831396,-0.08772845566272736,16.2392520904541,4.222180366516113,9.585441589355469,15.449882507324219,4.376028060913086,16.559415817260742,11.513169288635254,1.0477931499481201,0.8762593269348145,1.9240801334381104,1039.4580078125,0.0
22.505918502807617,21.649999618530273,45.599998474121094,6.0,1.4034695625305176,0.00334109365940094,10.0,1.0016863346099854,1.0016863346099854,1.0016863346099854,0.010114557109773159,0.000291600008495152,0.9846502542495728,14000.0,-0.002716900547966361,-0.0005988790653645992,0.14192548394203186,15.961726188659668,-0.2775259017944336,9.045454025268555,18.362407684326172,2.912525177001953,16.607044219970703,13.407581329345703,1.02406644821167,0.8644213676452637,1.8885080814361572,1059.037109375,0.0
23.930747985839844,22.030000686645508,47.13999938964844,7.0,1.4016010761260986,0.00098738435190171,10.0,1.0005862712860107,1.0005862712860107,1.0005862712860107,0.0060818372294306755,0.00029039999935775995,0.9828119277954102,16000.0,0.0004152573528699577,0.0031321579008363187,0.3617202043533325,15.316213607788086,-0.645512580871582,9.35373592376709,17.023412704467773,-1.3389949798583984,17.11310577392578,15.361713409423828,1.0099637508392334,0.9383625984191895,1.9483511447906494,1026.50927734375,0.0
28.305530548095703,21.899999618530273,51.77000045776367,8.0,1.3892621994018555,0.0017389009008184075,10.0,1.0014731884002686,1.0014731884002686,1.0014731884002686,0.006767233833670616,0.0002891999902203679,0.9707751274108887,18000.0,-0.002905891742557287,-0.003321149095427245,-0.3477049469947815,18.69272804260254,3.376514434814453,10.703702926635742,19.08930206298828,2.065889358520508,17.280656814575195,17.304439544677734,1.0401554107666016,0.896496057510376,1.9366729259490967,1032.698974609375,0.0
32.021156311035156,23.760000228881836,57.810001373291016,9.0,1.3709478378295898,0.0022712175268679857,10.0,0.9988522529602051,0.9988522529602051,0.9988522529602051,0.008885277435183525,0.0002880000101868063,0.9531562924385071,20000.0,-0.0009040940785780549,0.0020017976639792323,0.04160914570093155,12.896028518676758,-5.796699523925781,10.90139389038086,11.991488456726074,-7.097813606262207,16.728607177734375,19.160696029663086,0.9887423515319824,0.8618152141571045,1.8505778312683105,1080.74365234375,0.0
33.03425598144531,23.139999389648438,58.5099983215332,10.0,1.3637968301773071,0.0018426021561026573,10.0,0.9996978044509888,0.9996978044509888,0.9996978044509888,0.007380685769021511,0.0002868000010494143,0.9463512301445007,22000.0,-0.002681328682228923,-0.001777234603650868,0.3333068788051605,19.198711395263672,6.302682876586914,11.928165435791016,15.195416450500488,3.203927993774414,17.009214401245117,21.096023559570312,1.0525355339050293,0.8772456645965576,1.9298079013824463,1036.372802734375,0.0
31.434057235717773,21.520000457763672,55.41999816894531,11.0,1.3727363348007202,0.0012200274504721165,10.0,0.9993829727172852,0.9993829727172852,0.9993829727172852,0.0066882227547466755,0.00028559999191202223,0.9548574686050415,24000.0,-0.0016338551649823785,0.0010474735172465444,0.0522245317697525,25.55003547668457,6.351324081420898,12.637432098388672,15.703842163085938,0.5084257125854492,16.683059692382812,22.990087509155273,1.0087528228759766,0.8794822692871094,1.8882596492767334,1059.1766357421875,0.0
33.08169937133789,21.559999465942383,57.33000183105469,12.0,1.3716367483139038,0.0014738526660948992,10.0,1.0003279447555542,1.0003279447555542,1.0003279447555542,0.008448018692433834,0.00028440001187846065,0.9538043141365051,26000.0,-0.0034745424054563046,-0.001840687240473926,-0.005312815308570862,16.823766708374023,-8.726268768310547,13.742339134216309,7.4746198654174805,-8.229222297668457,16.282123565673828,24.957256317138672,1.0129508972167969,0.948582649230957,1.9615600109100342,1019.5968627929688,0.0
31.386869430541992,19.219999313354492,53.380001068115234,13.0,1.363264799118042,0.0014642492169514298,10.0,0.9981929659843445,0.9981929659843445,0.9981929659843445,0.008149716071784496,0.0002832000027410686,0.9458501935005188,28000.0,0.00014709615788888186,0.0036216385633451864,0.2492336928844452,34.35529327392578,17.531526565551758,15.188362121582031,12.445889472961426,4.971269607543945,15.972288131713867,26.908750534057617,1.053934097290039,0.8919527530670166,1.945909023284912,1027.79736328125,0.0
36.1880989074707,21.90999984741211,61.93000030517578,14.0,1.3471336364746094,0.003797512501478195,10.0,0.9999098777770996,0.9999098777770996,0.9999098777770996,0.011621126905083656,0.00028199999360367656,0.9307249188423157,30000.0,-0.0032317705918103456,-0.0033788667496992275,-0.057942092418670654,13.201634407043457,-21.153658866882324,13.930307388305664,6.291019916534424,-6.154869556427002,15.632033348083496,28.7770938873291,0.9826662540435791,0.8800888061523438,1.8627820014953613,1073.6632080078125,0.0
39.763206481933594,22.559999465942383,67.75,15.0,1.3320038318634033,0.0027314212638884783,10.0,0.9998527765274048,0.9998527765274048,0.9998527765274048,0.010619182139635086,0.00028080001357011497,0.9167478680610657,32000.0,-0.003912961110472679,-0.0006811905186623335,0.1376846879720688,19.62813377380371,6.426499366760254,16.993513107299805,5.797348976135254,-0.4936709403991699,16.10517120361328,30.643003463745117,0.9845316410064697,0.8758580684661865,1.860412359237671,1075.03076171875,0.0
41.48728942871094,20.6299991607666,69.25,16.0,1.3299709558486938,0.0024921500589698553,10.0,0.9990288019180298,0.9990288019180298,0.9990288019180298,0.009245782159268856,0.0002796000044327229,0.9148788452148438,34000.0,0.0013756155967712402,0.005288576707243919,-0.6293797492980957,38.024147033691406,18.396013259887695,19.095077514648438,10.357351303100586,4.560002326965332,15.196138381958008,32.5040283203125,0.9880123138427734,0.8676867485046387,1.8557193279266357,1077.749267578125,0.0
48.677467346191406,19.90999984741211,78.0999984741211,17.0,1.3308172225952148,0.0013311991933733225,10.0,0.9994920492172241,0.9994920492172241,0.9994920492172241,0.0070426370948553085,0.0002783999952953309,0.9156513214111328,36000.0,-0.0014334336156025529,-0.002809049212373793,-0.5233396291732788,47.956993103027344,9.932846069335938,23.578432083129883,8.61839771270752,-1.7389535903930664,13.727941513061523,34.36759948730469,0.9850435256958008,0.8727912902832031,1.8578550815582275,1076.5103759765625,0.0
53.847999572753906,16.90999984741211,83.02999877929688,18.0,1.3258758783340454,0.0016062555368989706,10.0,0.9996750950813293,0.9996750950813293,0.9996750950813293,0.008065348491072655,0.00027719998615793884,0.9111367464065552,38000.0,-0.0006933169206604362,0.0007401166949421167,-0.0829719603061676,59.47240447998047,11.515411376953125,27.465646743774414,7.872945308685303,-0.7454524040222168,13.125754356384277,36.32986068725586,0.9838862419128418,0.9726593494415283,1.9565670490264893,1022.1986694335938,0.0
60.592742919921875,15.34000015258789,90.97000122070312,19.0,1.314361572265625,0.007041572127491236,10.0,0.9977740049362183,0.9977740049362183,0.9977740049362183,0.014797857962548733,0.00027600000612437725,0.9007166028022766,40000.0,-0.0051258928142488,-0.004432575893588364,0.12626099586486816,32.701698303222656,-26.770706176757812,31.062541961669922,7.278356075286865,-0.5945892333984375,11.613434791564941,38.18727493286133,0.9799273014068604,0.8720130920410156,1.8519668579101562,1079.9332275390625,0.0
66.0533218383789,13.279999732971191,95.81999969482422,20.0,1.3033307790756226,0.0014659406151622534,10.0,0.9989179372787476,0.9989179372787476,0.9989179372787476,0.0072759161703288555,0.0002747999969869852,0.8908261060714722,42000.0,-0.0013462099013850093,0.003779682912863791,0.18443363904953003,62.63566970825195,29.933971405029297,34.19599914550781,8.689210891723633,1.4108548164367676,9.924100875854492,40.03134536743164,0.9719276428222656,0.8664159774780273,1.8383710384368896,1087.9200439453125,0.0
66.87350463867188,12.239999771118164,96.77999877929688,21.0,1.295752763748169,0.003990618512034416,10.0,1.00309157371521,1.00309157371521,1.00309157371521,0.011343623511493206,0.00027359998784959316,0.8841027021408081,44000.0,-0.003105036448687315,-0.0017588265473023057,-0.20784211158752441,33.30683135986328,-29.328838348388672,30.46448516845703,9.404630661010742,0.7154197692871094,9.851320266723633,41.855403900146484,0.9528558254241943,0.8657524585723877,1.8186347484588623,1099.726318359375,0.0
69.25909423828125,15.229999542236328,106.12999725341797,22.0,1.282881736755371,0.016439195722341537,5.0,0.9939748048782349,0.9939748048782349,0.9939748048782349,0.019472893327474594,0.0002724000078160316,0.8728039860725403,46000.0,-0.00473514199256897,-0.0016301055438816547,-0.059249743819236755,15.321136474609375,-17.985694885253906,23.159259796142578,9.11992073059082,-0.2847099304199219,10.59883975982666,43.2657470703125,0.9616901874542236,0.4428727626800537,1.4045920372009277,1423.9014892578125,0.0
74.33944702148438,15.40999984741211,115.30999755859375,23.0,1.2589528560638428,0.01231976319104433,10.0,1.0030097961425781,1.0030097961425781,1.0030097961425781,0.020292511209845543,0.00027119999867863953,0.8521871566772461,48000.0,-0.006986837834119797,-0.002251695841550827,0.025790654122829437,22.587581634521484,7.266445159912109,37.35832977294922,5.408446311950684,-3.7114744186401367,11.322404861450195,45.157005310058594,0.950613260269165,0.934657096862793,1.8852927684783936,1060.8433837890625,0.0
85.78923797607422,14.550000190734863,129.77999877929688,24.0,1.2427310943603516,0.017653070390224457,3.0,0.9985159039497375,0.9985159039497375,0.9985159039497375,0.01877998374402523,0.0002699999895412475,0.8384464383125305,50000.0,-0.0012542648473754525,0.005732572986744344,-0.2848223149776459,8.472609519958496,-14.114972114562988,49.610233306884766,0.6930729746818542,-4.715373337268829,9.77389144897461,46.36774826049805,0.9429450035095215,0.2618832588195801,1.2048492431640625,1659.958984375,0.0
95.1942367553711,13.5,141.02000427246094,25.0,1.2289594411849976,0.009556849487125874,10.0,1.0010608434677124,1.0010608434677124,1.0010608434677124,0.01927405223250389,0.0002688000095076859,0.8269874453544617,52000.0,-0.008258087560534477,-0.007003822713159025,-0.37265270948410034,26.06924819946289,17.596638679504395,52.461631774902344,0.8297736048698425,0.13670063018798828,8.377065658569336,48.178016662597656,0.9457812309265137,0.8587899208068848,1.8045928478240967,1108.2835693359375,0.0
98.38287353515625,12.949999809265137,145.0399932861328,26.0,1.21132493019104,0.002494672080501914,10.0,0.9998270273208618,0.9998270273208618,0.9998270273208618,0.009466174989938736,0.00026760000037029386,0.8125292062759399,54000.0,-0.002156513510271907,0.00610157405026257,-0.11719678342342377,6.619112968444824,-19.450135231018066,56.6076774597168,0.3370607793331146,-0.4927128255367279,6.848638534545898,49.98106384277344,0.9364080429077148,0.8611724376678467,1.7976024150848389,1112.5933837890625,0.0
105.5459976196289,12.279999732971191,155.19000244140625,27.0,1.2044646739959717,0.16484372317790985,1.0,0.9872812032699585,0.9872812032699585,0.9872812032699585,0.04223773255944252,0.0002663999912329018,0.8069660663604736,56000.0,-0.00764065608382225,-0.0054841425735503435,0.1817655861377716,6.143860340118408,-0.475252628326416,56.99787902832031,0.5235854983329773,0.18652471899986267,6.133703708648682,51.00425720214844,0.9288969039916992,0.08875918388366699,1.0176777839660645,1965.259521484375,0.0
114.6810531616211,11.710000038146973,166.89999389648438,28.0,1.2023637294769287,0.043018095195293427,1.0,0.9922553896903992,0.9922553896903992,0.9922553896903992,0.022571804001927376,0.0002652000111993402,0.8052725791931152,58000.0,-0.005206923466175795,0.0024337326176464558,0.49933871626853943,6.469963073730469,0.32610273361206055,62.28215026855469,0.4517507553100586,-0.0718347430229187,5.014878749847412,52.027591705322266,0.9285869598388672,0.0892632007598877,1.0178704261779785,1964.8870849609375,0.0
122.23119354248047,9.779999732971191,175.05999755859375,29.0,1.1889146566390991,0.003998868633061647,10.0,0.9977619051933289,0.9977619051933289,0.9977619051933289,0.010865600779652596,0.0002640000020619482,0.7945286631584167,60000.0,0.00031092800782062113,0.005517851473996416,-0.22894896566867828,1.578661322593689,-4.89130175113678,63.52520751953125,0.22371788322925568,-0.22803287208080292,4.3191423416137695,53.82285690307617,0.9311563968658447,0.8584561347961426,1.7896435260772705,1117.541259765625,0.0
132.23260498046875,7.820000171661377,185.75,30.0,1.1695168018341064,0.004073882941156626,10.0,0.9980666041374207,0.9980666041374207,0.9980666041374207,0.010228722356259823,0.00026279999292455614,0.779262900352478,62000.0,-0.004238503519445658,-0.004549431527266279,-0.19323307275772095,1.4701576232910156,-0.10850369930267334,65.33887481689453,0.20661862194538116,-0.01709926128387451,3.6599762439727783,55.61858367919922,0.9322915077209473,0.8578860759735107,1.7901997566223145,1117.1939697265625,0.0
144.7301788330078,7.130000114440918,200.13999938964844,31.0,1.1470496654510498,0.0044584861025214195,10.0,1.0014169216156006,1.0014169216156006,1.0014169216156006,0.009867517277598381,0.00026160001289099455,0.7619632482528687,64000.0,-0.0014013895997777581,0.0028371139196678996,0.279285192489624,1.2363276481628418,-0.23382997512817383,68.29448699951172,0.1886412352323532,-0.017977386713027954,3.055537700653076,57.48104476928711,0.9260320663452148,0.9309957027435303,1.8570482730865479,1076.97802734375,0.0
152.1494903564453,4.599999904632568,204.7100067138672,32.0,1.1434122323989868,0.0005129375495016575,10.0,1.0002683401107788,1.0002683401107788,1.0002683401107788,0.0036914506927132607,0.0002604000037536025,0.7591788172721863,66000.0,2.3235799744725227e-05,0.0014246253995224833,0.0714748278260231,32.38011169433594,31.143784046173096,70.38420867919922,0.201446533203125,0.01280529797077179,2.569998264312744,59.28395080566406,0.934450626373291,0.862879753112793,1.7973504066467285,1112.749267578125,0.0
162.53111267089844,2.359999895095825,213.4600067138672,33.0,1.1423633098602295,0.002424889011308551,10.0,1.0005455017089844,1.0005455017089844,1.0005455017089844,0.008489957079291344,0.00025919999461621046,0.7583794593811035,68000.0,-0.0019468951504677534,-0.0019701309502124786,0.10917055606842041,30.651269912719727,-1.728841781616211,71.54375457763672,0.1796387881040573,-0.021807745099067688,2.175649404525757,61.104549407958984,0.9541704654693604,0.8606820106506348,1.814873456954956,1102.0054931640625,0.0
168.42562866210938,0.7900000214576721,217.63999938964844,34.0,1.1324177980422974,0.014130706898868084,6.0,0.9968456625938416,0.9968456625938416,0.9968456625938416,0.018804969266057014,0.0002579999854788184,0.7508757710456848,70000.0,-0.011727412231266499,-0.009780517080798745,0.09152831137180328,16.400720596313477,-14.25054931640625,71.6683578491211,0.16323618590831757,-0.016402602195739746,1.847729206085205,62.564632415771484,0.9389655590057373,0.5154531002044678,1.454441785812378,1375.0985107421875,0.0
168.55206298828125,0.0,216.02000427246094,35.0,1.1205320358276367,0.014830297790467739,7.0,0.9955645799636841,0.9955645799636841,0.9955645799636841,0.019873330369591713,0.00025680000544525683,0.74200439453125,72000.0,-0.0052342889830470085,0.00649312324821949,0.1876281499862671,13.168910026550293,-3.2318105697631836,71.92092895507812,0.15425769984722137,-0.008978486061096191,1.5651376247406006,64.11067962646484,0.9311707019805908,0.6092159748077393,1.5404129028320312,1298.3536376953125,0.0
171.56834411621094,0.0,220.69000244140625,36.0,1.1142784357070923,0.20850154757499695,1.0,1.0058389902114868,1.0058389902114868,1.0058389902114868,0.05701415613293648,0.0002555999963078648,0.7373742461204529,74000.0,0.007518318481743336,0.012752607464790344,0.045419931411743164,0.9043897986412048,-12.264520227909088,72.49959564208984,0.1536279171705246,-0.0006297826766967773,1.3370112180709839,65.14000701904297,0.9341332912445068,0.08987903594970703,1.0240342617034912,1953.06005859375,0.0
173.81533813476562,0.0,223.0399932861328,37.0,1.1115813255310059,0.0627492293715477,1.0,0.9959208369255066,0.9959208369255066,0.9959208369255066,0.02764146775007248,0.00025439998717047274,0.7353881597518921,76000.0,-0.009116890840232372,-0.016635209321975708,-0.15517060458660126,1.4003126621246338,0.49592286348342896,74.40209197998047,0.14986971020698547,-0.0037582069635391235,1.0849772691726685,66.17143249511719,0.9359073638916016,0.08968424797058105,1.0256145000457764,1950.0509033203125,0.0
175.16070556640625,0.0,223.07000732421875,38.0,1.1097567081451416,0.018006030470132828,2.0,0.9989923238754272,0.9989923238754272,0.9989923238754272,0.025707092136144638,0.00025320000713691115,0.7340474724769592,78000.0,-0.003966182935982943,0.00515070790424943,0.32512494921684265,13.396137237548828,11.995824575424194,75.14759063720703,0.14615127444267273,-0.003718435764312744,0.8957593441009521,67.2790298461914,0.9275879859924316,0.17437243461608887,1.101982593536377,1814.9111328125,0.0
174.41275024414062,0.0,220.58999633789062,39.0,1.1022670269012451,0.0144313033670187,10.0,0.998308002948761,0.998308002948761,0.998308002948761,0.020521925762295723,0.0002519999979995191,0.7285719513893127,80000.0,-0.0038580424152314663,0.00010814052075147629,-0.12648005783557892,5.852890491485596,-7.543246746063232,75.93244171142578,0.13937798142433167,-0.0067732930183410645,0.7741153240203857,69.13832092285156,0.9257979393005371,0.9281449317932129,1.85396409034729,1078.769775390625,0.0
174.28094482421875,0.0,220.58999633789062,40.0,1.09860098361969,0.03214756399393082,1.0,0.9988667368888855,0.9988667368888855,0.9988667368888855,0.014575226232409477,0.00025079998886212707,0.7259041666984558,82000.0,-0.004110882058739662,-0.0002528396435081959,-0.23042385280132294,0.8314194679260254,-5.02147102355957,76.3757095336914,0.136945441365242,-0.0024325400590896606,0.6556950807571411,70.15914154052734,0.9269492626190186,0.08824992179870605,1.0152204036712646,1970.0164794921875,0.0
174.48756408691406,0.0,220.58999633789062,41.0,1.0839922428131104,0.0030961681623011827,10.0,1.0000073909759521,1.0000073909759521,1.0000073909759521,0.00931048858910799,0.0002496000088285655,0.7153916358947754,84000.0,0.0014014742337167263,0.0055123562924563885,0.015927374362945557,0.6363528370857239,-0.1950666308403015,76.8376235961914,0.13104015588760376,-0.005905285477638245,0.5409464240074158,71.95956420898438,0.935997486114502,0.8591976165771484,1.7952218055725098,1114.0687255859375,0.0
174.93569946289062,0.0,220.58999633789062,42.0,1.073212742805481,0.027671318501234055,2.0,1.0012766122817993,1.0012766122817993,1.0012766122817993,0.02589534968137741,0.00024839999969117343,0.7077068090438843,86000.0,-0.008692135103046894,-0.01009360933676362,-0.13151419162750244,0.6903272867202759,0.053974449634552,77.15968322753906,0.12661123275756836,-0.0044289231300354,0.45472073554992676,73.06843566894531,0.9291789531707764,0.17424988746643066,1.103450059890747,1812.4974365234375,0.0
172.85287475585938,0.0,218.1300048828125,43.0,1.0749198198318481,0.0003682442766148597,10.0,1.0003408193588257,1.0003408193588257,1.0003408193588257,0.004192929249256849,0.0002471999905537814,0.7089163661003113,88000.0,-0.00041765981586650014,0.008274475287180394,0.01218540221452713,10.50041675567627,9.810089468955994,77.70671844482422,0.12197753041982651,-0.004633702337741852,0.3867299258708954,74.8655776977539,0.9327514171600342,0.8588829040527344,1.791656494140625,1116.2855224609375,0.0
176.71295166015625,0.0,223.02999877929688,44.0,1.0741742849349976,0.008886251598596573,5.0,0.9970144033432007,0.9970144033432007,0.9970144033432007,0.014894367195665836,0.0002460000105202198,0.7083891034126282,90000.0,-0.0011385860852897167,-0.0007209262694232166,0.09114681929349899,34.706443786621094,24.206027030944824,78.04912567138672,0.11847376823425293,-0.003503762185573578,0.32963401079177856,76.24437713623047,0.9427597522735596,0.43018341064453125,1.3729643821716309,1456.7022705078125,0.0
180.28750610351562,0.0,227.9600067138672,45.0,1.0652568340301514,0.01587848924100399,4.0,1.0034596920013428,1.0034596920013428,1.0034596920013428,0.021230969578027725,0.00024480000138282776,0.7021017670631409,92000.0,-0.007108365185558796,-0.005969779100269079,0.3469792902469635,1.1194202899932861,-33.58702349662781,77.78916931152344,0.1144246980547905,-0.004049070179462433,0.2730124890804291,77.53199768066406,0.9351227283477783,0.3468594551086426,1.28200364112854,1560.05859375,0.0
178.5244140625,0.0,225.49000549316406,46.0,1.0561726093292236,0.012736658565700054,10.0,0.9995981454849243,0.9995981454849243,0.9995981454849243,0.019843943417072296,0.00024360000679735094,0.695749819278717,94000.0,-0.008311163634061813,-0.0012027984485030174,0.019604641944169998,27.091472625732422,25.972052335739136,78.16716003417969,0.10939030349254608,-0.005034394562244415,0.23730893433094025,79.3373794555664,0.9363517761230469,0.8633971214294434,1.7997698783874512,1111.25341796875,0.0
182.8490447998047,0.0,230.44000244140625,47.0,1.057725191116333,0.00571001460775733,10.0,0.9998993873596191,0.9998993873596191,0.9998993873596191,0.013845437206327915,0.0002423999976599589,0.6968309283256531,96000.0,0.0012807116145268083,0.009591875248588622,-0.18818345665931702,1.1059646606445312,-25.98550796508789,77.59365844726562,0.10448356717824936,-0.004906736314296722,0.1895177960395813,81.22572326660156,0.9433419704437256,0.9393918514251709,1.882758378982544,1062.271484375,0.0
183.60081481933594,0.0,230.44000244140625,48.0,1.0543421506881714,0.012257088907063007,3.0,1.0014781951904297,1.0014781951904297,1.0014781951904297,0.01691492646932602,0.00024120000307448208,0.6944789290428162,98000.0,-0.003407403826713562,-0.00468811544124037,-0.1784852147102356,0.6952326893806458,-0.4107319712638855,77.61888122558594,0.10024886578321457,-0.00423470139503479,0.16250674426555634,82.42698669433594,0.9334661960601807,0.2621035575866699,1.1955907344818115,1672.8135986328125,0.0
184.07675170898438,0.0,230.44000244140625,49.0,1.0326032638549805,0.004081149585545063,10.0,0.9998443722724915,0.9998443722724915,0.9998443722724915,0.012458648532629013,0.00023999999393709004,0.6795734167098999,100000.0,-0.003064245218411088,0.000343158608302474,-0.29294896125793457,0.6076417565345764,-0.08759093284606934,77.99080657958984,0.09534453600645065,-0.004904329776763916,0.1467854082584381,84.23048400878906,0.9348816871643066,0.863008975982666,1.7979111671447754,1112.402099609375,0.0
185.8090362548828,0.0,232.8800048828125,50.0,1.016275405883789,0.013352641835808754,4.0,1.0044056177139282,1.0044056177139282,1.0044056177139282,0.018610237166285515,0.00023879999935161322,0.6685389876365662,102000.0,-0.0046332115307450294,-0.0015689663123339415,-0.1378527730703354,0.5774139761924744,-0.03022778034210205,78.13141632080078,0.09105490148067474,-0.004289634525775909,0.1161569133400917,85.52281188964844,0.93670654296875,0.34775567054748535,1.2844839096069336,1557.0458984375,0.0
188.04925537109375,0.0,235.36000061035156,51.0,1.0015846490859985,0.008068390190601349,8.0,0.9992875456809998,0.9992875456809998,0.9992875456809998,0.017655298113822937,0.0002376000047661364,0.6587984561920166,104000.0,-0.0036754466127604246,0.0009577649179846048,0.11347581446170807,0.5359423756599426,-0.04147160053253174,78.24545288085938,0.08697164058685303,-0.004083260893821716,0.1018124520778656,87.15609741210938,0.9350948333740234,0.6925711631774902,1.6276869773864746,1228.7376708984375,0.0
189.12240600585938,0.0,235.36000061035156,52.0,0.9870097041130066,0.005385798867791891,9.0,1.0015296936035156,1.0015296936035156,1.0015296936035156,0.01379283145070076,0.00023639999562874436,0.6492605805397034,106000.0,-0.003985534887760878,-0.000310088275000453,-0.13410231471061707,0.515426754951477,-0.020515620708465576,79.3553466796875,0.08144458383321762,-0.0055270567536354065,0.08633160591125488,88.87146759033203,0.9304277896881104,0.7784156799316406,1.7088706493377686,1170.36376953125,0.0
190.0853271484375,0.0,235.36000061035156,53.0,0.9705533981323242,0.0038811727426946163,10.0,1.0010067224502563,1.0010067224502563,1.0010067224502563,0.010848487727344036,0.00023520000104326755,0.6386700868606567,108000.0,-0.0012208131374791265,0.002764721750281751,-0.18289721012115479,0.49372801184654236,-0.021698743104934692,79.99445343017578,0.07500634342432022,-0.0064382404088974,0.057868100702762604,90.76953887939453,0.9424540996551514,0.9494445323944092,1.8919250965118408,1057.124755859375,0.0
188.99517822265625,0.0,232.97000122070312,54.0,0.9599545001983643,0.020220456644892693,3.0,0.9995430111885071,0.9995430111885071,0.9995430111885071,0.01945466920733452,0.00023400000645779073,0.6319259405136108,110000.0,-0.011579039506614208,-0.010358226369135082,0.0685269758105278,21.831344604492188,21.337616592645645,80.10271453857422,0.07050173729658127,-0.004504606127738953,0.04711084067821503,91.97484588623047,0.938460111618042,0.26050281524658203,1.1989917755126953,1668.069091796875,0.0
191.2504425048828,0.0,235.42999267578125,55.0,0.955028235912323,0.021897368133068085,3.0,1.0018717050552368,1.0018717050552368,1.0018717050552368,0.03012622520327568,0.0002327999973203987,0.6288205981254578,112000.0,-0.005108900833874941,0.006470138672739267,0.16694103181362152,0.48367777466773987,-21.347666829824448,79.42131042480469,0.06848105788230896,-0.0020206794142723083,0.04377731308341026,93.17575073242188,0.9321362972259521,0.2629423141479492,1.1951000690460205,1673.500732421875,0.0
193.6741943359375,0.0,237.8699951171875,56.0,0.9533511996269226,0.019230922684073448,3.0,1.0002981424331665,1.0002981424331665,1.0002981424331665,0.021174803376197815,0.00023160000273492187,0.6277665495872498,114000.0,0.0016998895443975925,0.006808790378272533,0.053176019340753555,25.22791862487793,24.74424085021019,80.27743530273438,0.06674528121948242,-0.001735776662826538,0.05059931054711342,94.37542724609375,0.9303607940673828,0.2637455463409424,1.194136381149292,1674.8511962890625,0.0
183.06739807128906,0.0,223.30999755859375,57.0,0.9514757394790649,0.0011654807021841407,10.0,1.0003573894500732,1.0003573894500732,1.0003573894500732,0.005982737988233566,0.00023039999359752983,0.6265909075737,116000.0,-0.0007621921831741929,-0.0024620817275717854,0.170811265707016,83.22996520996094,58.00204658508301,80.2364730834961,0.06247363239526749,-0.004271648824214935,0.04146632179617882,96.20787811279297,0.9574077129364014,0.8690869808197021,1.8265175819396973,1094.980224609375,0.0
180.19761657714844,0.0,218.52999877929688,58.0,0.9499350786209106,0.0008789532585069537,10.0,0.9997490048408508,0.9997490048408508,0.9997490048408508,0.006111539900302887,0.000229199999012053,0.625625491142273,118000.0,0.0009589726105332375,0.0017211647937074304,-0.4102037847042084,41.102333068847656,-42.12763214111328,79.52703857421875,0.056026261299848557,-0.00644737109541893,0.03274938836693764,98.0251693725586,0.9455490112304688,0.8661720752716064,1.8117480278015137,1103.9066162109375,0.0
167.68524169921875,0.0,201.19000244140625,59.0,0.947358250617981,0.006185813341289759,10.0,0.9977408647537231,0.9977408647537231,0.9977408647537231,0.013393865898251534,0.0002280000044265762,0.624016284942627,120000.0,-0.00011074393842136487,-0.0010697165489546023,0.1469164341688156,38.715293884277344,-2.3870391845703125,79.6351318359375,0.049924708902835846,-0.006101552397012711,0.01656784676015377,99.83533477783203,0.9437716007232666,0.8609683513641357,1.8047659397125244,1108.17724609375,0.0
162.5723419189453,0.0,193.8000030517578,60.0,0.9304032325744629,0.004241962917149067,10.0,0.999726414680481,0.999726414680481,0.999726414680481,0.013861657120287418,0.00022679999528918415,0.6135384440422058,122000.0,-0.00017581097199581563,-6.506703357445076e-05,-0.071783147752285,25.70320701599121,-13.012086868286133,79.48725891113281,0.04410109668970108,-0.005823612213134766,0.027130840346217155,101.63526153564453,0.9313356876373291,0.8626494407653809,1.794006109237671,1114.8236083984375,0.0
159.19375610351562,0.0,188.9199981689453,61.0,0.9216887950897217,0.017299318686127663,3.0,1.001634955406189,1.001634955406189,1.001634955406189,0.016778070479631424,0.00022560000070370734,0.6082010865211487,124000.0,-0.0044778273440897465,-0.004302016372093931,0.015254585072398186,28.0769100189209,2.3737030029296875,79.12955474853516,0.04046247527003288,-0.0036386214196681976,0.020652377977967262,102.91451263427734,0.9404821395874023,0.33295416831970215,1.2734572887420654,1570.528076171875,0.0
159.19589233398438,0.0,188.9199981689453,62.0,0.9153562784194946,0.0022664100397378206,10.0,0.998897910118103,0.998897910118103,0.998897910118103,0.00954938493669033,0.00022440000611823052,0.6043656468391418,126000.0,0.0012996264267712831,0.00577745377086103,0.12157904356718063,1.0865650177001953,-26.990345001220703,78.40483093261719,0.03696213290095329,-0.00350034236907959,0.02650986984372139,104.72007751464844,0.9361438751220703,0.8642199039459229,1.8003854751586914,1110.87353515625,0.0
154.93173217773438,0.0,184.0,63.0,0.9084760546684265,0.019346758723258972,2.0,1.0006909370422363,1.0006909370422363,1.0006909370422363,0.018901463598012924,0.00022319999698083848,0.6002181768417358,128000.0,-0.00484178401529789,-0.006141410442069173,0.024336237460374832,20.448671340942383,19.362106323242188,78.6204833984375,0.033877063542604446,-0.0030850693583488464,0.028079798445105553,105.84774780273438,0.9467313289642334,0.17539596557617188,1.1221551895141602,1782.2850341796875,0.0
156.43959045410156,0.0,186.38999938964844,64.0,0.9004842638969421,0.00240773381665349,10.0,1.0003669261932373,1.0003669261932373,1.0003669261932373,0.008753245696425438,0.00022200000239536166,0.5954434275627136,130000.0,-0.004755038768053055,8.67452472448349e-05,-0.10366110503673553,0.8607244491577148,-19.587946891784668,77.51207733154297,0.03096803091466427,-0.002909032627940178,0.03229989483952522,107.66719055175781,0.952913761138916,0.860872745513916,1.813807725906372,1102.65283203125,0.0
156.0635986328125,0.0,186.38999938964844,65.0,0.8868423700332642,0.0050043025985360146,10.0,1.0014640092849731,1.0014640092849731,1.0014640092849731,0.014418363571166992,0.00022079999325796962,0.5873782634735107,132000.0,-0.003776565659791231,0.0009784731082618237,0.11895320564508438,0.5464285612106323,-0.3142958879470825,76.95452880859375,0.026460688561201096,-0.004507342353463173,0.032908905297517776,109.49589538574219,0.9514434337615967,0.8716974258422852,1.8231611251831055,1096.995849609375,0.0
157.55335998535156,0.0,188.75,66.0,0.875394880771637,0.014898647554218769,3.0,0.9983199238777161,0.9983199238777161,0.9983199238777161,0.017736809328198433,0.0002195999986724928,0.5806896090507507,134000.0,-0.006078346166759729,-0.0023017805069684982,0.42037200927734375,0.42164984345436096,-0.12477871775627136,76.95504760742188,0.023850092664361,-0.0026105958968400955,0.02380261942744255,110.70255279541016,0.9384593963623047,0.2623591423034668,1.2008388042449951,1665.5028076171875,0.0
165.2875518798828,0.0,198.4600067138672,67.0,0.8574486970901489,0.004594565834850073,10.0,0.9947101473808289,0.9947101473808289,0.9947101473808289,0.01228663045912981,0.00021840000408701599,0.5703731179237366,136000.0,-0.0031104024965316057,0.0029679436702281237,0.08839910477399826,0.44879215955734253,0.027142316102981567,77.6523208618164,0.021550249308347702,-0.002299843356013298,0.01986946538090706,112.52350616455078,0.9414346218109131,0.8742420673370361,1.815704345703125,1101.501220703125,0.0
173.02915954589844,0.0,208.13999938964844,68.0,0.8489616513252258,0.10628601908683777,3.0,0.9946549534797668,0.9946549534797668,0.9946549534797668,0.04660557582974434,0.00021719999494962394,0.5655403137207031,138000.0,-0.01830364018678665,-0.015193237690255046,0.45548754930496216,0.433305948972702,-0.015486210584640503,78.03045654296875,0.019458800554275513,-0.0020914487540721893,0.020736191421747208,113.72467041015625,0.9335241317749023,0.26198291778564453,1.1955287456512451,1672.9002685546875,0.0
173.36598205566406,0.0,208.1199951171875,69.0,0.8546354174613953,0.0018293267348781228,10.0,0.9992451667785645,0.9992451667785645,0.9992451667785645,0.007773549295961857,0.00021600000036414713,0.5687564611434937,140000.0,0.00010971119627356529,0.018413351383060217,0.0602673701941967,41.19916534423828,40.76585939526558,80.97682189941406,0.017635880038142204,-0.0018229205161333084,0.005460452288389206,115.6031723022461,0.9338076114654541,0.9392580986022949,1.8730905055999756,1067.75439453125,0.0
178.26873779296875,0.0,213.35000610351562,70.0,0.8555141091346741,0.025934582576155663,4.0,1.0008901357650757,1.0008901357650757,1.0008901357650757,0.027827365323901176,0.0002148000057786703,0.5692563056945801,142000.0,-0.005922950804233551,-0.006032662000507116,0.12857896089553833,68.60541534423828,27.40625,80.80128479003906,0.01587165705859661,-0.0017642229795455933,0.007177325896918774,116.89479064941406,0.9400298595428467,0.346189022064209,1.2862460613250732,1554.9129638671875,0.0
184.94058227539062,0.0,220.77000427246094,71.0,0.8544380068778992,0.007435649633407593,10.0,1.0018669366836548,1.0018669366836548,1.0018669366836548,0.01533796638250351,0.00021359999664127827,0.5686445832252502,144000.0,-0.0013213427737355232,0.004601608030498028,-0.1425880342721939,0.7311174273490906,-67.87429791688919,79.47657775878906,0.014349700883030891,-0.0015219561755657196,0.01404065266251564,118.6939926147461,0.9318912029266357,0.861973762512207,1.7938861846923828,1114.8980712890625,0.0
185.2985382080078,0.0,220.6999969482422,72.0,0.8538800477981567,0.009329749271273613,7.0,1.000828742980957,1.000828742980957,1.000828742980957,0.021743062883615494,0.00021240000205580145,0.5683271884918213,146000.0,-0.0032938437070697546,-0.0019725009333342314,0.11247619986534119,33.14480209350586,32.41368466615677,79.84640502929688,0.012726770713925362,-0.0016229301691055298,0.015502559021115303,120.2399673461914,0.9373552799224854,0.6029140949249268,1.5402939319610596,1298.453857421875,0.0
179.57191467285156,0.0,213.27000427246094,73.0,0.8488525152206421,0.0027450602501630783,10.0,1.0011504888534546,1.0011504888534546,1.0011504888534546,0.010613605380058289,0.0002111999929184094,0.5654807090759277,148000.0,-0.001010717242024839,0.0022831264650449157,0.01891978457570076,21.28456687927246,-11.860235214233398,78.9266357421875,0.01135152019560337,-0.001375250518321991,0.017548032104969025,122.04388427734375,0.9327905178070068,0.8655393123626709,1.798351526260376,1112.1297607421875,0.0
182.16299438476562,0.0,215.75999450683594,74.0,0.8419055938720703,0.01788957230746746,3.0,1.000756859779358,1.000756859779358,1.000756859779358,0.023469332605600357,0.0002099999983329326,0.561562180519104,150000.0,0.00037153656012378633,0.0013822538021486253,0.05605851858854294,1.051796317100525,-20.232770562171936,79.17501831054688,0.01041945070028305,-0.0009320694953203201,0.016095558181405067,123.24470520019531,0.9334580898284912,0.26174163818359375,1.1952219009399414,1673.3304443359375,0.0
175.13523864746094,0.0,206.14999389648438,75.0,0.8425400257110596,0.031087270006537437,3.0,1.0018386840820312,1.0018386840820312,1.0018386840820312,0.024926530197262764,0.00020880000374745578,0.5619186162948608,152000.0,-0.0038649195339530706,-0.004236456094076857,-0.16384893655776978,75.71989440917969,74.66809809207916,80.11778259277344,0.010027815587818623,-0.00039163511246442795,0.012873942032456398,124.45128631591797,0.9399864673614502,0.26105499267578125,1.2010629177093506,1665.1920166015625,0.0
173.82127380371094,0.0,203.7100067138672,76.0,0.8412207365036011,0.0031527667306363583,10.0,1.00126051902771,1.00126051902771,1.00126051902771,0.009194176644086838,0.00020759999461006373,0.5611780881881714,154000.0,-6.298869993770495e-05,0.0038019308340153657,-0.046931684017181396,14.2743501663208,-61.44554424285889,78.41656494140625,0.009250029921531677,-0.0007777856662869453,0.014156607910990715,126.32417297363281,0.9325006008148193,0.9351801872253418,1.8677067756652832,1070.832275390625,0.0
174.47726440429688,0.0,203.7100067138672,77.0,0.8351763486862183,0.003273367416113615,10.0,0.9999402761459351,0.9999402761459351,0.9999402761459351,0.009595386683940887,0.00020640000002458692,0.5577980279922485,156000.0,0.0021603337954729795,0.0022233224954106845,-0.19726192951202393,0.7371851801872253,-13.537164986133575,78.74309539794922,0.008184808306396008,-0.0010652216151356697,0.012625894509255886,128.12692260742188,0.9340593814849854,0.8632147312164307,1.7973005771636963,1112.7802734375,0.0
174.72364807128906,0.0,203.7100067138672,78.0,0.8257042765617371,0.013706180267035961,5.0,0.9935293197631836,0.9935293197631836,0.9935293197631836,0.018199896439909935,0.0002052000054391101,0.5525387525558472,158000.0,-0.004892109893262386,-0.007052443688735366,-0.023225728422403336,0.5061818361282349,-0.23100334405899048,77.80674743652344,0.007472817786037922,-0.0007119905203580856,0.012441406957805157,129.5523681640625,0.9659605026245117,0.4540994167327881,1.4200820922851562,1408.3695068359375,0.0
174.9737548828125,0.0,203.7100067138672,79.0,0.8160384297370911,0.01444235723465681,3.0,0.9934811592102051,0.9934811592102051,0.9934811592102051,0.019470948725938797,0.00020399999630171806,0.547226071357727,160000.0,-0.005038199480623007,-0.0001460895873606205,0.12577596306800842,0.3761327564716339,-0.13004907965660095,78.286376953125,0.007119592744857073,-0.0003532250411808491,0.011060782708227634,130.75936889648438,0.9402880668640137,0.26117944717407227,1.2014927864074707,1664.5965576171875,0.0
176.83633422851562,0.0,206.1300048828125,80.0,0.8073081970214844,0.002306076930835843,10.0,0.9979745149612427,0.9979745149612427,0.9979745149612427,0.008961642161011696,0.00020280000171624124,0.5424661636352539,162000.0,-0.0008219896699301898,0.004216209810692817,0.1148655042052269,7.288722038269043,6.912589281797409,79.50716400146484,0.0065794438123703,-0.0005401489324867725,0.009448293596506119,132.55111694335938,0.927250862121582,0.8590927124023438,1.7863647937774658,1119.5926513671875,0.0
180.77020263671875,0.0,210.92999267578125,81.0,0.8018375635147095,0.014814131893217564,7.0,0.9977497458457947,0.9977497458457947,0.9977497458457947,0.02307828702032566,0.00020160000713076442,0.5395069122314453,164000.0,-0.008307907730340958,-0.007485918060410768,0.08807060867547989,28.967851638793945,21.679129600524902,79.59017181396484,0.005912735592573881,-0.0006667082197964191,0.008440153673291206,134.10848999023438,0.9404242038726807,0.611595869064331,1.5520422458648682,1288.6251220703125,0.0
182.3562469482422,0.0,213.35000610351562,82.0,0.7964880466461182,0.006115572992712259,9.0,1.0027965307235718,1.0027965307235718,1.0027965307235718,0.016371315345168114,0.00020039999799337238,0.5366283059120178,166000.0,-0.004692472517490387,0.0036154352128505707,-0.09157124161720276,0.5891636610031128,-28.378687977790833,78.85905456542969,0.00532276788726449,-0.000589967705309391,0.00785335898399353,135.8394012451172,0.9416060447692871,0.7839422225952148,1.7255744934082031,1159.034423828125,0.0
186.50535583496094,0.0,218.24000549316406,83.0,0.7873086929321289,0.003692489117383957,10.0,1.0002541542053223,1.0002541542053223,1.0002541542053223,0.009782972745597363,0.00019920000340789557,0.5317317247390747,168000.0,-0.0018733482575044036,0.0028191242599859834,-0.15840458869934082,0.41228199005126953,-0.17688167095184326,79.38043975830078,0.004656848032027483,-0.0006659198552370071,0.006806428078562021,137.71539306640625,0.9368360042572021,0.9337074756622314,1.8705699443817139,1069.1929931640625,0.0
186.6220245361328,0.0,218.27999877929688,84.0,0.776776909828186,0.06127528101205826,1.0,1.0111939907073975,1.0111939907073975,1.0111939907073975,0.0550781674683094,0.00019799999427050352,0.5261541604995728,170000.0,0.007822484709322453,0.009695832966826856,0.030407072976231575,16.267990112304688,15.855708122253418,79.45203399658203,0.004285161849111319,-0.0003716861829161644,0.006123758852481842,138.74319458007812,0.9334862232208252,0.08891558647155762,1.0224218368530273,1956.1402587890625,0.0
192.84042358398438,0.0,225.7100067138672,85.0,0.7667518854141235,0.0015014535747468472,10.0,1.0005778074264526,1.0005778074264526,1.0005778074264526,0.007089630234986544,0.0001967999996850267,0.5209118127822876,172000.0,-0.0010931858560070395,-0.008915670565329492,-0.01688661426305771,0.40598639845848083,-15.862003713846207,79.43756103515625,0.003927187528461218,-0.0003579743206501007,0.005488195922225714,140.57923889160156,0.9623813629150391,0.8684141635894775,1.8308167457580566,1092.408935546875,0.0
192.70582580566406,0.0,225.7100067138672,86.0,0.755859375,0.016798729076981544,2.0,1.000073790550232,1.000073790550232,1.000073790550232,0.020009946078062057,0.0001956000050995499,0.5152633190155029,174000.0,-0.007436421234160662,-0.006343235378153622,0.047387026250362396,0.36324799060821533,-0.0427384078502655,78.5335693359375,0.0035468630958348513,-0.0003803244326263666,0.004925718531012535,141.70571899414062,0.9460961818695068,0.17493271827697754,1.121053695678711,1784.0362548828125,0.0
198.7964324951172,0.0,232.8699951171875,87.0,0.7428325414657593,0.0065331896767020226,10.0,0.9998777508735657,0.9998777508735657,0.9998777508735657,0.0137476846575737,0.00019439999596215785,0.5085994005203247,176000.0,-0.000902996864169836,0.006533424369990826,0.03819413110613823,12.425039291381836,12.06179130077362,79.83997344970703,0.003184912260621786,-0.00036195083521306515,0.0041692485101521015,143.50157165527344,0.9342372417449951,0.856313943862915,1.7905769348144531,1116.958740234375,0.0
202.9225616455078,0.0,237.72999572753906,88.0,0.724155843257904,0.01151487696915865,6.0,1.0030416250228882,1.0030416250228882,1.0030416250228882,0.018604394048452377,0.00019320000137668103,0.4991947114467621,178000.0,-0.004368945490568876,-0.0034659486263990402,-0.5036460757255554,0.33978891372680664,-12.08525037765503,79.2003402709961,0.0027251197025179863,-0.0004597925581037998,0.003607951570302248,144.9517059326172,0.9271247386932373,0.517460823059082,1.4446110725402832,1384.4559326171875,0.0
202.99366760253906,0.0,237.72999572753906,89.0,0.6962720155715942,0.008039156906306744,10.0,0.9970488548278809,0.9970488548278809,0.9970488548278809,0.016251705586910248,0.00019200000679120421,0.48547807335853577,180000.0,-0.012112969532608986,-0.00774402404204011,-0.23331870138645172,0.33945566415786743,-0.000333249568939209,79.29927062988281,0.002302451990544796,-0.0004226677119731903,0.003076256951317191,146.74754333496094,0.9307510852813721,0.8595128059387207,1.7902905941009521,1117.1375732421875,0.0
203.48011779785156,0.0,237.72999572753906,90.0,0.6782076954841614,0.023171139881014824,3.0,1.0006574392318726,1.0006574392318726,1.0006574392318726,0.024515151977539062,0.00019079999765381217,0.47676587104797363,182000.0,-0.007765069138258696,0.00434790039435029,-0.18341326713562012,0.3446791470050812,0.005223482847213745,80.44512939453125,0.001983562484383583,-0.0003188895061612129,0.002577494829893112,148.0077362060547,0.921802282333374,0.3324885368347168,1.2543115615844727,1594.50048828125,0.0
201.95115661621094,0.0,235.25,91.0,0.6727606654167175,0.0033903312869369984,10.0,0.9969611167907715,0.9969611167907715,0.9969611167907715,0.009737820364534855,0.00018960000306833535,0.4741760194301605,184000.0,-0.002739564049988985,0.0050255050882697105,0.021388988941907883,7.127146244049072,6.782467097043991,80.92903900146484,0.0016967272385954857,-0.0002868352457880974,0.0021761776879429817,149.8001251220703,0.9279632568359375,0.858905553817749,1.7868900299072266,1119.26318359375,0.0
204.27816772460938,0.0,237.72999572753906,92.0,0.664673924446106,0.008740385062992573,10.0,0.9963434934616089,0.9963434934616089,0.9963434934616089,0.018878191709518433,0.0001883999939309433,0.4703581929206848,186000.0,-0.008759064599871635,-0.00601950054988265,-0.30028003454208374,0.3304060399532318,-6.7967402040958405,80.75364685058594,0.0013071863213554025,-0.0003895409172400832,0.001818549120798707,151.59458923339844,0.9292104244232178,0.859595775604248,1.7888312339782715,1118.048583984375,0.0
206.61260986328125,0.0,240.19000244140625,93.0,0.6575922966003418,0.009713820181787014,7.0,0.999156653881073,0.999156653881073,0.999156653881073,0.019217951223254204,0.0001871999993454665,0.46703991293907166,188000.0,-0.0044007026590406895,0.004358361940830946,0.09790471196174622,0.3271878659725189,-0.0032181739807128906,81.50037384033203,0.0010280042188242078,-0.0002791821025311947,0.001537718460895121,153.1315155029297,0.9255766868591309,0.6057310104370117,1.5313355922698975,1306.0498046875,0.0
204.87229919433594,0.0,237.6699981689453,94.0,0.6459916830062866,0.006971538998186588,10.0,1.0004534721374512,1.0004534721374512,1.0004534721374512,0.01362935546785593,0.00018600000475998968,0.46165260672569275,190000.0,-0.005417282227426767,-0.0010165795683860779,0.044235244393348694,16.625226974487305,16.298039108514786,82.23296356201172,0.0007987454300746322,-0.00022925878874957561,0.0012929359218105674,154.92478942871094,0.9308421611785889,0.8570449352264404,1.7879078388214111,1118.626220703125,0.0
205.21493530273438,0.0,237.6699981689453,95.0,0.6340927481651306,0.0027236591558903456,10.0,1.0012463331222534,1.0012463331222534,1.0012463331222534,0.012539192102849483,0.00018479999562259763,0.4561942517757416,192000.0,-0.004736608359962702,0.0006806738674640656,0.183334618806839,0.35425108671188354,-16.27097588777542,81.61601257324219,0.0005825614789500833,-0.0002161839511245489,0.0010890956036746502,156.7144317626953,0.9272358417510986,0.8568520545959473,1.7841095924377441,1121.007568359375,0.0
205.58460998535156,0.0,237.6699981689453,96.0,0.6177758574485779,0.009229728952050209,10.0,0.9984680414199829,0.9984680414199829,0.9984680414199829,0.016471948474645615,0.00018360000103712082,0.4488120973110199,194000.0,-0.006692448165267706,-0.001955839805305004,0.02945943921804428,0.31979233026504517,-0.03445875644683838,82.16141510009766,0.0004179390671197325,-0.00016462241183035076,0.0009120020549744368,158.57089233398438,0.9257030487060547,0.9252510070800781,1.8509807586669922,1080.508544921875,0.0
206.05551147460938,0.0,237.6699981689453,97.0,0.6081669330596924,0.013806167058646679,8.0,0.9961933493614197,0.9961933493614197,0.9961933493614197,0.017344815656542778,0.000182400006451644,0.4445151686668396,196000.0,-0.009158018976449966,-0.0024655708111822605,0.049917276948690414,16.91717529296875,16.597382962703705,82.7449722290039,0.00030546041671186686,-0.00011247865040786564,0.00076985516352579,160.19027709960938,0.9244213104248047,0.6896274089813232,1.6140687465667725,1239.104736328125,0.0
206.587890625,0.0,237.6699981689453,98.0,0.6026870012283325,0.006302764639258385,8.0,1.0049933195114136,1.0049933195114136,1.0049933195114136,0.02323828637599945,0.00018119999731425196,0.44208642840385437,198000.0,-0.00026848725974559784,0.008889531716704369,0.3322283923625946,0.3724331557750702,-16.54474213719368,82.338134765625,0.00022904918296262622,-7.641123374924064e-05,0.0006392907234840095,161.81007385253906,0.9272739887237549,0.6870791912078857,1.6143736839294434,1238.8707275390625,0.0
208.58462524414062,0.0,240.1300048828125,99.0,0.5974212884902954,0.018845845013856888,4.0,1.0008583068847656,1.0008583068847656,1.0008583068847656,0.023028837516903877,0.00018000000272877514,0.4397651255130768,200000.0,-0.016605481505393982,-0.016336994245648384,0.0964166671037674,0.5304378867149353,0.1580047309398651,82.49870300292969,0.00018277439812663943,-4.627478483598679e-05,0.0005372515297494829,163.0946502685547,0.9324767589569092,0.3465113639831543,1.2790093421936035,1563.7105712890625,0.0
208.8308563232422,0.0,240.1300048828125,100.0,0.579093873500824,0.013706879690289497,10.0,1.0017540454864502,1.0017540454864502,1.0017540454864502,0.023025037720799446,0.0001787999935913831,0.43179091811180115,202000.0,-0.015531289391219616,0.001074192114174366,-0.16716666519641876,0.3738764226436615,-0.1565614640712738,82.741455078125,0.0001401507470291108,-4.2623651097528636e-05,0.000450334046036005,164.90989685058594,0.9475467205047607,0.8618919849395752,1.809464931488037,1105.2994384765625,0.0
209.24253845214844,0.0,240.1300048828125,101.0,0.5507849454879761,0.005248277448117733,10.0,0.9994529485702515,0.9994529485702515,0.9994529485702515,0.010680786333978176,0.00017759999900590628,0.41973963379859924,204000.0,-0.0036891200579702854,0.01184216933324933,0.09552863985300064,0.32237425446510315,-0.05150216817855835,83.30290222167969,9.322359983343631e-05,-4.692714719567448e-05,0.00037848929059691727,166.74734497070312,0.956589937210083,0.8753542900085449,1.8319649696350098,1091.7242431640625,0.0
209.75148010253906,0.0,240.1300048828125,102.0,0.5147520899772644,0.006221336778253317,10.0,0.9980084300041199,0.9980084300041199,0.9980084300041199,0.012254958041012287,0.00017640000442042947,0.40490174293518066,206000.0,-0.008450974710285664,-0.004761854652315378,-0.13807694613933563,0.3004230558872223,-0.02195119857788086,83.05729675292969,5.9911213611485437e-05,-3.3312386221950874e-05,0.00032113006454892457,168.78823852539062,0.9606175422668457,1.0748083591461182,2.035447120666504,982.585205078125,0.0
212.20965576171875,0.0,242.61000061035156,103.0,0.4905897378921509,0.017347993329167366,4.0,1.0028103590011597,1.0028103590011597,1.0028103590011597,0.02096068114042282,0.00017519999528303742,0.395207941532135,208000.0,-0.010456298477947712,-0.0020053237676620483,0.13436609506607056,0.2998161017894745,-0.0006069540977478027,83.73766326904297,4.2535626562312245e-05,-1.737558704917319e-05,0.0002691884874366224,170.24267578125,0.9552462100982666,0.49358367919921875,1.4488513469696045,1380.404052734375,0.0
210.51312255859375,0.0,240.13999938964844,104.0,0.4822976589202881,0.00822463072836399,10.0,0.9967235326766968,0.9967235326766968,0.9967235326766968,0.01385993231087923,0.0001740000006975606,0.3919423222541809,210000.0,-0.0032176277600228786,0.007238670717924833,0.04118212312459946,10.372413635253906,10.072597533464432,84.60225677490234,2.9818835173500702e-05,-1.2716791388811544e-05,0.00022609904408454895,172.66172790527344,0.9570963382720947,1.4565987586975098,2.413715124130249,828.5982666015625,0.0
210.99063110351562,0.0,240.13999938964844,105.0,0.4716573655605316,0.0018610272090882063,10.0,1.0006701946258545,1.0006701946258545,1.0006701946258545,0.007568982429802418,0.0001728000061120838,0.38779935240745544,212000.0,-0.0005050988984294236,0.002712528861593455,0.03894536942243576,0.3033682405948639,-10.069045394659042,84.36320495605469,1.6839712770888582e-05,-1.297912240261212e-05,0.0001892032305477187,175.13331604003906,0.9585344791412354,1.5070819854736328,2.4656364917755127,811.1497192382812,0.0
215.62884521484375,0.0,245.08999633789062,106.0,0.44224807620048523,0.010919230990111828,9.0,0.9985519051551819,0.9985519051551819,0.9985519051551819,0.013912374153733253,0.00017159999697469175,0.3765798807144165,214000.0,-0.008293915539979935,-0.007788816641550511,0.0025605186820030212,0.2913786768913269,-0.011989563703536987,84.49988555908203,9.092544132727198e-06,-7.747168638161384e-06,0.0001625065051484853,177.62100219726562,0.9671523571014404,1.514965534210205,2.482138156890869,805.7570190429688,0.0
213.92189025878906,0.0,242.67999267578125,107.0,0.42354315519332886,0.008912508375942707,5.0,0.997649073600769,0.997649073600769,0.997649073600769,0.022092396393418312,0.00017040000238921493,0.3695773184299469,216000.0,-0.0037796995602548122,0.0045142159797251225,0.06726661324501038,21.567607879638672,21.276229202747345,85.52518463134766,5.4315742090693675e-06,-3.660969923657831e-06,0.00013497890904545784,179.45652770996094,0.9673709869384766,0.8625431060791016,1.8299353122711182,1092.9349365234375,0.0
214.2821502685547,0.0,242.67999267578125,108.0,0.41482239961624146,0.0009206050890497863,10.0,0.9992953538894653,0.9992953538894653,0.9992953538894653,0.005495927296578884,0.0001691999932518229,0.366372287273407,218000.0,0.0009720752132125199,0.004751774773467332,0.45084306597709656,0.34213584661483765,-21.225472033023834,85.20917510986328,3.036963789782021e-06,-2.3946104192873463e-06,0.00011637121497187763,182.03778076171875,0.9499173164367676,1.6256179809570312,2.5755581855773926,776.5308227539062,0.0
214.55670166015625,0.0,242.67999267578125,109.0,0.4049117863178253,0.03859393298625946,2.0,0.998737096786499,0.998737096786499,0.998737096786499,0.024004602804780006,0.00016799999866634607,0.36275556683540344,220000.0,-0.007318549789488316,-0.008290625002700835,0.07800772041082382,0.3250983953475952,-0.01703745126724243,85.60457611083984,1.7478147356086993e-06,-1.289149054173322e-06,9.774785576155409e-05,183.25198364257812,0.9328908920288086,0.27533698081970215,1.2082481384277344,1655.2894287109375,0.0
215.01995849609375,0.0,242.6300048828125,110.0,0.39924392104148865,0.003304753452539444,10.0,0.999092698097229,0.999092698097229,0.999092698097229,0.010336082428693771,0.00016680000408086926,0.36070579290390015,222000.0,-0.0010026604868471622,0.006315889302641153,0.01817694492638111,4.178154468536377,3.8530560731887817,85.77447509765625,1.0147679176952806e-06,-7.330468179134186e-07,8.122152939904481e-05,185.51248168945312,0.9652402400970459,1.289374828338623,2.254634380340576,887.0618896484375,0.0
215.82887268066406,0.0,242.6300048828125,111.0,0.39458757638931274,0.014871486462652683,2.0,1.0030863285064697,1.0030863285064697,1.0030863285064697,0.020992165431380272,0.0001655999949434772,0.3590295910835266,224000.0,-0.00450145173817873,-0.0034987912513315678,-0.07090094685554504,0.3105649948120117,-3.8675894737243652,86.13661193847656,5.21256822594296e-07,-4.935110951009847e-07,6.860780558781698e-05,186.6802978515625,0.9349181652069092,0.22698688507080078,1.1619255542755127,1721.281005859375,0.0
216.73646545410156,0.0,242.6300048828125,112.0,0.390219509601593,0.019440850242972374,4.0,0.9995858073234558,0.9995858073234558,0.9995858073234558,0.01975860446691513,0.0001644000003580004,0.3574649393558502,226000.0,-0.004306434653699398,0.00019501708447933197,0.4024123549461365,0.3081209659576416,-0.002444028854370117,86.40596771240234,3.7372279848568724e-07,-1.4753402410860872e-07,5.731611599912867e-05,188.03335571289062,0.9278733730316162,0.41936397552490234,1.3472576141357422,1484.497314453125,0.0
215.22801208496094,0.0,240.17999267578125,113.0,0.3851013481616974,0.0015385125298053026,10.0,1.0004327297210693,1.0004327297210693,1.0004327297210693,0.007354456931352615,0.00016320000577252358,0.3556402027606964,228000.0,0.0013298655394464731,0.005636300193145871,0.020171215757727623,15.547419548034668,15.239298582077026,86.83699035644531,1.6749517328662478e-07,-2.0622762519906246e-07,4.853930659010075e-05,189.922607421875,0.930488109588623,0.9527792930603027,1.8832898139953613,1061.9715576171875,0.0
209.32476806640625,0.0,232.99000549316406,114.0,0.3805975317955017,0.006251503713428974,10.0,0.9995802044868469,0.9995802044868469,0.9995802044868469,0.014985905028879642,0.00016199999663513154,0.3540417551994324,230000.0,-0.0048408000729978085,-0.006170665612444282,0.11464445292949677,56.49733352661133,40.94991397857666,86.57059478759766,4.242766493689487e-08,-1.250675083497299e-07,4.1532453906256706e-05,191.7834014892578,0.9355475902557373,0.9194285869598389,1.8549962043762207,1078.16943359375,0.0
200.91738891601562,0.0,223.16000366210938,115.0,0.3775983154773712,0.002329569309949875,10.0,0.9990617632865906,0.9990617632865906,0.9990617632865906,0.009339477866888046,0.00016080000204965472,0.3529813885688782,232000.0,0.001503058010712266,0.006343858083710074,-0.0365406833589077,45.55405044555664,-10.943283081054688,85.91600036621094,8.503601378606618e-09,-3.392406355828825e-08,3.461402957327664e-05,193.7122344970703,0.9351575374603271,0.9880690574645996,1.9232490062713623,1039.9072265625,0.0
203.30287170410156,0.0,225.6300048828125,116.0,0.3718799650669098,0.005175257567316294,10.0,1.0034531354904175,1.0034531354904175,1.0034531354904175,0.012306803837418556,0.00015959999291226268,0.3509698212146759,234000.0,0.0003359209222253412,-0.0011671370884869248,-0.21402548253536224,1.0481843948364258,-44.505866050720215,86.08818817138672,1.2901952839428077e-09,-7.21340609466381e-09,2.83517856587423e-05,195.5679931640625,0.9326028823852539,0.917778730392456,1.8504021167755127,1080.8463134765625,0.0
196.92816162109375,0.0,218.36000061035156,117.0,0.3683064877986908,0.0020521418191492558,10.0,1.0013474225997925,1.0013474225997925,1.0013474225997925,0.008737310767173767,0.00015839999832678586,0.34971681237220764,236000.0,-0.0002037536323769018,-0.000539674554602243,-0.5148156881332397,48.304656982421875,47.25647258758545,86.27484893798828,1.4584120022753666e-10,-1.144354083715271e-09,2.4343989935005084e-05,197.4184112548828,0.9326128959655762,0.9123973846435547,1.8450322151184082,1083.9921875,0.0
197.05657958984375,0.0,218.36000061035156,118.0,0.36208492517471313,0.0034517988096922636,10.0,0.9999266862869263,0.9999266862869263,0.9999266862869263,0.010398752056062222,0.00015720000374130905,0.3475521206855774,238000.0,-0.0007000913610681891,-0.0004963377286912873,-0.2187027484178543,1.2862132787704468,-47.01844370365143,85.80734252929688,1.1525136747736475e-11,-1.3431606347980019e-10,1.9046881789108738e-05,199.28326416015625,0.9343006610870361,0.9251077175140381,1.8594355583190918,1075.595458984375,0.0
199.37484741210938,0.0,220.77000427246094,119.0,0.3459712862968445,0.0011581266298890114,10.0,0.999731719493866,0.999731719493866,0.999731719493866,0.008576982654631138,0.000155999994603917,0.3419950604438782,240000.0,0.0007062634103931487,0.0014063547714613378,0.04906183108687401,0.424022376537323,-0.8621909022331238,86.229736328125,1.1514042757426735e-12,-1.0373732471993802e-11,1.6025351214921102e-05,201.16036987304688,0.9388754367828369,0.9325892925262451,1.8714845180511475,1068.6705322265625,0.0
197.29029846191406,0.0,218.30999755859375,120.0,0.3323601186275482,0.0015716428169980645,10.0,1.0009496212005615,1.0009496212005615,1.0009496212005615,0.007618769537657499,0.0001548000000184402,0.3373716473579407,242000.0,0.00307607464492321,0.0023698112345300615,0.030650947242975235,13.102618217468262,12.678595840930939,86.37286376953125,8.696369362473644e-13,-2.817673394953091e-13,1.3533668607124127e-05,203.11158752441406,0.9355406761169434,1.0100595951080322,1.945624828338623,1027.9476318359375,0.0
193.08204650878906,0.0,213.49000549316406,121.0,0.3270300030708313,0.00990773644298315,7.0,0.9995737671852112,0.9995737671852112,0.9995737671852112,0.016168098896741867,0.00015360000543296337,0.33557549118995667,244000.0,-0.005260304547846317,-0.008336379192769527,0.07523912191390991,45.435020446777344,32.33240222930908,86.45693969726562,1.8531834053425733e-12,9.83546469095209e-13,1.0583302355371416e-05,204.709716796875,0.9389975070953369,0.6535265445709229,1.5925452709197998,1255.8514404296875,0.0
193.07992553710938,0.0,213.49000549316406,122.0,0.3270280361175537,0.000869813549797982,10.0,1.0001780986785889,1.0001780986785889,1.0001780986785889,0.005818175617605448,0.00015239999629557133,0.33557480573654175,246000.0,0.00011355848982930183,0.005373863037675619,0.26035019755363464,0.7135784029960632,-44.72144204378128,85.76802062988281,9.930215287209943e-13,-8.601618766215791e-13,9.578847311786376e-06,206.5736846923828,0.9310026168823242,0.9275839328765869,1.8586082458496094,1076.0740966796875,0.0
192.97390747070312,0.0,213.49000549316406,123.0,0.3251895308494568,0.014605090022087097,4.0,1.0056123733520508,1.0056123733520508,1.0056123733520508,0.019684353843331337,0.0001512000017100945,0.3349585235118866,248000.0,-0.011021988466382027,-0.011135546956211329,0.22624564170837402,0.40746009349823,-0.30611830949783325,86.0263442993164,4.755615345963804e-11,4.6563131930917045e-11,7.811438081262168e-06,207.8824920654297,0.9306106567382812,0.3727531433105469,1.3033859729766846,1534.4652099609375,0.0
192.69613647460938,0.0,213.49000549316406,124.0,0.31619539856910706,0.0021583973430097103,10.0,1.00111985206604,1.00111985206604,1.00111985206604,0.007468542084097862,0.0001500000071246177,0.3319622576236725,250000.0,-0.009464090690016747,0.0015578977763652802,-0.36824268102645874,0.3362061381340027,-0.0712539553642273,85.78298950195312,7.350928893368192e-11,2.5953135474043876e-11,9.892159141600132e-06,209.74560546875,0.9256634712219238,0.9321062564849854,1.8577907085418701,1076.5477294921875,0.0
199.13076782226562,0.0,220.77999877929688,125.0,0.3073476254940033,0.029137002304196358,1.0,1.0045433044433594,1.0045433044433594,1.0045433044433594,0.017578743398189545,0.00014879999798722565,0.3290351927280426,252000.0,-0.005033125635236502,0.004430965054780245,-0.09978870302438736,0.31240421533584595,-0.02380192279815674,85.96212005615234,7.377873867397966e-10,6.642780978061147e-10,2.6167392206843942e-05,210.78053283691406,0.9331514835357666,0.09645462036132812,1.0296268463134766,1942.4517822265625,0.0
203.31129455566406,0.0,225.57000732421875,126.0,0.30128341913223267,0.018007958307862282,4.0,1.007401466369629,1.007401466369629,1.007401466369629,0.02617426961660385,0.00014760000340174884,0.3270472288131714,254000.0,-0.00991830974817276,-0.004885184112936258,0.016397491097450256,0.33154579997062683,0.019141584634780884,86.01519012451172,5.102234607035072e-12,-7.326851521327615e-10,2.8782267690985464e-05,212.10044860839844,0.9316258430480957,0.3829152584075928,1.314563274383545,1521.4180908203125,0.0
209.82911682128906,0.0,232.9600067138672,127.0,0.27854618430137634,0.005449795629829168,10.0,0.9991388320922852,0.9991388320922852,0.9991388320922852,0.012930837459862232,0.0001463999942643568,0.31970781087875366,256000.0,-0.006822980009019375,0.003095329739153385,0.26872241497039795,0.30806657671928406,-0.023479223251342773,85.82660675048828,2.7411023104106924e-11,2.2308788497071852e-11,2.440836760797538e-05,213.969970703125,0.9334356784820557,0.9305503368377686,1.864006519317627,1072.957763671875,0.0
209.6883544921875,0.0,232.9600067138672,128.0,0.24781382083892822,0.0031271837651729584,10.0,0.9986793398857117,0.9986793398857117,0.9986793398857117,0.009617825970053673,0.00014519999967887998,0.31002935767173767,258000.0,-0.0027491836808621883,0.0040737963281571865,0.056946367025375366,0.3002946972846985,-0.007771879434585571,85.59110260009766,1.0963448204837078e-10,8.222345894426386e-11,4.5125430915504694e-05,215.9058380126953,0.9338388442993164,0.9964241981506348,1.930284023284912,1036.1170654296875,0.0
214.14773559570312,0.0,237.83999633789062,129.0,0.21509675681591034,0.004329177550971508,10.0,0.9999931454658508,0.9999931454658508,0.9999931454658508,0.012293096631765366,0.00014400000509340316,0.3000555634498596,260000.0,-0.003181426553055644,-0.0004322428721934557,0.13575810194015503,0.30032357573509216,2.8878450393676758e-05,86.09835815429688,5.600749378165126e-11,-5.362698826671952e-11,3.514540730975568e-05,217.7705841064453,0.9305267333984375,0.9288532733917236,1.859400749206543,1075.6156005859375,0.0
216.3369598388672,0.0,240.22999572753906,130.0,0.184173583984375,0.013032739982008934,7.0,0.9974293112754822,0.9974293112754822,0.9974293112754822,0.016564473509788513,0.00014279999595601112,0.2909128963947296,262000.0,-0.005482759792357683,-0.002301333239302039,-0.44206148386001587,0.2933918833732605,-0.006931692361831665,85.95782470703125,5.1956199759173316e-11,-4.051294022477947e-12,2.8699609174509533e-05,219.36244201660156,0.9346194267272949,0.6518394947052002,1.5864803791046143,1260.652587890625,0.0
214.20635986328125,0.0,237.75999450683594,131.0,0.1686525046825409,0.0036976211704313755,10.0,1.0020434856414795,1.0020434856414795,1.0020434856414795,0.011716755107045174,0.0001416000013705343,0.28642308712005615,264000.0,-0.0005181800806894898,0.004964579711668193,0.033293332904577255,10.801697731018066,10.508305847644806,86.59999084472656,6.934307988926136e-11,1.7386880130088045e-11,1.770806557033211e-05,221.24026489257812,0.9354948997497559,0.9369258880615234,1.8724415302276611,1068.1243896484375,0.0
214.32406616210938,0.0,237.8000030517578,132.0,0.1660171002149582,0.014755035750567913,2.0,0.9998823404312134,0.9998823404312134,0.9998823404312134,0.013861371204257011,0.00014040000678505749,0.2856690585613251,266000.0,-0.0063001783564686775,-0.005781998275779188,0.0508834645152092,20.8543758392334,10.052678108215332,86.55078887939453,6.488130865900388e-11,-4.461771230257483e-12,1.6921116184676066e-05,222.37644958496094,0.9397294521331787,0.1907031536102295,1.130457878112793,1769.1953125,0.0
218.71505737304688,0.0,242.72999572753906,133.0,0.161721870303154,0.0014680816093459725,10.0,0.99903404712677,0.99903404712677,0.99903404712677,0.008356557227671146,0.00013919999764766544,0.2844453454017639,268000.0,0.003822521073743701,0.010122699430212379,-0.019011573866009712,0.3758818805217743,-20.478493958711624,86.11643981933594,9.890403079859666e-11,3.402272213959279e-11,-1.900650772768131e-06,224.27301025390625,0.936166524887085,0.9552803039550781,1.8914728164672852,1057.37744140625,0.0
220.9017333984375,0.0,245.11000061035156,134.0,0.15082994103431702,0.009488137438893318,8.0,0.9999175071716309,0.9999175071716309,0.9999175071716309,0.01675517112016678,0.00013800000306218863,0.2813652753829956,270000.0,0.0006695922929793596,-0.0031529287807643414,-0.2297995686531067,0.30111193656921387,-0.07476994395256042,86.2437973022461,4.527105426643807e-11,-5.3632976532158594e-11,-1.6613209936622297e-06,226.0691680908203,0.9403467178344727,0.8503234386444092,1.7906920909881592,1116.88671875,0.0
218.8335723876953,0.0,242.6699981689453,135.0,0.1438656598329544,0.0013471520505845547,10.0,1.0005279779434204,1.0005279779434204,1.0005279779434204,0.007279541809111834,0.00013679999392479658,0.2794106602668762,272000.0,0.0017816663021221757,0.001112074009142816,0.05213724821805954,17.248842239379883,16.94773030281067,86.64781188964844,7.468230200924353e-11,2.941124774280546e-11,-1.2882537703262642e-06,227.94931030273438,0.9389793872833252,0.9357261657714844,1.8747313022613525,1066.8197021484375,0.0
218.99295043945312,0.0,242.6699981689453,136.0,0.13643623888492584,0.00874929316341877,10.0,1.002354383468628,1.002354383468628,1.002354383468628,0.0179497878998518,0.00013559999933931977,0.27734461426734924,274000.0,-0.00899897888302803,-0.010780645185150206,-0.24532777070999146,0.42762941122055054,-16.821212828159332,86.30331420898438,4.7595642704845176e-11,-2.7086659304398353e-11,-2.6230300136376172e-06,229.84132385253906,0.95253586769104,0.9338302612304688,1.8863928318023682,1060.2247314453125,0.0
217.01861572265625,0.0,240.25999450683594,137.0,0.1309356540441513,0.010726089589297771,7.0,0.9964591264724731,0.9964591264724731,0.9964591264724731,0.017463279888033867,0.00013440000475384295,0.2758212983608246,276000.0,-0.001963892253115773,0.007035086629912257,0.04571079462766647,21.721044540405273,21.293415129184723,86.8671646118164,6.488316828257013e-11,1.728752557772495e-11,-2.901530251619988e-06,231.447021484375,0.9454910755157471,0.6543979644775391,1.5999104976654053,1250.070068359375,0.0
217.21548461914062,0.0,240.25999450683594,138.0,0.13222625851631165,0.00630511250346899,10.0,1.0006275177001953,1.0006275177001953,1.0006275177001953,0.015802402049303055,0.0001331999956164509,0.27617740631103516,278000.0,-0.0003707317519001663,0.001593160501215607,0.08225342631340027,0.4221862256526947,-21.29885831475258,86.37882995605469,8.033176901456329e-11,1.5448600731993167e-11,-1.904582092038254e-07,233.3227081298828,0.9386439323425293,0.9316012859344482,1.8702664375305176,1069.366455078125,0.0
215.1676788330078,0.0,237.8000030517578,139.0,0.1296733319759369,0.011120476759970188,4.0,1.0006399154663086,1.0006399154663086,1.0006399154663086,0.02186380699276924,0.0001320000010309741,0.27547311782836914,280000.0,-0.004362400621175766,-0.0039916688692756,0.0737614706158638,13.446553230285645,13.02436700463295,86.94871520996094,6.570653049431385e-11,-1.462523852024944e-11,-1.4197523796610767e-06,234.63967895507812,0.9359889030456543,0.3754599094390869,1.3114697933197021,1525.007080078125,0.0
215.39022827148438,0.0,237.8000030517578,140.0,0.12254379689693451,0.004480493720620871,10.0,1.0005937814712524,1.0005937814712524,1.0005937814712524,0.009959104470908642,0.00013080000644549727,0.27351874113082886,282000.0,-0.0016026984667405486,0.0027597021544352174,-0.16827279329299927,0.3357338011264801,-13.110819429159164,86.58973693847656,4.932806940693979e-11,-1.6378461087374063e-11,-3.026855210919166e-06,236.61770629882812,0.9400408267974854,1.032651662826538,1.9727160930633545,1013.8308715820312,0.0
215.45236206054688,0.0,237.8000030517578,141.0,0.11219991743564606,0.015053041279315948,4.0,1.0003063678741455,1.0003063678741455,1.0003063678741455,0.01810419000685215,0.00012959999730810523,0.2707017660140991,284000.0,0.001230895984917879,0.0028335944516584277,-0.20524023473262787,0.3060804605484009,-0.029653340578079224,86.64942169189453,8.448611255040817e-11,3.5158043143468376e-11,-1.7240678289454081e-06,237.94070434570312,0.9409546852111816,0.3766469955444336,1.3176229000091553,1517.88525390625,0.0
215.49490356445312,0.0,237.8000030517578,142.0,0.09200699627399445,0.009075065143406391,10.0,0.9975517392158508,0.9975517392158508,0.9975517392158508,0.016569336876273155,0.00012840000272262841,0.26530247926712036,286000.0,-0.007376185152679682,-0.008607081137597561,-0.11769923567771912,0.29369163513183594,-0.012388825416564941,86.71208190917969,6.001946856182272e-11,-2.4466643988585446e-11,3.393338658952416e-07,239.82810974121094,0.9424545764923096,0.9397249221801758,1.8822071552276611,1062.58251953125,0.0
217.78411865234375,0.0,240.27000427246094,143.0,0.06059984490275383,0.004459768068045378,10.0,1.0021884441375732,1.0021884441375732,1.0021884441375732,0.011434433981776237,0.00012719999358523637,0.2570975422859192,288000.0,-0.0033864390570670366,0.003989746095612645,0.27997976541519165,0.28983625769615173,-0.003855377435684204,86.73031616210938,7.514319722012885e-11,1.5123728658306135e-11,1.8316711702937027e-08,241.708740234375,0.9392714500427246,0.9355082511901855,1.8748066425323486,1066.7769775390625,0.0
219.94894409179688,0.0,242.69000244140625,144.0,0.038638267666101456,0.016241509467363358,4.0,1.0044668912887573,1.0044668912887573,1.0044668912887573,0.020530225709080696,0.00012599999899975955,0.25150609016418457,290000.0,-0.0036207283847033978,-0.00023428932763636112,-0.0917208269238472,0.28720715641975403,-0.002629101276397705,86.67640686035156,8.506374077343892e-11,9.920543553310068e-12,3.9769216186869016e-07,243.0301971435547,0.9366312026977539,0.3790583610534668,1.3157107830047607,1520.0911865234375,0.0
220.12062072753906,0.0,242.69000244140625,145.0,0.01317680161446333,0.0024468437768518925,10.0,0.9986015558242798,0.9986015558242798,0.9986015558242798,0.009672576561570168,0.00012480000441428274,0.2451918125152588,292000.0,-0.005765985231846571,-0.0021452568471431732,-0.4410504400730133,0.2842816412448883,-0.0029255151748657227,87.11628723144531,6.683086029024565e-11,-1.823288048319327e-11,1.4790715795243159e-05,244.92298889160156,0.950192928314209,0.9370770454406738,1.8872904777526855,1059.720458984375,0.0
220.3145294189453,0.0,242.69000244140625,146.0,-0.020390037447214127,0.003179878694936633,10.0,0.9985352754592896,0.9985352754592896,0.9985352754592896,0.010487755760550499,0.0001235999952768907,0.23709861934185028,294000.0,-0.003655248787254095,0.002110736444592476,-0.14023295044898987,0.2811482846736908,-0.0031333565711975098,87.06714630126953,3.863773537227111e-11,-2.8193124917974544e-11,1.590004649187904e-05,246.88824462890625,0.9404590129852295,1.0193557739257812,1.9598355293273926,1020.493896484375,0.0
218.09703063964844,0.0,240.22999572753906,147.0,-0.03687557205557823,0.016807859763503075,7.0,1.0038925409317017,1.0038925409317017,1.0038925409317017,0.028131121769547462,0.00012240000069141388,0.23321042954921722,296000.0,-0.006499054376035929,-0.0028438055887818336,0.04511004313826561,13.508648872375488,13.227500587701797,86.64836120605469,1.4845445706068716e-10,1.0981672168841605e-10,3.126335650449619e-05,248.493408203125,0.9420833587646484,0.6569979190826416,1.5991065502166748,1250.69873046875,0.0
220.3114013671875,0.0,242.6699981689453,148.0,-0.03908302262425423,0.0021895936224609613,10.0,1.0004714727401733,1.0004714727401733,1.0004714727401733,0.009614909067749977,0.00012119999882997945,0.23269633948802948,298000.0,0.0004372430848889053,0.006936297460924834,-0.1561211496591568,0.3133694529533386,-13.19527941942215,86.85942077636719,2.7397983187738006e-11,-1.2105647387294916e-10,2.239773857581895e-05,250.3752899169922,0.9411492347717285,0.9352679252624512,1.8764441013336182,1065.84619140625,0.0
222.53375244140625,0.0,245.0800018310547,149.0,-0.044647686183452606,0.003934720065444708,10.0,1.0012366771697998,1.0012366771697998,1.0012366771697998,0.011136019602417946,0.00011999999696854502,0.23140549659729004,300000.0,-0.0008618070860393345,-0.0012990501709282398,-0.0819087103009224,0.28332898020744324,-0.030040472745895386,86.57233428955078,6.087767789875187e-11,3.347969471101386e-11,2.2215890567167662e-05,252.2565460205078,0.9431838989257812,0.9322671890258789,1.8754725456237793,1066.3980712890625,0.0
222.55584716796875,0.0,245.0800018310547,150.0,-0.04994926601648331,0.021425051614642143,2.0,1.0008107423782349,1.0008107423782349,1.0008107423782349,0.022910207509994507,0.0001188000023830682,0.230181485414505,302000.0,-0.003707315307110548,-0.0028455082210712135,-0.057507067918777466,0.27853935956954956,-0.004789620637893677,87.07434844970703,1.639807734044041e-10,1.0310309550565222e-10,2.1795876818941906e-05,253.3924102783203,0.9407188892364502,0.18972086906433105,1.1304619312286377,1769.1885986328125,0.0
224.84547424316406,0.0,247.5399932861328,151.0,-0.061264246702194214,0.0019233044004067779,10.0,0.9992986917495728,0.9992986917495728,0.9992986917495728,0.007802543230354786,0.00011760000052163377,0.22759458422660828,304000.0,0.002229390200227499,0.005936705507338047,-0.310372531414032,0.27561065554618835,-0.002928704023361206,86.84231567382812,5.051269472144959e-11,-1.134680786829545e-10,1.9138611605740152e-05,255.2686004638672,0.9391882419586182,0.9314014911651611,1.8706116676330566,1069.1693115234375,0.0
224.8814697265625,0.0,247.5399932861328,152.0,-0.08076921105384827,0.007124386727809906,10.0,1.0010981559753418,1.0010981559753418,1.0010981559753418,0.01573127694427967,0.00011639999866019934,0.22319957613945007,306000.0,-0.004829476587474346,-0.007058866787701845,0.5041119456291199,0.27404454350471497,-0.0015661120414733887,87.1408920288086,6.406079139376075e-11,1.354809667231116e-11,1.3192125152272638e-05,257.2176513671875,0.9390926361083984,1.0042109489440918,1.943326711654663,1029.1632080078125,0.0
225.01434326171875,0.0,247.5399932861328,153.0,-0.10419356822967529,0.012630323879420757,10.0,0.9992925524711609,0.9992925524711609,0.9992925524711609,0.018403859809041023,0.00011519999679876491,0.21803510189056396,308000.0,-0.014087346382439137,-0.00925786979496479,-0.05641135573387146,0.2699192464351654,-0.0041252970695495605,86.94144439697266,6.319593459647166e-11,-8.64856797289093e-13,1.0988585017912555e-05,259.10675048828125,0.9394855499267578,0.9440748691558838,1.8835864067077637,1061.8043212890625,0.0
225.18280029296875,0.0,247.5399932861328,154.0,-0.13129636645317078,0.004593894816935062,10.0,0.9998311996459961,0.9998311996459961,0.9998311996459961,0.012144587934017181,0.0001140000022132881,0.21220442652702332,310000.0,-0.0034662846010178328,0.010621061781421304,-0.1887570470571518,0.26777058839797974,-0.002148658037185669,87.05931854248047,6.813423436557997e-11,4.938299769108312e-12,6.378084435709752e-06,261.02642822265625,0.9637429714202881,0.9504382610321045,1.9142086505889893,1044.8184814453125,0.0
225.2997283935547,0.0,247.5399932861328,155.0,-0.15218153595924377,0.009091014973819256,6.0,0.9986496567726135,0.9986496567726135,0.9986496567726135,0.013940551318228245,0.00011280000035185367,0.20781469345092773,312000.0,-0.004910490941256285,-0.001444206340238452,-0.22636286914348602,0.2658418118953705,-0.001928776502609253,87.2131118774414,7.137552354707921e-11,3.2412891814992406e-12,3.0611483907705406e-06,262.53460693359375,0.9409410953521729,0.5617678165435791,1.502730131149292,1330.9111328125,0.0
225.5052947998047,0.0,247.5399932861328,156.0,-0.17323026061058044,0.005818461533635855,10.0,0.9996229410171509,0.9996229410171509,0.9996229410171509,0.018260078504681587,0.00011159999849041924,0.20348899066448212,314000.0,-0.0030172523111104965,0.0018932386301457882,-0.22936981916427612,0.26355767250061035,-0.002284139394760132,87.52313232421875,6.712536082531528e-11,-4.250162721763928e-12,1.6680555745551828e-06,264.4261474609375,0.949131965637207,0.9370567798614502,1.8862152099609375,1060.32470703125,0.0
225.65818786621094,0.0,247.5399932861328,157.0,-0.1976315826177597,0.0033566257916390896,10.0,0.9998229742050171,0.9998229742050171,0.9998229742050171,0.009199346415698528,0.00011039999662898481,0.19858354330062866,316000.0,-0.0071557024493813515,-0.004138450138270855,-0.04334765672683716,0.26206377148628235,-0.001493901014328003,87.73236846923828,5.3950777872957545e-11,-1.3174582952357738e-11,9.055737564267474e-07,266.3002624511719,0.9389493465423584,0.9296426773071289,1.86861252784729,1070.31298828125,0.0
225.7765655517578,0.0,247.5399932861328,158.0,-0.21666820347309113,0.012421171180903912,7.0,1.000443696975708,1.000443696975708,1.000443696975708,0.02161853201687336,0.00010920000204350799,0.19483602046966553,318000.0,-0.015172307379543781,-0.00801660493016243,0.16203469038009644,0.2580903470516205,-0.003973424434661865,87.3917236328125,6.603193686283149e-11,1.2081158989873941e-11,9.237613340928874e-08,267.96917724609375,0.9374656677246094,0.7258548736572266,1.663344144821167,1202.397216796875,0.0
228.1261749267578,0.0,250.0,159.0,-0.23131127655506134,0.014947047457098961,5.0,1.0029047727584839,1.0029047727584839,1.0029047727584839,0.02099570631980896,0.00010800000018207356,0.19200298190116882,320000.0,-0.006349583156406879,0.008822724223136902,0.25054407119750977,0.2562475800514221,-0.0018427670001983643,87.66899871826172,9.272009549032845e-11,2.668815862749696e-11,-1.076626219287391e-07,269.3851623535156,0.9410593509674072,0.4695873260498047,1.4106676578521729,1417.7686767578125,0.0
228.44320678710938,0.0,250.0,160.0,-0.24667668342590332,0.007102029863744974,10.0,0.9991402626037598,0.9991402626037598,0.9991402626037598,0.015501443296670914,0.00010679999832063913,0.18907707929611206,322000.0,-0.0034615180920809507,0.0028880650643259287,-0.11551716923713684,0.2534307837486267,-0.00281679630279541,88.02379608154297,5.206739553398343e-11,-4.065269995634502e-11,5.058528586232569e-06,271.26837158203125,0.9432103633880615,0.9342572689056396,1.877488613128662,1065.2529296875,0.0
226.4232940673828,0.0,247.5399932861328,161.0,-0.2556056082248688,0.011512750759720802,5.0,0.9985176920890808,0.9985176920890808,0.9985176920890808,0.013726595789194107,0.0001055999964592047,0.18739359080791473,324000.0,-0.004897684324532747,-0.0014361662324517965,0.06400157511234283,13.563798904418945,13.310368120670319,87.87559509277344,6.001148189493932e-11,7.944086360955893e-12,5.16823183716042e-06,272.7042541503906,0.9586107730865479,0.4715752601623535,1.4302070140838623,1398.399169921875,0.0
226.63848876953125,0.0,247.5399932861328,162.0,-0.2594403326511383,0.004824723117053509,10.0,1.0003615617752075,1.0003615617752075,1.0003615617752075,0.013517717830836773,0.00010440000187372789,0.1866767704486847,326000.0,0.00039960985304787755,0.005297294177580625,0.12252402305603027,0.2977027893066406,-13.266096115112305,87.71158599853516,7.793416606505232e-11,1.7922684170113e-11,3.1286142530007055e-06,274.58306884765625,0.9411623477935791,0.9318540096282959,1.8730366230010986,1067.784912109375,0.0
226.78492736816406,0.0,247.5399932861328,163.0,-0.2647760510444641,0.013948183506727219,3.0,1.0010446310043335,1.0010446310043335,1.0010446310043335,0.02423297055065632,0.00010320000001229346,0.18568305671215057,328000.0,0.0016377763822674751,0.0012381665292195976,-0.2618582546710968,0.26012328267097473,-0.037579506635665894,87.46865844726562,3.406445958642479e-11,-4.3869706478627535e-11,9.745835086505394e-06,275.8175964355469,0.9468286037445068,0.2823600769042969,1.2292163372039795,1627.053466796875,0.0
226.95054626464844,0.0,247.5399932861328,164.0,-0.26733875274658203,0.02068980038166046,1.0,0.9979717135429382,0.9979717135429382,0.9979717135429382,0.01995224319398403,0.00010199999815085903,0.18520773947238922,330000.0,0.0019955120515078306,0.0003577356692403555,-0.0840548425912857,0.25678497552871704,-0.0033383071422576904,88.04552459716797,1.1438301694699504e-11,-2.2626157891725285e-11,9.902354577207007e-06,276.86614990234375,0.9466121196746826,0.09638071060180664,1.043020248413086,1917.5091552734375,0.0
227.1623992919922,0.0,247.5399932861328,165.0,-0.27707940340042114,0.0021025994792580605,10.0,1.0006892681121826,1.0006892681121826,1.0006892681121826,0.008977110497653484,0.00010080000356538221,0.18341436982154846,332000.0,0.0019402869511395693,-5.522510036826134e-05,-0.04841438680887222,0.25280138850212097,-0.003983587026596069,87.76698303222656,7.812470809165362e-11,6.668640639695411e-11,1.2653415979002602e-05,278.75689697265625,0.9374210834503174,0.9480221271514893,1.8854668140411377,1060.7454833984375,0.0
227.41461181640625,0.0,247.5399932861328,166.0,-0.29655900597572327,0.003423162968829274,10.0,1.0012485980987549,1.0012485980987549,1.0012485980987549,0.009169451892375946,9.960000170394778e-05,0.17987850308418274,334000.0,4.523247298493516e-06,-0.0019357637038410758,0.3353881239891052,0.25122374296188354,-0.0015776455402374268,88.01589965820312,6.140889186045939e-11,-1.6715816231194225e-11,6.89157104716287e-06,280.7083435058594,0.9401843547821045,1.0055737495422363,1.9457790851593018,1027.8662109375,0.0
225.32260131835938,0.0,245.1300048828125,167.0,-0.3084452152252197,0.0045006731525063515,10.0,1.0041954517364502,1.0041954517364502,1.0041954517364502,0.023617878556251526,9.839999984251335e-05,0.17774882912635803,336000.0,-0.00432413537055254,-0.004328658617851033,0.06306235492229462,22.286813735961914,22.03558999300003,88.18113708496094,5.7620418852932787e-11,-3.788473007526605e-12,-5.1193715080444235e-06,282.59832763671875,0.9457077980041504,0.9384973049163818,1.8842287063598633,1061.4423828125,0.0
225.46420288085938,0.0,245.1300048828125,168.0,-0.3100088834762573,0.019886931404471397,3.0,1.0043257474899292,1.0043257474899292,1.0043257474899292,0.01890402100980282,9.719999798107892e-05,0.17747116088867188,338000.0,-0.0031692541670054197,0.00115488120354712,-0.1012907326221466,0.6102527976036072,-21.676560938358307,88.08418273925781,7.226100273705072e-11,1.464058388411793e-11,-1.3378773928707233e-06,283.82440185546875,0.938274621963501,0.28226351737976074,1.2205591201782227,1638.5936279296875,0.0
225.44998168945312,0.0,245.1300048828125,169.0,-0.31441861391067505,0.008033929392695427,10.0,1.0001062154769897,1.0001062154769897,1.0001062154769897,0.01703891158103943,9.600000339560211e-05,0.17669036984443665,340000.0,-0.0022026237566024065,0.0009666304104030132,0.14396362006664276,0.2903105318546295,-0.31994226574897766,87.94346618652344,6.936670682300417e-11,-2.894295914046552e-12,-1.2156772299931617e-06,285.7116394042969,0.9449455738067627,0.9365687370300293,1.8815398216247559,1062.95947265625,0.0
225.52154541015625,0.0,245.1300048828125,170.0,-0.32429903745651245,0.0018996696453541517,10.0,0.9992837905883789,0.9992837905883789,0.9992837905883789,0.008649032562971115,9.480000153416768e-05,0.1749548465013504,342000.0,0.001538661541417241,0.0037412852980196476,0.05524718016386032,0.2543846070766449,-0.03592592477798462,88.20843505859375,7.66489025028072e-11,7.282195679803039e-12,-1.630203882996284e-06,287.59149169921875,0.9423983097076416,0.9315426349639893,1.873967170715332,1067.2548828125,0.0
225.42942810058594,0.0,245.1300048828125,171.0,-0.339748740196228,0.002504065167158842,10.0,0.9999393224716187,0.9999393224716187,0.9999393224716187,0.00827260036021471,9.359999967273325e-05,0.17227256298065186,344000.0,-0.0004534229519777,-0.001992084493394941,-0.023556068539619446,0.2520815134048462,-0.002303093671798706,87.33757781982422,4.606310471944042e-11,-3.0585797783366786e-11,-6.67674214582803e-07,289.5429992675781,0.9412100315093994,1.0046768188476562,1.9459121227264404,1027.7958984375,0.0
225.42752075195312,0.0,245.1300048828125,172.0,-0.354168564081192,0.0018463593441992998,10.0,1.000601053237915,1.000601053237915,1.000601053237915,0.008976535871624947,9.239999781129882e-05,0.16980591416358948,346000.0,-0.0018202097853645682,-0.0013667868333868682,0.0274399071931839,0.2504488527774811,-0.0016326606273651123,87.97477722167969,7.382790212506762e-11,2.7764797405627206e-11,2.4590957536929636e-07,291.4217834472656,0.9415345191955566,0.931537389755249,1.8730928897857666,1067.7529296875,0.0
225.47027587890625,0.0,245.1300048828125,173.0,-0.36389461159706116,0.018189558759331703,3.0,0.9996994137763977,0.9996994137763977,0.9996994137763977,0.021359985694289207,9.1200003225822e-05,0.1681613177061081,348000.0,0.0027637130115181208,0.004583922796882689,0.07600341737270355,0.24964652955532074,-0.0008023232221603394,87.9510726928711,1.0650596377059784e-10,3.267806164553022e-11,3.238585009057715e-07,292.6546325683594,0.9462296962738037,0.28100037574768066,1.2272510528564453,1629.6590576171875,0.0
227.81289672851562,0.0,247.58999633789062,174.0,-0.37333783507347107,0.012312481179833412,9.0,1.00055730342865,1.00055730342865,1.00055730342865,0.017980407923460007,9.000000136438757e-05,0.16658183932304382,350000.0,-0.0045239124447107315,-0.007287625456228852,-0.10567784309387207,0.24974483251571655,9.830296039581299e-05,88.41455841064453,4.559704350204363e-11,-6.090892026855421e-11,-1.3169003977964167e-05,294.4420471191406,0.9405703544616699,0.8415472507476807,1.7821385860443115,1122.247314453125,0.0
225.6884765625,0.0,245.16000366210938,175.0,-0.3784724771976471,0.009283183142542839,5.0,1.001739501953125,1.001739501953125,1.001739501953125,0.013206260278820992,8.879999950295314e-05,0.16572745144367218,352000.0,-0.0021574124693870544,0.002366499975323677,0.0495147779583931,20.14452362060547,19.894778788089752,88.85025024414062,6.761975701596867e-11,2.202271351392504e-11,-1.3239569852885325e-05,295.8623046875,0.943115234375,0.4713115692138672,1.4144480228424072,1413.9793701171875,0.0
225.8425750732422,0.0,245.16000366210938,176.0,-0.37859511375427246,0.013252261094748974,3.0,1.0017551183700562,1.0017551183700562,1.0017551183700562,0.016097649931907654,8.759999764151871e-05,0.16570711135864258,354000.0,-0.0026368265971541405,-0.00047941412776708603,0.15133313834667206,0.41029560565948486,-19.734228014945984,88.16046905517578,7.988901207234278e-11,1.2269255056374107e-11,-9.664981917012483e-06,297.1024169921875,0.9524509906768799,0.2823617458343506,1.2348361015319824,1619.6488037109375,0.0
223.6255645751953,0.0,242.75999450683594,177.0,-0.379898339509964,0.012196896597743034,4.0,0.9997923374176025,0.9997923374176025,0.9997923374176025,0.01471136137843132,8.64000030560419e-05,0.1654912531375885,356000.0,-0.004332692828029394,-0.0016958662308752537,0.05492633953690529,22.939762115478516,22.52946650981903,87.91152954101562,5.461656127359049e-11,-2.527245079875229e-11,-1.910768696689047e-05,298.42218017578125,0.9407024383544922,0.3735620975494385,1.31429123878479,1521.7332763671875,0.0
219.20968627929688,0.0,237.8699951171875,178.0,-0.3798038363456726,0.027236567810177803,2.0,0.9992790222167969,0.9992790222167969,0.9992790222167969,0.021845420822501183,8.520000119460747e-05,0.16550691425800323,358000.0,-0.005982109345495701,-0.0016494165174663067,0.07426681369543076,31.135908126831055,8.196146011352539,87.76097106933594,9.276028556381988e-11,3.8143724290229386e-11,-1.3710035091207828e-05,299.5658874511719,0.9434690475463867,0.1944882869720459,1.1379797458648682,1757.501220703125,0.0
219.27586364746094,0.0,237.80999755859375,179.0,-0.37927258014678955,0.0008101995335891843,10.0,0.9995185136795044,0.9995185136795044,0.9995185136795044,0.005524869076907635,8.399999933317304e-05,0.16559487581253052,360000.0,0.0006514390697702765,0.006633548415265977,0.0476604662835598,10.533430099487305,-20.60247802734375,87.95060729980469,6.277200981230635e-11,-2.9988275751513527e-11,-1.1015468771802261e-05,301.4486083984375,0.9397895336151123,0.937657356262207,1.8774685859680176,1065.264404296875,0.0
217.20468139648438,0.0,235.42999267578125,180.0,-0.3787204921245575,0.009499682113528252,8.0,0.9985587000846863,0.9985587000846863,0.9985587000846863,0.012613496743142605,8.27999974717386e-05,0.16568630933761597,362000.0,-0.0038187161553651094,-0.004470155225135386,0.08129575103521347,24.43937110900879,13.905941009521484,88.167236328125,6.639588878698532e-11,3.6238789746789735e-12,-9.2435693659354e-06,303.21826171875,0.9403538703918457,0.8234522342681885,1.7638273239135742,1133.898193359375,0.0
212.82029724121094,0.0,230.5399932861328,181.0,-0.3815038502216339,0.003968839533627033,10.0,0.9978624582290649,0.9978624582290649,0.9978624582290649,0.014064008370041847,8.160000288626179e-05,0.16522589325904846,364000.0,0.004398437216877937,0.008217153372243047,0.1058332696557045,32.098388671875,7.659017562866211,88.11688995361328,6.781095129859693e-11,1.4150625116116089e-12,-3.0738834766452783e-07,305.1147155761719,0.9437217712402344,0.9471228122711182,1.8908710479736328,1057.7138671875,0.0
212.8372039794922,0.0,230.5399932861328,182.0,-0.3870672285556793,0.0010664397850632668,10.0,0.9996495246887207,0.9996495246887207,0.9996495246887207,0.004958693403750658,8.040000102482736e-05,0.16430947184562683,366000.0,0.003696861444041133,-0.0007015757728368044,-0.14799022674560547,0.59043949842453,-31.50794917345047,87.18953704833984,8.453976407807318e-11,1.6728812779476243e-11,-3.874227445521683e-07,306.9941101074219,0.9407684803009033,0.9333071708679199,1.8741018772125244,1067.1781005859375,0.0
212.95269775390625,0.0,230.5399932861328,183.0,-0.39369630813598633,0.0045784348621964455,10.0,1.0019012689590454,1.0019012689590454,1.0019012689590454,0.01151214074343443,7.919999916339293e-05,0.16322386264801025,368000.0,-0.005237300414592028,-0.00893416185863316,0.025128865614533424,0.36776813864707947,-0.22267135977745056,87.4704818725586,2.975077476041754e-11,-5.4788989317655634e-11,3.121159124930273e-06,308.8832702636719,0.9471111297607422,0.9364664554595947,1.8835983276367188,1061.797607421875,0.0
210.8660888671875,0.0,228.08999633789062,184.0,-0.397146075963974,0.008845682255923748,7.0,0.9996551871299744,0.9996551871299744,0.9996551871299744,0.013417231850326061,7.79999973019585e-05,0.1626613885164261,370000.0,-0.0027815273497253656,0.002455773064866662,0.04118064045906067,17.152921676635742,16.785153537988663,88.36612701416016,1.1668668808972882e-10,8.693591332931128e-11,1.40086322062416e-05,310.4790954589844,0.9380524158477783,0.6525609493255615,1.5906345844268799,1257.3599853515625,0.0
210.8571319580078,0.0,228.08999633789062,185.0,-0.39704248309135437,0.03201664239168167,1.0,1.0068535804748535,1.0068535804748535,1.0068535804748535,0.021506167948246002,7.680000271648169e-05,0.16267825663089752,372000.0,-0.012516293674707413,-0.009734766324982047,-0.14169542491436005,0.7408077716827393,-16.412113904953003,87.66797637939453,1.9577740036774705e-12,-1.1472891408605135e-10,1.4233342881198041e-05,311.5170593261719,0.9364700317382812,0.09608125686645508,1.0325753688812256,1936.905517578125,0.0
210.74542236328125,0.0,228.08999633789062,186.0,-0.39733415842056274,0.0017855206970125437,10.0,1.0000323057174683,1.0000323057174683,1.0000323057174683,0.007155677303671837,7.560000085504726e-05,0.1626308262348175,374000.0,0.0033812387846410275,0.01589753245934844,-0.18856100738048553,0.33913153409957886,-0.4016762375831604,87.59558868408203,7.06512764958589e-11,6.869350249218142e-11,1.0699644008127507e-05,313.46258544921875,0.9391965866088867,1.001033067703247,1.9402556419372559,1030.792236328125,0.0
212.91339111328125,0.0,230.52000427246094,187.0,-0.4014093279838562,0.0026629366911947727,10.0,1.0013291835784912,1.0013291835784912,1.0013291835784912,0.008649419993162155,7.439999899361283e-05,0.1619698703289032,376000.0,0.0019269328331574798,-0.0014543059514835477,0.19933661818504333,0.27218812704086304,-0.06694340705871582,88.03522491455078,4.19436638199322e-11,-2.8707612675926697e-11,1.5743064068374224e-05,315.334228515625,0.9368624687194824,0.9292914867401123,1.8661742210388184,1071.71142578125,0.0
212.8583984375,0.0,230.52000427246094,188.0,-0.40662291646003723,0.023850740864872932,2.0,1.0008971691131592,1.0008971691131592,1.0008971691131592,0.02609262615442276,7.31999971321784e-05,0.16112717986106873,378000.0,-0.008702189661562443,-0.010629122494719923,0.21603935956954956,0.27680933475494385,0.0046212077140808105,88.42774200439453,2.82270234963633e-10,2.403265711437008e-10,6.109147761890199e-06,316.46783447265625,0.9391777515411377,0.189011812210083,1.1282107830047607,1772.7191162109375,0.0
212.81077575683594,0.0,230.52000427246094,189.0,-0.40805673599243164,0.01695256680250168,4.0,0.9963797330856323,0.9963797330856323,0.9963797330856323,0.023343829438090324,7.200000254670158e-05,0.16089631617069244,380000.0,-0.005095783155411482,0.003606406506150961,-0.20919324457645416,0.2754921317100525,-0.0013172030448913574,87.8795394897461,9.056467598425599e-13,-2.8136458820379046e-10,5.132926617079647e-06,317.7863464355469,0.9390335083007812,0.37403273582458496,1.3130919933319092,1523.123046875,0.0
217.23333740234375,0.0,235.3699951171875,190.0,-0.4114258885383606,0.002178254071623087,10.0,1.0010168552398682,1.0010168552398682,1.0010168552398682,0.009275073185563087,7.080000068526715e-05,0.1603553146123886,382000.0,0.0005122830043546855,0.005608066159766167,0.015161454677581787,0.27221792936325073,-0.003274202346801758,88.21781158447266,5.629168658982664e-11,5.538603982998408e-11,4.792563686351059e-06,319.67132568359375,0.9372456073760986,0.9424397945404053,1.879711389541626,1063.9932861328125,0.0
219.34193420410156,0.0,237.80999755859375,191.0,-0.4179268777370453,0.005111386068165302,10.0,1.0009568929672241,1.0009568929672241,1.0009568929672241,0.011777667328715324,6.959999882383272e-05,0.15931646525859833,384000.0,-0.001986786024644971,-0.0024990690289996564,-0.3836575448513031,0.26307618618011475,-0.009141743183135986,87.82865142822266,1.4018028404727545e-10,8.388859745744881e-11,-1.9825147319352254e-05,321.55535888671875,0.9417197704315186,0.9369423389434814,1.878683090209961,1064.5758056640625,0.0
223.66668701171875,0.0,242.66000366210938,192.0,-0.4227171838283539,0.009508642368018627,7.0,1.0003472566604614,1.0003472566604614,1.0003472566604614,0.017215780913829803,6.839999696239829e-05,0.15855468809604645,386000.0,-0.005834502167999744,-0.0038477161433547735,-0.3190160393714905,0.25961604714393616,-0.003460139036178589,87.50396728515625,2.5900562077019185e-12,-1.3759022783957353e-10,-1.682433685346041e-05,323.1546630859375,0.9382772445678711,0.6556274890899658,1.5939252376556396,1254.7645263671875,0.0
225.74639892578125,0.0,245.11000061035156,193.0,-0.42991819977760315,0.0014857584610581398,10.0,0.9999478459358215,0.9999478459358215,0.9999478459358215,0.0077466657385230064,6.720000237692147e-05,0.15741810202598572,388000.0,-0.0006098372978158295,0.005224664870183915,-0.13057713210582733,0.25944820046424866,-0.0001678466796875,87.29225158691406,5.903967592590931e-11,5.644961971820739e-11,-1.587846600159537e-05,325.1144104003906,0.9434854984283447,1.0109097957611084,1.954421043395996,1023.3212280273438,0.0
227.9049835205078,0.0,247.5500030517578,194.0,-0.4410570561885834,0.002345513552427292,10.0,1.0001721382141113,1.0001721382141113,1.0001721382141113,0.008508243598043919,6.600000051548705e-05,0.155674010515213,390000.0,-0.000914831820409745,-0.00030499452259391546,0.09776003658771515,0.2579134404659271,-0.0015347599983215332,87.67889404296875,7.118077655077215e-11,1.2141100624862844e-11,-2.3681834136368707e-05,326.99578857421875,0.9429855346679688,0.9326777458190918,1.8756844997406006,1066.2777099609375,0.0
227.86126708984375,0.0,247.5500030517578,195.0,-0.45152920484542847,0.004210374318063259,10.0,1.000565767288208,1.000565767288208,1.000565767288208,0.011097563430666924,6.479999865405262e-05,0.15405228734016418,392000.0,0.0008039688691496849,0.0017188006895594299,-0.1496351808309555,0.2546662390232086,-0.003247201442718506,87.8857192993164,6.422755383095335e-11,-6.953222719818797e-12,-3.181751162628643e-05,328.8994140625,0.9590840339660645,0.939154863357544,1.8982648849487305,1053.593994140625,0.0
227.79412841796875,0.0,247.5500030517578,196.0,-0.45741578936576843,0.020296692848205566,2.0,1.0029339790344238,1.0029339790344238,1.0029339790344238,0.03002740442752838,6.359999679261819e-05,0.15314744412899017,394000.0,0.001160833053290844,0.00035686418414115906,-0.6429010629653931,0.25397318601608276,-0.0006930530071258545,87.6594467163086,1.1228516727523896e-10,4.805761344428561e-11,-2.752505497483071e-05,330.071533203125,0.9545352458953857,0.21192479133605957,1.166487455368042,1714.5501708984375,0.0
229.9695281982422,0.0,250.0,197.0,-0.46418723464012146,0.0019093283917754889,10.0,1.0020287036895752,1.0020287036895752,1.0020287036895752,0.00898987241089344,6.240000220714137e-05,0.1521148383617401,396000.0,-0.0014213569229468703,-0.0025821899762377143,0.36153870820999146,0.25107330083847046,-0.0028998851776123047,87.10784912109375,5.672212005647381e-11,-5.556304721876515e-11,-1.9458504539215937e-05,331.9684753417969,0.9524664878845215,0.9387397766113281,1.8912265300750732,1057.514892578125,0.0
230.03733825683594,0.0,250.0,198.0,-0.4748380780220032,0.008928706869482994,10.0,1.0032603740692139,1.0032603740692139,1.0032603740692139,0.019323840737342834,6.120000034570694e-05,0.15050294995307922,398000.0,-0.008479115553200245,-0.007057758630253375,0.0718284547328949,0.24882416427135468,-0.0022491365671157837,87.32274627685547,6.91607673908301e-11,1.243864733435629e-11,-1.5386238374048844e-05,333.84552001953125,0.9385831356048584,0.9323346614837646,1.8709399700164795,1068.981689453125,0.0
230.00701904296875,0.0,250.0,199.0,-0.4834347665309906,0.003241939004510641,10.0,1.0005830526351929,1.0005830526351929,1.0005830526351929,0.01017080806195736,5.999999848427251e-05,0.14921441674232483,400000.0,-0.0006294932099990547,0.00784962234320119,-0.16626158356666565,0.24932685494422913,0.0005026906728744507,87.34534454345703,5.6104960954872496e-11,-1.3055806435957606e-11,-1.1377432201697957e-05,335.794189453125,0.9405429363250732,1.0024070739746094,1.942976474761963,1029.3487548828125,0.0
230.11119079589844,0.0,250.0,200.0,-0.4896908700466156,0.00522034615278244,10.0,1.0014097690582275,1.0014097690582275,1.0014097690582275,0.012080884538590908,5.880000026081689e-05,0.14828363060951233,402000.0,0.0011721852933987975,0.0018016785033978522,-0.2660302221775055,0.24948975443840027,0.00016289949417114258,87.90995025634766,8.026133924143863e-11,2.4156378286566138e-11,1.5281876812878181e-06,337.6695861816406,0.9360013008117676,0.9333648681640625,1.8693878650665283,1069.8690185546875,0.0
230.1019287109375,0.0,250.0,201.0,-0.4984392523765564,0.009712071157991886,10.0,0.9998544454574585,0.9998544454574585,0.9998544454574585,0.014613666571676731,5.759999839938246e-05,0.14699296653270721,404000.0,-0.008857055567204952,-0.01002924086060375,0.2833879292011261,0.2452867478132248,-0.004203006625175476,87.43083190917969,5.83674844567561e-11,-2.189385478468253e-11,1.2830133755414863e-06,339.54730224609375,0.9377295970916748,0.9343290328979492,1.872079849243164,1068.330810546875,0.0
230.10818481445312,0.0,250.0,202.0,-0.5109625458717346,0.0011959710391238332,10.0,0.9994634389877319,0.9994634389877319,0.9994634389877319,0.00577121414244175,5.6400000175926834e-05,0.14516344666481018,406000.0,0.0004590224416460842,0.009316078008851036,-0.13856114447116852,0.24388821423053741,-0.001398533582687378,87.10652160644531,8.884524366203905e-11,3.047775920528295e-11,-2.791161932691466e-07,341.4314880371094,0.9413602352142334,0.9370181560516357,1.87839937210083,1064.736572265625,0.0
230.2106475830078,0.0,250.0,203.0,-0.5211400389671326,0.004684383515268564,10.0,0.9987192153930664,0.9987192153930664,0.9987192153930664,0.012969830073416233,5.5199998314492404e-05,0.1436930149793625,408000.0,-0.0006703978287987411,-0.0011294202704448253,-0.2893287241458893,0.24257227778434753,-0.0013159364461898804,87.56341552734375,6.879720404473488e-11,-2.004803961730417e-11,-1.6150569308592821e-06,343.313720703125,0.9398758411407471,0.9368574619293213,1.8767573833465576,1065.6680908203125,0.0
230.24444580078125,0.0,250.0,204.0,-0.5302335023880005,0.005070114508271217,10.0,0.9996245503425598,0.9996245503425598,0.9996245503425598,0.014616009779274464,5.400000009103678e-05,0.14239278435707092,410000.0,-0.0036062586586922407,-0.0029358608298934996,-0.06741680949926376,0.23889222741127014,-0.0036800503730773926,87.21383666992188,5.174238815186527e-11,-1.7054815892869613e-11,-1.0757323252619244e-05,345.2647705078125,0.9404103755950928,1.0051915645599365,1.945622205734253,1027.948974609375,0.0
230.3708038330078,0.0,250.0,205.0,-0.5394505262374878,0.0018033653032034636,10.0,1.0015170574188232,1.0015170574188232,1.0015170574188232,0.007535876706242561,5.279999822960235e-05,0.14108574390411377,412000.0,0.00109264743514359,0.004698906093835831,-0.2889139652252197,0.23684997856616974,-0.002042248845100403,87.46640014648438,5.531154007032413e-11,3.569151918458857e-12,-9.090743333217688e-06,347.1451110839844,0.9396121501922607,0.9353368282318115,1.874969482421875,1066.6842041015625,0.0
230.4990997314453,0.0,250.0,206.0,-0.5442832112312317,0.015817923471331596,4.0,1.003019094467163,1.003019094467163,1.003019094467163,0.031208211556077003,5.160000000614673e-05,0.14040543138980865,414000.0,-0.0018479544669389725,-0.0029406019020825624,-0.11625085771083832,0.23481853306293488,-0.0020314455032348633,87.481201171875,9.203969530968692e-11,3.672815523936279e-11,-7.863788596296217e-06,348.4744567871094,0.9435410499572754,0.3799722194671631,1.3235392570495605,1511.1004638671875,0.0
230.57945251464844,0.0,250.0,207.0,-0.5469633340835571,0.032323192805051804,1.0,1.0052618980407715,1.0052618980407715,1.0052618980407715,0.03335924819111824,5.0400001782691106e-05,0.14002956449985504,416000.0,-0.0066836499609053135,-0.004835695493966341,-0.28752827644348145,0.23313385248184204,-0.0016846805810928345,87.16996002197266,8.767369968042116e-13,-9.116295831288271e-11,-8.01438818598399e-06,349.51043701171875,0.9336063861846924,0.09665846824645996,1.0302863121032715,1941.2088623046875,0.0
230.59136962890625,0.0,250.0,208.0,-0.5483677983283997,0.024090440943837166,3.0,1.0019237995147705,1.0019237995147705,1.0019237995147705,0.026030920445919037,4.9199999921256676e-05,0.13983303308486938,418000.0,-0.006452979054301977,0.00023067090660333633,-0.2091912031173706,0.23300468921661377,-0.00012916326522827148,87.32014465332031,4.578029622059887e-11,4.490355922379466e-11,-6.306354862317676e-06,350.7322082519531,0.9337615966796875,0.2826380729675293,1.2164199352264404,1644.1693115234375,0.0
230.64418029785156,0.0,250.0,209.0,-0.5543096661567688,0.0010633247438818216,10.0,1.0000652074813843,1.0000652074813843,1.0000652074813843,0.006328826770186424,4.8000001697801054e-05,0.13900521397590637,420000.0,-0.002477454487234354,0.003975524567067623,0.05646905303001404,0.2312883883714676,-0.0017163008451461792,86.989501953125,5.7424391630700455e-11,1.1644095410101585e-11,-1.1153341802128125e-05,352.60693359375,0.9355423450469971,0.9337897300720215,1.8693525791168213,1069.8892822265625,0.0
228.46800231933594,0.0,247.57000732421875,210.0,-0.5594134330749512,0.01374890934675932,4.0,0.9946210384368896,0.9946210384368896,0.9946210384368896,0.013870513997972012,4.6799999836366624e-05,0.138296976685524,422000.0,-0.005463918671011925,-0.0029864641837775707,0.05727195739746094,19.97743034362793,19.746141955256462,87.57353210449219,7.399762053106329e-11,1.6573228900362835e-11,-9.349992978968658e-06,353.92608642578125,0.9387223720550537,0.3751678466796875,1.3139123916625977,1522.1717529296875,0.0
228.5356903076172,0.0,247.57000732421875,211.0,-0.5592380166053772,0.012456342577934265,3.0,1.0004075765609741,1.0004075765609741,1.0004075765609741,0.017946388572454453,4.5600001612911e-05,0.13832122087478638,424000.0,-0.005838119890540838,-0.0003742012195289135,0.22667740285396576,0.3518179953098297,-19.6256123483181,87.15643310546875,5.566417118907374e-11,-1.833344934198955e-11,-6.49555295240134e-06,355.146728515625,0.9353983402252197,0.27961254119873047,1.2150311470031738,1646.0487060546875,0.0
228.69393920898438,0.0,247.57000732421875,212.0,-0.5593160390853882,0.009566301479935646,10.0,0.9992429614067078,0.9992429614067078,0.9992429614067078,0.019512224942445755,4.439999975147657e-05,0.13831046223640442,426000.0,-0.002032491145655513,0.0038056287448853254,0.22584663331508636,0.2605550289154053,-0.09126296639442444,87.643310546875,7.514010247344771e-11,1.947593128437397e-11,-4.65874563815305e-06,357.08953857421875,0.9355013370513916,1.0017342567443848,1.9372568130493164,1032.3878173828125,0.0
226.48397827148438,0.0,245.1300048828125,213.0,-0.5608521103858948,0.01370682381093502,4.0,1.0098870992660522,1.0098870992660522,1.0098870992660522,0.05142206698656082,4.320000152802095e-05,0.13809815049171448,428000.0,-0.005945403128862381,-0.003912911983206868,0.0477149561047554,18.015777587890625,17.75522255897522,87.86183166503906,5.6605893583583367e-11,-1.8534208889864345e-11,-2.5071708478208166e-06,358.4028625488281,0.9319970607757568,0.3756861686706543,1.307703971862793,1529.3984375,0.0
226.54513549804688,0.0,245.1300048828125,214.0,-0.563071608543396,0.0008890560129657388,10.0,0.9996730089187622,0.9996730089187622,0.9996730089187622,0.0056387330405414104,4.199999966658652e-05,0.13779208064079285,430000.0,-0.0010395938297733665,0.0049058092990890145,-0.08441537618637085,0.32049593329429626,-17.69528165459633,87.41648864746094,5.659023943893615e-11,-1.5654144647214707e-14,-2.674696872873028e-07,360.27606201171875,0.9363298416137695,0.9314782619476318,1.8678293228149414,1070.761962890625,0.0
226.61505126953125,0.0,245.1300048828125,215.0,-0.5665468573570251,0.008128677494823933,9.0,1.0021960735321045,1.0021960735321045,1.0021960735321045,0.016071876510977745,4.0800001443130895e-05,0.13731399178504944,432000.0,-0.0017533134669065475,-0.0007137196371331811,0.6719768643379211,0.24230793118476868,-0.07818800210952759,87.69731903076172,9.288914082361543e-11,3.629890138467928e-11,-3.4911988677777117e-07,362.0638732910156,0.9425625801086426,0.8393738269805908,1.7819573879241943,1122.3614501953125,0.0
226.6661376953125,0.0,245.1300048828125,216.0,-0.5696965456008911,0.0035208433400839567,10.0,1.0004174709320068,1.0004174709320068,1.0004174709320068,0.011406689882278442,3.9599999581696466e-05,0.13688220083713531,434000.0,-0.0006527107325382531,0.0011006027343682945,0.26887884736061096,0.2365327775478363,-0.005775153636932373,87.64256286621094,4.257769137261391e-11,-5.031144945100152e-11,2.810430146382714e-07,363.9374694824219,0.9363346099853516,0.9313695430755615,1.867729663848877,1070.819091796875,0.0
219.94969177246094,0.0,237.86000061035156,217.0,-0.5717532634735107,0.0018068694043904543,10.0,1.0005409717559814,1.0005409717559814,1.0005409717559814,0.008465765975415707,3.840000135824084e-05,0.13660089671611786,436000.0,0.0025419218000024557,0.0031946325325407088,-0.598865807056427,55.75114822387695,55.51461544632912,87.4626235961914,8.346091179278758e-11,4.088322042017367e-11,1.4523976687996765e-07,365.80889892578125,0.935530424118042,0.9304749965667725,1.8660261631011963,1071.7965087890625,0.0
219.92250061035156,0.0,237.86000061035156,218.0,-0.5722552537918091,0.010261974297463894,9.0,1.0012688636779785,1.0012688636779785,1.0012688636779785,0.018157673999667168,3.719999949680641e-05,0.13653235137462616,438000.0,-0.002351282397285104,-0.0048932041972875595,0.09324419498443604,1.4866217374801636,-54.26452648639679,86.06855010986328,4.9141912761285766e-11,-3.431899903150182e-11,8.735612937016413e-06,367.6637268066406,0.9353883266448975,0.9134557247161865,1.8488659858703613,1081.7442626953125,0.0
217.6716766357422,0.0,235.47999572753906,219.0,-0.572486937046051,0.009540271013975143,8.0,0.996136486530304,0.996136486530304,0.996136486530304,0.01310303620994091,3.600000127335079e-05,0.13650070130825043,440000.0,-0.002209192607551813,0.00014208978973329067,-0.6290278434753418,25.422462463378906,23.935840725898743,86.76893615722656,6.342286418270504e-11,1.4280951421419275e-11,9.613991096557584e-06,369.353759765625,0.9372873306274414,0.7471268177032471,1.6844396591186523,1187.3387451171875,0.0
217.70526123046875,0.0,235.47999572753906,220.0,-0.5732390284538269,0.005827935878187418,10.0,1.0031166076660156,1.0031166076660156,1.0031166076660156,0.014290083199739456,3.479999941191636e-05,0.1363981068134308,442000.0,-0.0018121572211384773,0.0003970353864133358,-0.13629597425460815,0.569977879524231,-24.852484583854675,86.68115997314453,9.191153393928175e-11,2.8488669756576712e-11,4.524147698248271e-06,371.22869873046875,0.938565731048584,0.930924654006958,1.8695111274719238,1069.7987060546875,0.0
217.85972595214844,0.0,235.47999572753906,221.0,-0.575077474117279,0.0006500296876765788,10.0,1.0009691715240479,1.0009691715240479,1.0009691715240479,0.005420135799795389,3.360000118846074e-05,0.13614758849143982,444000.0,-0.0010370168602094054,0.0007751403609290719,-0.18143793940544128,0.32224878668785095,-0.24772909283638,87.62141418457031,1.0311433651377655e-10,1.1202802574494797e-11,-2.3312655685003847e-05,373.1021423339844,0.9368274211883545,0.9304015636444092,1.867255449295044,1071.0909423828125,0.0
220.0812530517578,0.0,237.91000366210938,222.0,-0.5767038464546204,0.002647676272317767,10.0,1.0021731853485107,1.0021731853485107,1.0021731853485107,0.009643636643886566,3.239999932702631e-05,0.13592632114887238,446000.0,0.00020460691303014755,0.001241623773239553,-0.23843489587306976,0.25323420763015747,-0.06901457905769348,87.21621704101562,2.5184682464485242e-11,-7.792965404929131e-11,-2.006320391956251e-05,374.9855041503906,0.9356553554534912,0.9420993328094482,1.8777744770050049,1065.0908203125,0.0
217.80831909179688,0.0,235.5,223.0,-0.5780616998672485,0.0007110668229870498,10.0,1.0000684261322021,1.0000684261322021,1.0000684261322021,0.004543418530374765,3.1200001103570685e-05,0.13574187457561493,448000.0,-0.0013421096373349428,-0.0015467165503650904,0.06603653728961945,21.615676879882812,21.362442672252655,87.26112365722656,7.130022960932791e-11,4.611554714484267e-11,-1.1549565897439606e-05,376.8605041503906,0.9348061084747314,0.9347188472747803,1.8695547580718994,1069.773681640625,0.0
217.75460815429688,0.0,235.5,224.0,-0.5787966251373291,0.015366877429187298,3.0,1.0073572397232056,1.0073572397232056,1.0073572397232056,0.02911388874053955,2.9999999242136255e-05,0.1356421560049057,450000.0,-0.015003123320639133,-0.01366101368330419,-0.22615307569503784,0.8635501861572266,-20.752126693725586,87.31451416015625,2.859163183988045e-10,2.1461608878947658e-10,4.688780791184399e-06,378.15277099609375,0.9349451065063477,0.3515903949737549,1.2865626811981201,1554.530029296875,0.0
217.65615844726562,0.0,235.5,225.0,-0.5793765187263489,0.008038034662604332,10.0,1.0019590854644775,1.0019590854644775,1.0019590854644775,0.016801077872514725,2.879999919969123e-05,0.13556353747844696,452000.0,-0.010118480771780014,0.004884642548859119,-0.15308207273483276,0.3001534342765808,-0.5633967518806458,87.12236022949219,1.85757763337957e-11,-2.673405420650088e-10,3.817255219473736e-06,380.03009033203125,0.9385240077972412,0.9330739974975586,1.8716180324554443,1068.59423828125,0.0
219.91546630859375,0.0,237.94000244140625,226.0,-0.5816752314567566,0.004344597924500704,10.0,1.004866361618042,1.004866361618042,1.004866361618042,0.017909696325659752,2.7599999157246202e-05,0.13525228202342987,454000.0,-0.006640434265136719,0.0034780465066432953,-0.13803446292877197,0.2546840310096741,-0.04546940326690674,87.88982391357422,5.67839837650741e-11,3.8208207431278396e-11,-1.8656264728633687e-06,381.9034729003906,0.9375512599945068,0.9303252696990967,1.8678960800170898,1070.7236328125,0.0
219.9203338623047,0.0,237.94000244140625,227.0,-0.5851299166679382,0.0004981872043572366,10.0,0.9995546340942383,0.9995546340942383,0.9995546340942383,0.004432829562574625,2.6399999114801176e-05,0.13478590548038483,456000.0,0.0020073584746569395,0.008647792739793658,0.0687156468629837,0.24328963458538055,-0.011394396424293518,87.62247467041016,6.447207351323314e-11,7.688089748159044e-12,-1.643534687900683e-06,383.7926330566406,0.9344756603240967,0.9492981433868408,1.8837940692901611,1061.6875,0.0
219.8838348388672,0.0,237.94000244140625,228.0,-0.5903714299201965,0.0017629606882110238,10.0,1.0004851818084717,1.0004851818084717,1.0004851818084717,0.00813855417072773,2.5200000891345553e-05,0.1340813934803009,458000.0,0.0008539769914932549,-0.0011533814831636846,0.16607186198234558,0.23980990052223206,-0.0034797340631484985,86.81952667236328,7.636479643080563e-11,1.1892722917572485e-11,-1.9663643797684927e-06,385.67523193359375,0.9414317607879639,0.9355664253234863,1.8770194053649902,1065.51953125,0.0
226.60597229003906,0.0,245.2100067138672,229.0,-0.5945408940315247,0.000706594786606729,10.0,0.9998796582221985,0.9998796582221985,0.9998796582221985,0.0049570780247449875,2.4000000848900527e-05,0.13352333009243011,460000.0,-0.0009565820218995214,-0.0018105590133927763,-0.18613480031490326,0.24256286025047302,0.002752959728240967,87.45001983642578,5.466946340071388e-11,-2.1695333030091746e-11,-5.037764367443742e-06,387.62359619140625,0.9384346008300781,1.004530429840088,1.9429874420166016,1029.3428955078125,0.0
226.5915069580078,0.0,245.2100067138672,230.0,-0.5969383716583252,0.0005565942265093327,10.0,0.999799370765686,0.999799370765686,0.999799370765686,0.004085418302565813,2.28000008064555e-05,0.13320359587669373,462000.0,-0.0019505403470247984,-0.000993958325125277,-0.23576891422271729,0.24097411334514618,-0.0015887469053268433,87.02273559570312,7.05523764410465e-11,1.5882913040332625e-11,-1.4115811609372031e-05,389.51165771484375,0.9398515224456787,0.9424247741699219,1.8823022842407227,1062.52880859375,0.0
226.5692901611328,0.0,245.17999267578125,231.0,-0.5981292128562927,0.010156713426113129,6.0,1.0000157356262207,1.0000157356262207,1.0000157356262207,0.012765142135322094,2.1600000764010474e-05,0.1330450028181076,464000.0,-0.009258420206606388,-0.00730787985958159,0.06460883468389511,21.609670639038086,21.36869652569294,87.09003448486328,2.8245619732025773e-10,2.1190382087921122e-10,-4.336096390034072e-05,391.0192565917969,0.9399569034576416,0.561917781829834,1.5018951892852783,1331.6510009765625,0.0
224.28102111816406,0.0,242.74000549316406,232.0,-0.5978996157646179,0.00048009236343204975,10.0,0.9996458888053894,0.9996458888053894,0.9996458888053894,0.0033623541239649057,2.0400000721565448e-05,0.13307558000087738,466000.0,-6.893966201459989e-05,0.009189480544591788,-0.003066000062972307,17.314868927001953,-4.294801712036133,86.96746826171875,1.2006713331902397e-11,-2.7044948398835533e-10,-3.554967406671494e-05,392.9325256347656,0.9772598743438721,0.9301102161407471,1.9073975086212158,1048.5494384765625,0.0
224.2521514892578,0.0,242.74000549316406,233.0,-0.5991712808609009,0.0025137444026768208,10.0,1.001434087753296,1.001434087753296,1.001434087753296,0.006874777842313051,1.920000067912042e-05,0.13290651142597198,468000.0,-0.0027588047087192535,-0.0026898650467046537,0.06487630307674408,0.4227693974971771,-16.892099529504776,87.29075622558594,3.168102238881865e-11,1.967430905691625e-11,-3.0395449357456528e-05,394.8028869628906,0.932154655456543,0.9326996803283691,1.864875316619873,1072.4578857421875,0.0
224.19061279296875,0.0,242.74000549316406,234.0,-0.6019874215126038,0.010830320417881012,10.0,1.003136396408081,1.003136396408081,1.003136396408081,0.023316096514463425,1.8000000636675395e-05,0.1325327455997467,470000.0,-0.009448962286114693,-0.006690157577395439,0.2630644142627716,0.27403292059898376,-0.14873647689819336,87.11573028564453,6.61608962060356e-11,3.4479873817216955e-11,-2.7159350793226622e-05,396.7041931152344,0.9329590797424316,0.9630162715911865,1.8959970474243164,1054.8541259765625,0.0
224.07757568359375,0.0,242.74000549316406,235.0,-0.6036210656166077,0.0017664985498413444,10.0,1.0008307695388794,1.0008307695388794,1.0008307695388794,0.007739591412246227,1.680000059423037e-05,0.13231636583805084,472000.0,-0.0025272550992667675,0.006921707186847925,0.13252386450767517,0.25562772154808044,-0.01840519905090332,86.8652114868164,6.882382164175027e-11,2.6629254357146692e-12,-2.3132513888413087e-05,398.66961669921875,0.9574899673461914,1.00235915184021,1.9598755836486816,1020.4732055664062,0.0
226.2986297607422,0.0,245.14999389648438,236.0,-0.6041520237922668,0.00039744694367982447,10.0,0.9993351697921753,0.9993351697921753,0.9993351697921753,0.003800362115725875,1.5600000551785342e-05,0.13224612176418304,474000.0,0.0006703173858113587,0.003197572485078126,0.17009036242961884,0.2482576072216034,-0.007370114326477051,87.0541000366211,1.8237181209634912e-10,1.1354799045459885e-10,8.68449751578737e-06,400.54339599609375,0.9374547004699707,0.9309980869293213,1.8684735298156738,1070.392578125,0.0
226.32110595703125,0.0,245.14999389648438,237.0,-0.6057732701301575,0.0005374919855967164,10.0,1.0000499486923218,1.0000499486923218,1.0000499486923218,0.004399987403303385,1.4399999599845614e-05,0.13203191757202148,476000.0,0.0014601625734940171,0.0007898451876826584,-0.08742919564247131,0.24640408158302307,-0.0018535256385803223,87.20506286621094,3.306201612398446e-13,-1.8204119193510927e-10,7.403551535389852e-06,402.41888427734375,0.937098503112793,0.9326980113983154,1.869816780090332,1069.623779296875,0.0
224.01890563964844,0.0,242.72999572753906,238.0,-0.6070063710212708,0.001939851208589971,10.0,1.0005934238433838,1.0005934238433838,1.0005934238433838,0.007361912168562412,1.3199999557400588e-05,0.13186916708946228,478000.0,-0.002940906910225749,-0.004401069483719766,0.059543706476688385,20.77499008178711,20.528586000204086,87.21359252929688,5.5678649191204244e-11,5.53480290299644e-11,5.101660462969448e-06,404.3123779296875,0.9489486217498779,0.9391109943389893,1.8880810737609863,1059.27685546875,0.0
223.92723083496094,0.0,242.72999572753906,239.0,-0.6074821352958679,0.0007150542223826051,10.0,1.0000673532485962,1.0000673532485962,1.0000673532485962,0.004661886487156153,1.2000000424450263e-05,0.13180646300315857,480000.0,0.000711127941031009,0.003652034851256758,-0.06879448145627975,0.4365518093109131,-20.338438272476196,86.7082748413086,5.864243812769843e-11,2.9637889364941827e-12,3.987315722042695e-06,406.1864929199219,0.9374897480010986,0.9308454990386963,1.8683619499206543,1070.4566650390625,0.0
223.94252014160156,0.0,242.72999572753906,240.0,-0.6082972288131714,0.0020466737914830446,10.0,1.0006630420684814,1.0006630420684814,1.0006630420684814,0.00664379820227623,1.0800000382005237e-05,0.1316990852355957,482000.0,-0.0013070706045255065,-0.0020181985455565155,-0.19662967324256897,0.26808249950408936,-0.16846930980682373,86.59332275390625,8.351613151047488e-11,2.4873693382776452e-11,-3.5079499411949655e-06,408.1242370605469,0.9338226318359375,0.9986233711242676,1.9324665069580078,1034.9468994140625,0.0
223.9460906982422,0.0,242.72999572753906,241.0,-0.6095563173294067,0.0007124210824258626,10.0,0.9997156262397766,0.9997156262397766,0.9997156262397766,0.005022604018449783,9.60000033956021e-06,0.13153335452079773,484000.0,-0.002270414959639311,-0.0009633443551138043,-0.07325153052806854,0.2481364905834198,-0.019946008920669556,87.27721405029297,7.680715785607362e-11,-6.708973654401262e-12,1.3463961749948794e-06,409.9995422363281,0.9374775886535645,0.9319627285003662,1.8694605827331543,1069.8275146484375,0.0
223.98805236816406,0.0,242.72999572753906,242.0,-0.6103336215019226,0.0075999777764081955,9.0,1.0008283853530884,1.0008283853530884,1.0008283853530884,0.024837961420416832,8.400000297115184e-06,0.13143116235733032,486000.0,-0.01093989983201027,-0.008669484872370958,0.06720103323459625,0.24668526649475098,-0.0014512240886688232,87.21517944335938,4.375675516365973e-11,-3.305040269241388e-11,6.960411610634765e-06,411.7810363769531,0.9378037452697754,0.8379554748535156,1.775780200958252,1126.265625,0.0
226.17515563964844,0.0,245.13999938964844,243.0,-0.6111037731170654,0.0022607706487178802,10.0,1.000693678855896,1.000693678855896,1.000693678855896,0.007853926159441471,7.199999799922807e-06,0.1313299834728241,488000.0,-0.004594831727445126,0.006345068104565144,0.579556405544281,0.24540328979492188,-0.0012819766998291016,86.56739807128906,6.102519878314894e-11,1.7268443619489204e-11,4.664458629122237e-06,413.65130615234375,0.9352831840515137,0.9293389320373535,1.8646438121795654,1072.591064453125,0.0
226.19171142578125,0.0,245.13999938964844,244.0,-0.6120076179504395,0.0005480715190060437,10.0,0.9996896982192993,0.9996896982192993,0.9996896982192993,0.004197802394628525,6.000000212225132e-06,0.1312113106250763,490000.0,-0.001097127445973456,0.0034977042814716697,-0.08180777728557587,0.24300436675548553,-0.0023989230394363403,86.59525299072266,7.590259670786637e-11,1.4877397924717428e-11,2.8854624360974412e-06,415.52154541015625,0.9366509914398193,0.9280490875244141,1.864722490310669,1072.5458984375,0.0
228.36497497558594,0.0,247.5800018310547,245.0,-0.6127395629882812,0.000997872673906386,10.0,1.0000969171524048,1.0000969171524048,1.0000969171524048,0.005400503054261208,4.800000169780105e-06,0.13111530244350433,492000.0,-0.002415147377178073,-0.001318019931204617,0.4424014687538147,0.2409381866455078,-0.002066180109977722,86.61497497558594,5.250244683452365e-11,-2.3400149873342713e-11,-7.972501407493837e-06,417.4598388671875,0.9341204166412354,0.9987306594848633,1.9328722953796387,1034.729736328125,0.0
228.4294891357422,0.0,247.5800018310547,246.0,-0.6134708523750305,0.001274373847991228,10.0,0.9986580610275269,0.9986580610275269,0.9986580610275269,0.0061386567540466785,3.5999998999614036e-06,0.1310194730758667,494000.0,-0.0028088651597499847,-0.0003937177825719118,0.1298668086528778,0.23899300396442413,-0.0019451826810836792,87.46784210205078,8.123574035678871e-11,2.8733293522265058e-11,-6.544850634782051e-07,419.3288269042969,0.9327023029327393,0.9306526184082031,1.8633804321289062,1073.318359375,0.0
228.44912719726562,0.0,247.5800018310547,247.0,-0.6138859391212463,0.0001057386543834582,10.0,1.0000724792480469,1.0000724792480469,1.0000724792480469,0.0018064266769215465,2.4000000848900527e-06,0.13096508383750916,496000.0,0.0011228552320972085,0.003931720391847193,-0.04666303098201752,0.24091701209545135,0.0019240081310272217,86.66488647460938,7.516463840229193e-11,-6.0711019544967826e-12,1.1746871564355388e-07,421.21368408203125,0.9342570304870605,0.9430215358734131,1.8773033618927002,1065.358154296875,0.0
228.5206298828125,0.0,247.5800018310547,248.0,-0.614437460899353,0.00019489417900331318,10.0,0.9998254776000977,0.9998254776000977,0.9998254776000977,0.002622118918225169,1.2000000424450263e-06,0.13089288771152496,498000.0,-0.0007119319052435458,-0.0018347871373407543,-0.20184649527072906,0.23642507195472717,-0.004491940140724182,86.82172393798828,6.305746202972529e-11,-1.2107176372566641e-11,-2.8928018309670733e-06,423.0835876464844,0.9339349269866943,0.9306933879852295,1.8646559715270996,1072.584228515625,0.0
228.46527099609375,0.0,247.5800018310547,249.0,-0.6148319244384766,3.756992373382673e-05,10.0,1.0001850128173828,1.0001850128173828,1.0001850128173828,0.001014991314150393,0.0,0.13084125518798828,500000.0,4.661539423977956e-05,0.0007585472994833253,-0.11760382354259491,0.23656442761421204,0.00013935565948486328,86.69820404052734,5.586479195907046e-11,-7.1926700706548274e-12,-4.480377356230747e-06,424.9584655761719,0.9404296875,0.9286906719207764,1.8691415786743164,1070.0101318359375,0.0
